gene_id	gene_name	number_of_cells_expressed
ENSG00000167996	FTH1	12242643
ENSG00000108654	DDX5	11645124
ENSG00000075624	ACTB	11500004
ENSG00000198804	MT-CO1	11200611
ENSG00000122566	HNRNPA2B1	11195064
ENSG00000080824	HSP90AA1	11128547
ENSG00000198938	MT-CO3	11092171
ENSG00000173812	EIF1	11021374
ENSG00000087086	FTL	10995539
ENSG00000136156	ITM2B	10957035
ENSG00000111640	GAPDH	10953216
ENSG00000198668	CALM1	10857381
ENSG00000187514	PTMA	10847143
ENSG00000189403	HMGB1	10829151
ENSG00000198712	MT-CO2	10690439
ENSG00000244754	N4BP2L2	10682074
ENSG00000167526	RPL13	10624017
ENSG00000100201	DDX17	10580770
ENSG00000198886	MT-ND4	10574195
ENSG00000147403	RPL10	10514888
ENSG00000198899	MT-ATP6	10458779
ENSG00000132424	PNISR	10452279
ENSG00000131051	RBM39	10448611
ENSG00000198727	MT-CYB	10406686
ENSG00000137818	RPLP1	10275042
ENSG00000205542	TMSB4X	10076272
ENSG00000197756	RPL37A	10028984
ENSG00000096384	HSP90AB1	10023499
ENSG00000115310	RTN4	10022457
ENSG00000159140	SON	10008979
ENSG00000152795	HNRNPDL	10006074
ENSG00000133112	TPT1	9984540
ENSG00000100650	SRSF5	9984211
ENSG00000156508	EEF1A1	9971392
ENSG00000108107	RPL28	9939084
ENSG00000109332	UBE2D3	9889740
ENSG00000087460	GNAS	9888475
ENSG00000099622	CIRBP	9879880
ENSG00000144713	RPL32	9876589
ENSG00000109475	RPL34	9872874
ENSG00000143947	RPS27A	9866964
ENSG00000150991	UBC	9847180
ENSG00000184009	ACTG1	9839993
ENSG00000134884	ARGLU1	9832705
ENSG00000115268	RPS15	9800452
ENSG00000122406	RPL5	9786019
ENSG00000138326	RPS24	9785450
ENSG00000174748	RPL15	9784998
ENSG00000142676	RPL11	9751031
ENSG00000118816	CCNI	9730861
ENSG00000198840	MT-ND3	9701361
ENSG00000171988	JMJD1C	9684376
ENSG00000142937	RPS8	9675866
ENSG00000070756	PABPC1	9667506
ENSG00000063177	RPL18	9643975
ENSG00000100354	TNRC6B	9643004
ENSG00000089009	RPL6	9628473
ENSG00000132475	H3-3B	9602218
ENSG00000149273	RPS3	9601053
ENSG00000164587	RPS14	9597695
ENSG00000188846	RPL14	9583120
ENSG00000198888	MT-ND1	9567897
ENSG00000145592	RPL37	9551707
ENSG00000100316	RPL3	9538311
ENSG00000122545	SEPTIN7	9517654
ENSG00000005483	KMT2E	9510347
ENSG00000092199	HNRNPC	9502131
ENSG00000152601	MBNL1	9474684
ENSG00000156482	RPL30	9466637
ENSG00000108298	RPL19	9407851
ENSG00000116754	SRSF11	9405095
ENSG00000177600	RPLP2	9393026
ENSG00000187109	NAP1L1	9374370
ENSG00000171863	RPS7	9361175
ENSG00000108848	LUC7L3	9342338
ENSG00000233927	RPS28	9339115
ENSG00000164924	YWHAZ	9325240
ENSG00000148303	RPL7A	9298737
ENSG00000198763	MT-ND2	9282352
ENSG00000161016	RPL8	9280171
ENSG00000133872	SARAF	9266890
ENSG00000034510	TMSB10	9264209
ENSG00000196531	NACA	9251525
ENSG00000198034	RPS4X	9209114
ENSG00000177954	RPS27	9191477
ENSG00000153187	HNRNPU	9189478
ENSG00000182899	RPL35A	9179678
ENSG00000109046	WSB1	9163200
ENSG00000112306	RPS12	9154473
ENSG00000105372	RPS19	9138064
ENSG00000117523	PRRC2C	9125705
ENSG00000167978	SRRM2	9118244
ENSG00000114391	RPL24	9112186
ENSG00000149806	FAU	9107642
ENSG00000162434	JAK1	9100884
ENSG00000186468	RPS23	9097846
ENSG00000131143	COX4I1	9038100
ENSG00000137154	RPS6	8996630
ENSG00000048740	CELF2	8966475
ENSG00000101745	ANKRD12	8958074
ENSG00000172757	CFL1	8955508
ENSG00000145425	RPS3A	8953119
ENSG00000122026	RPL21	8945381
ENSG00000162244	RPL29	8936929
ENSG00000127914	AKAP9	8921458
ENSG00000126777	KTN1	8902395
ENSG00000197746	PSAP	8880666
ENSG00000161970	RPL26	8874186
ENSG00000085224	ATRX	8872752
ENSG00000142541	RPL13A	8870718
ENSG00000168028	RPSA	8842208
ENSG00000229117	RPL41	8826892
ENSG00000156976	EIF4A2	8826864
ENSG00000127603	MACF1	8824672
ENSG00000140988	RPS2	8822912
ENSG00000089280	FUS	8812272
ENSG00000054267	ARID4B	8810541
ENSG00000113558	SKP1	8808513
ENSG00000049618	ARID1B	8794427
ENSG00000110700	RPS13	8780355
ENSG00000182670	TTC3	8766812
ENSG00000116560	SFPQ	8721940
ENSG00000213741	RPS29	8720320
ENSG00000130255	RPL36	8712167
ENSG00000169567	HINT1	8708514
ENSG00000163682	RPL9	8690136
ENSG00000115464	USP34	8688752
ENSG00000198755	RPL10A	8680621
ENSG00000005810	MYCBP2	8669535
ENSG00000116539	ASH1L	8662970
ENSG00000147649	MTDH	8633650
ENSG00000142599	RERE	8626295
ENSG00000170889	RPS9	8619097
ENSG00000185787	MORF4L1	8613139
ENSG00000166710	B2M	8595752
ENSG00000127184	COX7C	8582907
ENSG00000204628	RACK1	8579588
ENSG00000114857	NKTR	8578798
ENSG00000136942	RPL35	8577483
ENSG00000140319	SRP14	8576830
ENSG00000166913	YWHAB	8571860
ENSG00000131507	NDFIP1	8554065
ENSG00000113712	CSNK1A1	8549575
ENSG00000141027	NCOR1	8543213
ENSG00000177200	CHD9	8542156
ENSG00000139644	TMBIM6	8528107
ENSG00000196262	PPIA	8525692
ENSG00000075292	ZNF638	8520208
ENSG00000171735	CAMTA1	8508109
ENSG00000197111	PCBP2	8502572
ENSG00000092841	MYL6	8496363
ENSG00000008952	SEC62	8490137
ENSG00000168066	SF1	8472766
ENSG00000055609	KMT2C	8470688
ENSG00000105193	RPS16	8464693
ENSG00000070831	CDC42	8453376
ENSG00000114861	FOXP1	8446540
ENSG00000198242	RPL23A	8431469
ENSG00000077549	CAPZB	8418194
ENSG00000144674	GOLGA4	8410591
ENSG00000123349	PFDN5	8401457
ENSG00000118181	RPS25	8398452
ENSG00000119707	RBM25	8393331
ENSG00000115760	BIRC6	8392851
ENSG00000115977	AAK1	8390998
ENSG00000163466	ARPC2	8383715
ENSG00000067225	PKM	8360595
ENSG00000134419	RPS15A	8347424
ENSG00000123066	MED13L	8345084
ENSG00000167658	EEF2	8344354
ENSG00000172809	RPL38	8320091
ENSG00000170315	UBB	8320016
ENSG00000071082	RPL31	8319651
ENSG00000124831	LRRFIP1	8318026
ENSG00000117616	RSRP1	8312379
ENSG00000120071	KANSL1	8304155
ENSG00000171634	BPTF	8292472
ENSG00000105640	RPL18A	8290746
ENSG00000069275	NUCKS1	8286745
ENSG00000078674	PCM1	8280293
ENSG00000232112	TMA7	8277717
ENSG00000089220	PEBP1	8271267
ENSG00000197958	RPL12	8264217
ENSG00000189043	NDUFA4	8256859
ENSG00000164190	NIPBL	8247663
ENSG00000123416	TUBA1B	8239166
ENSG00000167283	ATP5MG	8238637
ENSG00000171858	RPS21	8233536
ENSG00000069667	RORA	8216681
ENSG00000165119	HNRNPK	8216656
ENSG00000156467	UQCRB	8213864
ENSG00000221983	UBA52	8207182
ENSG00000062194	GPBP1	8198224
ENSG00000140264	SERF2	8194508
ENSG00000181722	ZBTB20	8191045
ENSG00000169045	HNRNPH1	8190283
ENSG00000089157	RPLP0	8183320
ENSG00000147604	RPL7	8181712
ENSG00000135250	SRPK2	8176277
ENSG00000156639	ZFAND3	8171106
ENSG00000152061	RABGAP1L	8170171
ENSG00000173575	CHD2	8167293
ENSG00000198786	MT-ND5	8166960
ENSG00000101558	VAPA	8162670
ENSG00000231500	RPS18	8149277
ENSG00000007168	PAFAH1B1	8142731
ENSG00000170144	HNRNPA3	8140521
ENSG00000167522	ANKRD11	8119007
ENSG00000196405	EVL	8106793
ENSG00000129003	VPS13C	8097718
ENSG00000113387	SUB1	8088638
ENSG00000171530	TBCA	8086284
ENSG00000160584	SIK3	8086221
ENSG00000196776	CD47	8082500
ENSG00000142534	RPS11	8076126
ENSG00000083845	RPS5	8066637
ENSG00000141002	TCF25	8054053
ENSG00000120616	EPC1	8051539
ENSG00000151914	DST	8048282
ENSG00000146247	PHIP	8039326
ENSG00000143933	CALM2	8028652
ENSG00000004534	RBM6	8021750
ENSG00000188994	ZNF292	8007512
ENSG00000106052	TAX1BP1	7990138
ENSG00000142192	APP	7988818
ENSG00000138814	PPP3CA	7977552
ENSG00000104388	RAB2A	7973889
ENSG00000174444	RPL4	7939447
ENSG00000127483	HP1BP3	7931611
ENSG00000147548	NSD3	7925301
ENSG00000009307	CSDE1	7921648
ENSG00000101596	SMCHD1	7920729
ENSG00000079246	XRCC5	7918064
ENSG00000095787	WAC	7916595
ENSG00000110696	C11orf58	7916369
ENSG00000186566	GPATCH8	7907911
ENSG00000130522	JUND	7903796
ENSG00000144224	UBXN4	7901779
ENSG00000163539	CLASP2	7897630
ENSG00000090905	TNRC6A	7893181
ENSG00000104408	EIF3E	7892742
ENSG00000141298	SSH2	7890796
ENSG00000124788	ATXN1	7877758
ENSG00000220205	VAMP2	7876218
ENSG00000084676	NCOA1	7864595
ENSG00000075151	EIF4G3	7861133
ENSG00000164548	TRA2A	7857388
ENSG00000153310	CYRIB	7857325
ENSG00000115875	SRSF7	7846672
ENSG00000078369	GNB1	7846477
ENSG00000116251	RPL22	7836138
ENSG00000131469	RPL27	7835418
ENSG00000133226	SRRM1	7825558
ENSG00000133318	RTN3	7822936
ENSG00000060237	WNK1	7821076
ENSG00000145741	BTF3	7817752
ENSG00000131374	TBC1D5	7816873
ENSG00000131558	EXOC4	7816072
ENSG00000115306	SPTBN1	7811170
ENSG00000166441	RPL27A	7810100
ENSG00000106153	CHCHD2	7804272
ENSG00000131508	UBE2D2	7800320
ENSG00000132466	ANKRD17	7784293
ENSG00000125691	RPL23	7760399
ENSG00000139218	SCAF11	7751233
ENSG00000128585	MKLN1	7750085
ENSG00000164919	COX6C	7749550
ENSG00000130066	SAT1	7740147
ENSG00000158321	AUTS2	7733387
ENSG00000187239	FNBP1	7731843
ENSG00000104904	OAZ1	7729186
ENSG00000008988	RPS20	7727975
ENSG00000181163	NPM1	7716986
ENSG00000135090	TAOK3	7716176
ENSG00000204406	MBD5	7712374
ENSG00000133639	BTG1	7708878
ENSG00000058272	PPP1R12A	7705265
ENSG00000132485	ZRANB2	7704372
ENSG00000119048	UBE2B	7673922
ENSG00000131018	SYNE1	7664985
ENSG00000075785	RAB7A	7661935
ENSG00000198408	OGA	7661653
ENSG00000065978	YBX1	7659284
ENSG00000073921	PICALM	7656855
ENSG00000120742	SERP1	7648552
ENSG00000196683	TOMM7	7645449
ENSG00000177565	TBL1XR1	7645154
ENSG00000115419	GLS	7637643
ENSG00000124172	ATP5F1E	7632626
ENSG00000010244	ZNF207	7630814
ENSG00000112701	SENP6	7624098
ENSG00000166295	ANAPC16	7615057
ENSG00000110958	PTGES3	7603634
ENSG00000109971	HSPA8	7601588
ENSG00000173660	UQCRH	7588603
ENSG00000205581	HMGN1	7577969
ENSG00000185104	FAF1	7574906
ENSG00000135390	ATP5MC2	7566420
ENSG00000135655	USP15	7566210
ENSG00000143549	TPM3	7565771
ENSG00000067560	RHOA	7565658
ENSG00000171723	GPHN	7562188
ENSG00000104529	EEF1D	7557696
ENSG00000117020	AKT3	7555178
ENSG00000147677	EIF3H	7553554
ENSG00000138071	ACTR2	7551996
ENSG00000168137	SETD5	7550135
ENSG00000196199	MPHOSPH8	7540402
ENSG00000114331	ACAP2	7538853
ENSG00000103657	HERC1	7535442
ENSG00000090863	GLG1	7521367
ENSG00000156052	GNAQ	7507356
ENSG00000075415	SLC25A3	7502257
ENSG00000197728	RPS26	7500177
ENSG00000109180	OCIAD1	7497417
ENSG00000048649	RSF1	7493716
ENSG00000151150	ANK3	7493563
ENSG00000140262	TCF12	7486296
ENSG00000054523	KIF1B	7483447
ENSG00000145687	SSBP2	7480011
ENSG00000169398	PTK2	7470572
ENSG00000118058	KMT2A	7469894
ENSG00000116209	TMEM59	7468734
ENSG00000090060	PAPOLA	7460358
ENSG00000163399	ATP1A1	7458029
ENSG00000167552	TUBA1A	7455162
ENSG00000121741	ZMYM2	7444646
ENSG00000091039	OSBPL8	7443515
ENSG00000123636	BAZ2B	7441206
ENSG00000065883	CDK13	7435423
ENSG00000135541	AHI1	7434347
ENSG00000118007	STAG1	7433651
ENSG00000148700	ADD3	7431594
ENSG00000185658	BRWD1	7424215
ENSG00000089737	DDX24	7423828
ENSG00000132670	PTPRA	7414586
ENSG00000102908	NFAT5	7380857
ENSG00000129636	ITFG1	7373571
ENSG00000078304	PPP2R5C	7366803
ENSG00000052841	TTC17	7365489
ENSG00000070961	ATP2B1	7364238
ENSG00000115524	SF3B1	7349710
ENSG00000178982	EIF3K	7341790
ENSG00000196712	NF1	7339198
ENSG00000008294	SPAG9	7334565
ENSG00000113448	PDE4D	7333336
ENSG00000102804	TSC22D1	7328374
ENSG00000075413	MARK3	7326696
ENSG00000112531	QKI	7321779
ENSG00000104852	SNRNP70	7319958
ENSG00000072364	AFF4	7318114
ENSG00000113391	FAM172A	7316621
ENSG00000174373	RALGAPA1	7316495
ENSG00000009413	REV3L	7315746
ENSG00000164327	RICTOR	7315396
ENSG00000138668	HNRNPD	7314534
ENSG00000167468	GPX4	7314526
ENSG00000067900	ROCK1	7314267
ENSG00000179912	R3HDM2	7309875
ENSG00000055917	PUM2	7309201
ENSG00000108953	YWHAE	7306995
ENSG00000136238	RAC1	7297083
ENSG00000133812	SBF2	7296493
ENSG00000156110	ADK	7292539
ENSG00000134744	TUT4	7289240
ENSG00000074800	ENO1	7288395
ENSG00000147905	ZCCHC7	7282907
ENSG00000033800	PIAS1	7278166
ENSG00000010810	FYN	7274176
ENSG00000075711	DLG1	7271023
ENSG00000143774	GUK1	7268645
ENSG00000068305	MEF2A	7268527
ENSG00000150672	DLG2	7268134
ENSG00000075539	FRYL	7267433
ENSG00000127314	RAP1B	7265037
ENSG00000198589	LRBA	7247987
ENSG00000104517	UBR5	7247333
ENSG00000157764	BRAF	7243332
ENSG00000166233	ARIH1	7242525
ENSG00000198918	RPL39	7236586
ENSG00000143761	ARF1	7228492
ENSG00000118418	HMGN3	7227590
ENSG00000197102	DYNC1H1	7223837
ENSG00000082805	ERC1	7208165
ENSG00000139746	RBM26	7207846
ENSG00000071054	MAP4K4	7206422
ENSG00000113580	NR3C1	7200900
ENSG00000164830	OXR1	7195788
ENSG00000029363	BCLAF1	7193269
ENSG00000114062	UBE3A	7190371
ENSG00000080503	SMARCA2	7188343
ENSG00000142168	SOD1	7185363
ENSG00000178980	SELENOW	7182175
ENSG00000136527	TRA2B	7172577
ENSG00000165502	RPL36AL	7172035
ENSG00000265681	RPL17	7164003
ENSG00000084234	APLP2	7163136
ENSG00000062716	VMP1	7162993
ENSG00000088986	DYNLL1	7159392
ENSG00000110075	PPP6R3	7152266
ENSG00000053254	FOXN3	7151618
ENSG00000149311	ATM	7142469
ENSG00000135486	HNRNPA1	7139787
ENSG00000106443	PHF14	7134864
ENSG00000113269	RNF130	7130660
ENSG00000074054	CLASP1	7128838
ENSG00000082701	GSK3B	7127897
ENSG00000145743	FBXL17	7122853
ENSG00000166848	TERF2IP	7121499
ENSG00000161011	SQSTM1	7118188
ENSG00000118482	PHF3	7108504
ENSG00000143420	ENSA	7106903
ENSG00000138398	PPIG	7105508
ENSG00000138688	BLTP1	7097651
ENSG00000163714	U2SURP	7086405
ENSG00000181555	SETD2	7085812
ENSG00000149187	CELF1	7081508
ENSG00000182247	UBE2E2	7080371
ENSG00000087274	ADD1	7079774
ENSG00000187391	MAGI2	7079660
ENSG00000109920	FNBP4	7077455
ENSG00000099783	HNRNPM	7075194
ENSG00000145495	MARCHF6	7063999
ENSG00000065243	PKN2	7063454
ENSG00000144357	UBR3	7061474
ENSG00000157985	AGAP1	7051629
ENSG00000108100	CCNY	7043030
ENSG00000110321	EIF4G2	7040885
ENSG00000166598	HSP90B1	7036737
ENSG00000134308	YWHAQ	7034552
ENSG00000171862	PTEN	7032793
ENSG00000197694	SPTAN1	7029019
ENSG00000139793	MBNL2	7028293
ENSG00000144746	ARL6IP5	7027356
ENSG00000173120	KDM2A	7026556
ENSG00000170242	USP47	7025820
ENSG00000140386	SCAPER	7020043
ENSG00000132549	VPS13B	7016747
ENSG00000196628	TCF4	7015183
ENSG00000169714	CNBP	7009850
ENSG00000126267	COX6B1	7008259
ENSG00000142875	PRKACB	7007263
ENSG00000078140	UBE2K	7004984
ENSG00000145362	ANK2	7002888
ENSG00000143198	MGST3	7000557
ENSG00000152520	PAN3	6998036
ENSG00000144036	EXOC6B	6997511
ENSG00000099204	ABLIM1	6997448
ENSG00000061987	MON2	6993435
ENSG00000163660	CCNL1	6991210
ENSG00000204842	ATXN2	6973498
ENSG00000136888	ATP6V1G1	6973283
ENSG00000107223	EDF1	6971785
ENSG00000134644	PUM1	6971447
ENSG00000135940	COX5B	6969722
ENSG00000107771	CCSER2	6968913
ENSG00000143776	CDC42BPA	6966762
ENSG00000186153	WWOX	6947419
ENSG00000173726	TOMM20	6944092
ENSG00000123106	CCDC91	6942520
ENSG00000166012	TAF1D	6942021
ENSG00000141376	BCAS3	6936808
ENSG00000115355	CCDC88A	6935585
ENSG00000257103	LSM14A	6930532
ENSG00000107077	KDM4C	6921733
ENSG00000104964	TLE5	6920071
ENSG00000111669	TPI1	6919647
ENSG00000185420	SMYD3	6918358
ENSG00000175161	CADM2	6918107
ENSG00000153827	TRIP12	6917120
ENSG00000198900	TOP1	6912247
ENSG00000148634	HERC4	6911061
ENSG00000125868	DSTN	6907019
ENSG00000174485	DENND4A	6903651
ENSG00000166326	TRIM44	6903302
ENSG00000143669	LYST	6899348
ENSG00000054118	THRAP3	6888486
ENSG00000157540	DYRK1A	6883372
ENSG00000168214	RBPJ	6882165
ENSG00000140396	NCOA2	6876436
ENSG00000063046	EIF4B	6875629
ENSG00000186591	UBE2H	6871694
ENSG00000145675	PIK3R1	6869348
ENSG00000141627	DYM	6867298
ENSG00000125534	PPDPF	6863008
ENSG00000093167	LRRFIP2	6861627
ENSG00000160551	TAOK1	6859934
ENSG00000111596	CNOT2	6857699
ENSG00000147274	RBMX	6854562
ENSG00000023287	RB1CC1	6852805
ENSG00000112695	COX7A2	6851370
ENSG00000163848	ZNF148	6848340
ENSG00000108518	PFN1	6844320
ENSG00000082996	RNF13	6841802
ENSG00000118680	MYL12B	6838462
ENSG00000092148	HECTD1	6836433
ENSG00000198399	ITSN2	6832200
ENSG00000257923	CUX1	6831407
ENSG00000138081	FBXO11	6828390
ENSG00000100380	ST13	6824508
ENSG00000137776	SLTM	6824212
ENSG00000163041	H3-3A	6819426
ENSG00000116473	RAP1A	6817464
ENSG00000197956	S100A6	6812542
ENSG00000056097	ZFR	6810559
ENSG00000263001	GTF2I	6807949
ENSG00000145012	LPP	6804311
ENSG00000047849	MAP4	6797893
ENSG00000121892	PDS5A	6796327
ENSG00000150347	ARID5B	6795783
ENSG00000134480	CCNH	6784508
ENSG00000143442	POGZ	6783419
ENSG00000114439	BBX	6778898
ENSG00000130638	ATXN10	6778179
ENSG00000078403	MLLT10	6773802
ENSG00000114942	EEF1B2	6770147
ENSG00000018189	RUFY3	6769773
ENSG00000092964	DPYSL2	6768505
ENSG00000100664	EIF5	6765750
ENSG00000145349	CAMK2D	6762982
ENSG00000182985	CADM1	6762268
ENSG00000140718	FTO	6761755
ENSG00000197555	SIPA1L1	6759978
ENSG00000198382	UVRAG	6758801
ENSG00000170634	ACYP2	6758174
ENSG00000038382	TRIO	6757879
ENSG00000197157	SND1	6756377
ENSG00000198961	PJA2	6746193
ENSG00000066933	MYO9A	6744448
ENSG00000184903	IMMP2L	6742813
ENSG00000153944	MSI2	6741573
ENSG00000135837	CEP350	6740855
ENSG00000122482	ZNF644	6738678
ENSG00000102531	FNDC3A	6738203
ENSG00000161547	SRSF2	6731036
ENSG00000066777	ARFGEF1	6730171
ENSG00000196233	LCOR	6727623
ENSG00000167004	PDIA3	6727503
ENSG00000103769	RAB11A	6725418
ENSG00000168300	PCMTD1	6723351
ENSG00000134851	TMEM165	6722059
ENSG00000146278	PNRC1	6720870
ENSG00000107863	ARHGAP21	6716219
ENSG00000158985	CDC42SE2	6715540
ENSG00000124614	RPS10	6714595
ENSG00000165671	NSD1	6714593
ENSG00000156475	PPP2R2B	6712784
ENSG00000008083	JARID2	6708654
ENSG00000066084	DIP2B	6705552
ENSG00000111897	SERINC1	6703381
ENSG00000114127	XRN1	6702889
ENSG00000168216	LMBRD1	6702318
ENSG00000113742	CPEB4	6696601
ENSG00000206503	HLA-A	6692758
ENSG00000135968	GCC2	6691342
ENSG00000164808	SPIDR	6685193
ENSG00000175582	RAB6A	6678090
ENSG00000169554	ZEB2	6676186
ENSG00000109381	ELF2	6674695
ENSG00000163625	WDFY3	6669669
ENSG00000188243	COMMD6	6669271
ENSG00000168036	CTNNB1	6665563
ENSG00000121774	KHDRBS1	6664793
ENSG00000024048	UBR2	6659135
ENSG00000114416	FXR1	6659058
ENSG00000138430	OLA1	6657906
ENSG00000112739	PRPF4B	6652958
ENSG00000129625	REEP5	6648637
ENSG00000130449	ZSWIM6	6648051
ENSG00000138069	RAB1A	6646397
ENSG00000173273	TNKS	6639954
ENSG00000141367	CLTC	6636130
ENSG00000143207	COP1	6632043
ENSG00000084733	RAB10	6619846
ENSG00000124177	CHD6	6618905
ENSG00000141279	NPEPPS	6618560
ENSG00000143153	ATP1B1	6617879
ENSG00000102910	LONP2	6612254
ENSG00000270647	TAF15	6610979
ENSG00000120727	PAIP2	6608854
ENSG00000147526	TACC1	6592814
ENSG00000102144	PGK1	6587221
ENSG00000204525	HLA-C	6584482
ENSG00000115904	SOS1	6583578
ENSG00000112335	SNX3	6581663
ENSG00000052126	PLEKHA5	6569040
ENSG00000198625	MDM4	6568057
ENSG00000153317	ASAP1	6566524
ENSG00000180357	ZNF609	6565956
ENSG00000012983	MAP4K5	6564363
ENSG00000127022	CANX	6560493
ENSG00000100731	PCNX1	6558922
ENSG00000164985	PSIP1	6557743
ENSG00000173889	PHC3	6557516
ENSG00000001629	ANKIB1	6555397
ENSG00000151276	MAGI1	6550264
ENSG00000134313	KIDINS220	6546970
ENSG00000107341	UBE2R2	6545711
ENSG00000105993	DNAJB6	6545631
ENSG00000078687	TNRC6C	6544250
ENSG00000110367	DDX6	6543925
ENSG00000115091	ACTR3	6535947
ENSG00000088179	PTPN4	6534292
ENSG00000111716	LDHB	6533403
ENSG00000103363	ELOB	6529220
ENSG00000165525	NEMF	6529219
ENSG00000145819	ARHGAP26	6525566
ENSG00000140575	IQGAP1	6525031
ENSG00000151532	VTI1A	6520393
ENSG00000112081	SRSF3	6518267
ENSG00000156831	NSMCE2	6517796
ENSG00000184226	PCDH9	6516601
ENSG00000135049	AGTPBP1	6516251
ENSG00000172915	NBEA	6515817
ENSG00000145996	CDKAL1	6510711
ENSG00000137845	ADAM10	6506048
ENSG00000234745	HLA-B	6505960
ENSG00000104067	TJP1	6505678
ENSG00000241343	RPL36A	6505592
ENSG00000106554	CHCHD3	6504058
ENSG00000153707	PTPRD	6503422
ENSG00000198586	TLK1	6501167
ENSG00000255302	EID1	6500670
ENSG00000154310	TNIK	6497831
ENSG00000078618	NRDC	6497828
ENSG00000183049	CAMK1D	6497587
ENSG00000135525	MAP7	6494089
ENSG00000156650	KAT6B	6490601
ENSG00000131711	MAP1B	6488789
ENSG00000140443	IGF1R	6487207
ENSG00000010404	IDS	6486527
ENSG00000170776	AKAP13	6484173
ENSG00000109670	FBXW7	6482476
ENSG00000117335	CD46	6481159
ENSG00000198265	HELZ	6480789
ENSG00000173230	GOLGB1	6479118
ENSG00000155903	RASA2	6478802
ENSG00000215301	DDX3X	6477359
ENSG00000064042	LIMCH1	6476485
ENSG00000120963	ZNF706	6474883
ENSG00000185565	LSAMP	6472219
ENSG00000123562	MORF4L2	6470305
ENSG00000166501	PRKCB	6467923
ENSG00000154001	PPP2R5E	6467843
ENSG00000112851	ERBIN	6464173
ENSG00000169020	ATP5ME	6460375
ENSG00000253729	PRKDC	6454789
ENSG00000116350	SRSF4	6453487
ENSG00000173064	HECTD4	6449039
ENSG00000158019	BABAM2	6447400
ENSG00000119335	SET	6447082
ENSG00000138698	RAP1GDS1	6444903
ENSG00000184588	PDE4B	6444891
ENSG00000160014	CALM3	6444696
ENSG00000082898	XPO1	6444462
ENSG00000157106	SMG1	6443051
ENSG00000166974	MAPRE2	6442290
ENSG00000077254	USP33	6442165
ENSG00000197535	MYO5A	6442142
ENSG00000196586	MYO6	6437326
ENSG00000136758	YME1L1	6430391
ENSG00000189283	FHIT	6430126
ENSG00000118689	FOXO3	6429622
ENSG00000101182	PSMA7	6429255
ENSG00000168675	LDLRAD4	6427144
ENSG00000163728	TTC14	6426512
ENSG00000198947	DMD	6425940
ENSG00000110955	ATP5F1B	6421705
ENSG00000165487	MICU2	6418587
ENSG00000102606	ARHGEF7	6417444
ENSG00000135365	PHF21A	6416925
ENSG00000111912	NCOA7	6415669
ENSG00000147162	OGT	6414872
ENSG00000172260	NEGR1	6413939
ENSG00000180628	PCGF5	6413182
ENSG00000188529	SRSF10	6410122
ENSG00000173915	ATP5MK	6405877
ENSG00000183826	BTBD9	6405606
ENSG00000121390	PSPC1	6403180
ENSG00000126070	AGO3	6402506
ENSG00000036257	CUL3	6401366
ENSG00000149294	NCAM1	6401325
ENSG00000104765	BNIP3L	6400611
ENSG00000113732	ATP6V0E1	6400391
ENSG00000145715	RASA1	6399632
ENSG00000108424	KPNB1	6399365
ENSG00000171867	PRNP	6397669
ENSG00000151422	FER	6396952
ENSG00000127922	SEM1	6393697
ENSG00000142864	SERBP1	6390044
ENSG00000168610	STAT3	6388065
ENSG00000157827	FMNL2	6387482
ENSG00000048991	R3HDM1	6387138
ENSG00000206560	ANKRD28	6385246
ENSG00000168172	HOOK3	6381084
ENSG00000122705	CLTA	6376452
ENSG00000101654	RNMT	6375839
ENSG00000143190	POU2F1	6373972
ENSG00000083642	PDS5B	6373470
ENSG00000105220	GPI	6372655
ENSG00000117410	ATP6V0B	6366571
ENSG00000172270	BSG	6365819
ENSG00000088448	ANKRD10	6365543
ENSG00000011295	TTC19	6363304
ENSG00000169967	MAP3K2	6362419
ENSG00000204120	GIGYF2	6361867
ENSG00000069849	ATP1B3	6361580
ENSG00000118363	SPCS2	6360222
ENSG00000185345	PRKN	6356096
ENSG00000013441	CLK1	6354500
ENSG00000111371	SLC38A1	6354463
ENSG00000196914	ARHGEF12	6354145
ENSG00000145734	BDP1	6351827
ENSG00000204217	BMPR2	6348348
ENSG00000109756	RAPGEF2	6346088
ENSG00000082068	WDR70	6344316
ENSG00000111605	CPSF6	6343045
ENSG00000119522	DENND1A	6342286
ENSG00000054282	SDCCAG8	6341304
ENSG00000197959	DNM3	6338340
ENSG00000124406	ATP8A1	6335781
ENSG00000198162	MAN1A2	6334712
ENSG00000005339	CREBBP	6332271
ENSG00000198964	SGMS1	6331345
ENSG00000107643	MAPK8	6330708
ENSG00000116489	CAPZA1	6328961
ENSG00000117859	OSBPL9	6327784
ENSG00000145833	DDX46	6326248
ENSG00000080298	RFX3	6324896
ENSG00000100697	DICER1	6324812
ENSG00000131171	SH3BGRL	6323407
ENSG00000172264	MACROD2	6320906
ENSG00000137409	MTCH1	6318959
ENSG00000111229	ARPC3	6318921
ENSG00000003756	RBM5	6318415
ENSG00000130779	CLIP1	6318004
ENSG00000117569	PTBP2	6316393
ENSG00000174501	ANKRD36C	6316064
ENSG00000100941	PNN	6315739
ENSG00000108510	MED13	6313286
ENSG00000115504	EHBP1	6312351
ENSG00000125676	THOC2	6311863
ENSG00000171223	JUNB	6310676
ENSG00000108669	CYTH1	6309701
ENSG00000153814	JAZF1	6308395
ENSG00000090266	NDUFB2	6308020
ENSG00000198363	ASPH	6306979
ENSG00000163939	PBRM1	6300429
ENSG00000164329	TENT2	6296081
ENSG00000156642	NPTN	6282759
ENSG00000168653	NDUFS5	6280118
ENSG00000048707	VPS13D	6278593
ENSG00000196284	SUPT3H	6277053
ENSG00000029725	RABEP1	6276263
ENSG00000198898	CAPZA2	6275159
ENSG00000185630	PBX1	6274401
ENSG00000011566	MAP4K3	6273481
ENSG00000080802	CNOT4	6272831
ENSG00000140740	UQCRC2	6272809
ENSG00000128512	DOCK4	6272496
ENSG00000151320	AKAP6	6271708
ENSG00000172765	TMCC1	6270181
ENSG00000134283	PPHLN1	6269150
ENSG00000105223	PLD3	6268786
ENSG00000127540	UQCR11	6268546
ENSG00000116731	PRDM2	6267843
ENSG00000166734	GOLM2	6267799
ENSG00000083168	KAT6A	6267173
ENSG00000137478	FCHSD2	6262663
ENSG00000188612	SUMO2	6260246
ENSG00000175115	PACS1	6257874
ENSG00000182667	NTM	6257384
ENSG00000180817	PPA1	6256883
ENSG00000142669	SH3BGRL3	6256440
ENSG00000184863	RBM33	6252783
ENSG00000134882	UBAC2	6252567
ENSG00000109339	MAPK10	6248055
ENSG00000101040	ZMYND8	6245750
ENSG00000172869	DMXL1	6239838
ENSG00000115053	NCL	6238729
ENSG00000182944	EWSR1	6237485
ENSG00000100030	MAPK1	6235422
ENSG00000111011	RSRC2	6234636
ENSG00000164506	STXBP5	6234437
ENSG00000205937	RNPS1	6234417
ENSG00000170759	KIF5B	6233855
ENSG00000213639	PPP1CB	6231127
ENSG00000151240	DIP2C	6230873
ENSG00000135976	ANKRD36	6227317
ENSG00000083312	TNPO1	6226691
ENSG00000115839	RAB3GAP1	6226691
ENSG00000166165	CKB	6226374
ENSG00000102763	VWA8	6222503
ENSG00000136709	WDR33	6219362
ENSG00000157837	SPPL3	6218324
ENSG00000151779	NBAS	6215773
ENSG00000138757	G3BP2	6214399
ENSG00000138032	PPM1B	6212790
ENSG00000141867	BRD4	6207201
ENSG00000075391	RASAL2	6207081
ENSG00000134333	LDHA	6206944
ENSG00000151474	FRMD4A	6206895
ENSG00000087470	DNM1L	6204950
ENSG00000143951	WDPCP	6204387
ENSG00000170248	PDCD6IP	6201105
ENSG00000117868	ESYT2	6200602
ENSG00000031003	FAM13B	6198646
ENSG00000154723	ATP5PF	6198144
ENSG00000123983	ACSL3	6187433
ENSG00000078747	ITCH	6187381
ENSG00000160310	PRMT2	6183668
ENSG00000100592	DAAM1	6183615
ENSG00000112305	SMAP1	6182213
ENSG00000077157	PPP1R12B	6181936
ENSG00000100852	ARHGAP5	6181549
ENSG00000085832	EPS15	6181260
ENSG00000028203	VEZT	6180118
ENSG00000168385	SEPTIN2	6179971
ENSG00000100387	RBX1	6177677
ENSG00000112249	ASCC3	6169576
ENSG00000114902	SPCS1	6167260
ENSG00000101972	STAG2	6165237
ENSG00000138443	ABI2	6165149
ENSG00000147010	SH3KBP1	6163512
ENSG00000114126	TFDP2	6163135
ENSG00000073803	MAP3K13	6159515
ENSG00000011454	RABGAP1	6157355
ENSG00000169062	UPF3A	6157171
ENSG00000105176	URI1	6156978
ENSG00000173163	COMMD1	6154695
ENSG00000185046	ANKS1B	6154554
ENSG00000021645	NRXN3	6153179
ENSG00000077380	DYNC1I2	6152918
ENSG00000038219	BOD1L1	6152908
ENSG00000197323	TRIM33	6151406
ENSG00000170921	TANC2	6149213
ENSG00000100239	PPP6R2	6148220
ENSG00000134318	ROCK2	6145970
ENSG00000171603	CLSTN1	6145818
ENSG00000221914	PPP2R2A	6145287
ENSG00000241973	PI4KA	6145122
ENSG00000108946	PRKAR1A	6142279
ENSG00000185883	ATP6V0C	6140601
ENSG00000006125	AP2B1	6137646
ENSG00000177885	GRB2	6137151
ENSG00000155849	ELMO1	6136332
ENSG00000144283	PKP4	6135187
ENSG00000177570	SAMD12	6132402
ENSG00000198258	UBL5	6129834
ENSG00000136770	DNAJC1	6128859
ENSG00000134982	APC	6128053
ENSG00000146457	WTAP	6127963
ENSG00000067082	KLF6	6127723
ENSG00000164597	COG5	6125581
ENSG00000014641	MDH1	6121260
ENSG00000143924	EML4	6120558
ENSG00000163681	SLMAP	6118067
ENSG00000164031	DNAJB14	6116950
ENSG00000130414	NDUFA10	6114343
ENSG00000146414	SHPRH	6110986
ENSG00000177606	JUN	6109104
ENSG00000096746	HNRNPH3	6108362
ENSG00000091157	WDR7	6107984
ENSG00000163162	RNF149	6107961
ENSG00000169760	NLGN1	6107454
ENSG00000088538	DOCK3	6106691
ENSG00000125944	HNRNPR	6100758
ENSG00000174437	ATP2A2	6100217
ENSG00000115944	COX7A2L	6099993
ENSG00000138674	SEC31A	6097685
ENSG00000197601	FAR1	6096216
ENSG00000170035	UBE2E3	6096054
ENSG00000150459	SAP18	6095916
ENSG00000175390	EIF3F	6092914
ENSG00000156411	ATP5MJ	6091103
ENSG00000092108	SCFD1	6091011
ENSG00000150093	ITGB1	6090067
ENSG00000118473	SGIP1	6086858
ENSG00000113648	MACROH2A1	6086075
ENSG00000205531	NAP1L4	6085671
ENSG00000114796	KLHL24	6083521
ENSG00000040341	STAU2	6081881
ENSG00000122218	COPA	6081019
ENSG00000184305	CCSER1	6079670
ENSG00000137815	RTF1	6079006
ENSG00000184076	UQCR10	6078628
ENSG00000136754	ABI1	6078422
ENSG00000017260	ATP2C1	6077227
ENSG00000196504	PRPF40A	6074470
ENSG00000163125	RPRD2	6072914
ENSG00000070214	SLC44A1	6071642
ENSG00000146463	ZMYM4	6069790
ENSG00000055163	CYFIP2	6069467
ENSG00000146416	AIG1	6069123
ENSG00000107581	EIF3A	6068991
ENSG00000107290	SETX	6065551
ENSG00000148516	ZEB1	6065159
ENSG00000113013	HSPA9	6059510
ENSG00000102893	PHKB	6059413
ENSG00000008018	PSMB1	6058996
ENSG00000034713	GABARAPL2	6058993
ENSG00000217128	FNIP1	6058796
ENSG00000187257	RSBN1L	6057606
ENSG00000196792	STRN3	6052185
ENSG00000061676	NCKAP1	6049116
ENSG00000132341	RAN	6045684
ENSG00000144426	NBEAL1	6045309
ENSG00000139163	ETNK1	6045007
ENSG00000139220	PPFIA2	6042853
ENSG00000086758	HUWE1	6042604
ENSG00000076685	NT5C2	6042203
ENSG00000130340	SNX9	6039981
ENSG00000129292	PHF20L1	6039458
ENSG00000171132	PRKCE	6038918
ENSG00000138777	PPA2	6037809
ENSG00000101109	STK4	6037072
ENSG00000141447	OSBPL1A	6033597
ENSG00000171456	ASXL1	6033171
ENSG00000153922	CHD1	6029365
ENSG00000086061	DNAJA1	6027738
ENSG00000175198	PCCA	6026788
ENSG00000137871	ZNF280D	6023374
ENSG00000161960	EIF4A1	6019329
ENSG00000150593	PDCD4	6019298
ENSG00000198815	FOXJ3	6018431
ENSG00000114120	SLC25A36	6014954
ENSG00000033170	FUT8	6014500
ENSG00000167632	TRAPPC9	6014415
ENSG00000154229	PRKCA	6014188
ENSG00000182196	ARL6IP4	6010331
ENSG00000188641	DPYD	6010276
ENSG00000129084	PSMA1	6009926
ENSG00000189337	KAZN	6005126
ENSG00000122257	RBBP6	6004416
ENSG00000107745	MICU1	6001971
ENSG00000174953	DHX36	6001246
ENSG00000089053	ANAPC5	6000988
ENSG00000152234	ATP5F1A	5994092
ENSG00000171681	ATF7IP	5992788
ENSG00000099624	ATP5F1D	5992159
ENSG00000183354	KIAA2026	5992113
ENSG00000020426	MNAT1	5991292
ENSG00000169862	CTNND2	5991249
ENSG00000054611	TBC1D22A	5989737
ENSG00000067715	SYT1	5988570
ENSG00000153815	CMIP	5986358
ENSG00000134152	KATNBL1	5986207
ENSG00000047410	TPR	5985858
ENSG00000100503	NIN	5985420
ENSG00000081154	PCNP	5983327
ENSG00000107372	ZFAND5	5976782
ENSG00000124486	USP9X	5976086
ENSG00000180370	PAK2	5973720
ENSG00000048052	HDAC9	5973291
ENSG00000133030	MPRIP	5973155
ENSG00000168785	TSPAN5	5970208
ENSG00000077147	TM9SF3	5967827
ENSG00000116288	PARK7	5965665
ENSG00000100644	HIF1A	5963164
ENSG00000144711	IQSEC1	5962532
ENSG00000145416	MARCHF1	5962422
ENSG00000109654	TRIM2	5960900
ENSG00000135298	ADGRB3	5960834
ENSG00000010818	HIVEP2	5960748
ENSG00000125356	NDUFA1	5960435
ENSG00000138095	LRPPRC	5957543
ENSG00000120594	PLXDC2	5956297
ENSG00000073614	KDM5A	5951226
ENSG00000171843	MLLT3	5950301
ENSG00000100154	TTC28	5949946
ENSG00000139116	KIF21A	5949883
ENSG00000198677	SKIC3	5948277
ENSG00000156011	PSD3	5947022
ENSG00000083535	PIBF1	5946735
ENSG00000123684	LPGAT1	5946694
ENSG00000083896	YTHDC1	5946096
ENSG00000145860	RNF145	5943291
ENSG00000107864	CPEB3	5942037
ENSG00000154122	ANKH	5940857
ENSG00000183291	SELENOF	5940216
ENSG00000138101	DTNB	5940128
ENSG00000291237	SOD2	5934342
ENSG00000185305	ARL15	5930070
ENSG00000182197	EXT1	5929564
ENSG00000078699	CBFA2T2	5927829
ENSG00000152082	MZT2B	5924381
ENSG00000168702	LRP1B	5922336
ENSG00000101126	ADNP	5920127
ENSG00000126214	KLC1	5919583
ENSG00000048471	SNX29	5919155
ENSG00000112137	PHACTR1	5918253
ENSG00000204592	HLA-E	5918162
ENSG00000088387	DOCK9	5918103
ENSG00000054965	FAM168A	5912672
ENSG00000032219	ARID4A	5910708
ENSG00000135870	RC3H1	5910516
ENSG00000185946	RNPC3	5909687
ENSG00000039319	ZFYVE16	5909247
ENSG00000046653	GPM6B	5908841
ENSG00000137642	SORL1	5907828
ENSG00000153201	RANBP2	5906382
ENSG00000132294	EFR3A	5906246
ENSG00000122417	ODF2L	5904038
ENSG00000177311	ZBTB38	5901691
ENSG00000197548	ATG7	5900085
ENSG00000067208	EVI5	5894463
ENSG00000078018	MAP2	5894140
ENSG00000106723	SPIN1	5891614
ENSG00000079819	EPB41L2	5886729
ENSG00000100320	RBFOX2	5886664
ENSG00000122507	BBS9	5885443
ENSG00000166266	CUL5	5885251
ENSG00000065559	MAP2K4	5883840
ENSG00000196419	XRCC6	5882634
ENSG00000033627	ATP6V0A1	5881653
ENSG00000133961	NUMB	5881421
ENSG00000139154	AEBP2	5881198
ENSG00000108306	FBXL20	5881026
ENSG00000147050	KDM6A	5878918
ENSG00000048828	FAM120A	5878390
ENSG00000111860	CEP85L	5874529
ENSG00000166833	NAV2	5873813
ENSG00000144381	HSPD1	5871234
ENSG00000123200	ZC3H13	5869629
ENSG00000213079	SCAF8	5869555
ENSG00000106615	RHEB	5869171
ENSG00000158528	PPP1R9A	5867872
ENSG00000145348	TBCK	5867447
ENSG00000065526	SPEN	5866009
ENSG00000170871	KIAA0232	5865672
ENSG00000135404	CD63	5864777
ENSG00000081189	MEF2C	5863496
ENSG00000240972	MIF	5862955
ENSG00000173821	RNF213	5862558
ENSG00000034677	RNF19A	5861260
ENSG00000166377	ATP9B	5858918
ENSG00000140941	MAP1LC3B	5854640
ENSG00000009335	UBE3C	5853823
ENSG00000159459	UBR1	5853052
ENSG00000010803	SCMH1	5852656
ENSG00000075568	TMEM131	5849592
ENSG00000144560	VGLL4	5847298
ENSG00000072803	FBXW11	5844564
ENSG00000153914	SREK1	5844032
ENSG00000161203	AP2M1	5841989
ENSG00000139910	NOVA1	5841086
ENSG00000100393	EP300	5834297
ENSG00000130402	ACTN4	5834067
ENSG00000138593	SECISBP2L	5834018
ENSG00000146963	LUC7L2	5833648
ENSG00000106829	TLE4	5832789
ENSG00000197971	MBP	5832292
ENSG00000169764	UGP2	5831368
ENSG00000138078	PREPL	5831280
ENSG00000090238	YPEL3	5827768
ENSG00000134294	SLC38A2	5822932
ENSG00000184007	PTP4A2	5820444
ENSG00000134909	ARHGAP32	5820388
ENSG00000166794	PPIB	5819091
ENSG00000112200	ZNF451	5818627
ENSG00000154518	ATP5MC3	5818264
ENSG00000212907	MT-ND4L	5814580
ENSG00000097033	SH3GLB1	5812411
ENSG00000109472	CPE	5812073
ENSG00000057608	GDI2	5810460
ENSG00000147044	CASK	5808132
ENSG00000169564	PCBP1	5805889
ENSG00000160710	ADAR	5804703
ENSG00000025293	PHF20	5803686
ENSG00000182621	PLCB1	5803502
ENSG00000139687	RB1	5802974
ENSG00000176390	CRLF3	5802539
ENSG00000117450	PRDX1	5801503
ENSG00000087095	NLK	5800333
ENSG00000173692	PSMD1	5799339
ENSG00000172115	CYCS	5799204
ENSG00000196588	MRTFA	5795481
ENSG00000077097	TOP2B	5795109
ENSG00000116171	SCP2	5794980
ENSG00000213585	VDAC1	5793107
ENSG00000173473	SMARCC1	5792986
ENSG00000168958	MFF	5790042
ENSG00000154265	ABCA5	5789994
ENSG00000179889	PDXDC1	5788740
ENSG00000164032	H2AZ1	5788594
ENSG00000134769	DTNA	5788240
ENSG00000159023	EPB41	5787681
ENSG00000170456	DENND5B	5787255
ENSG00000107758	PPP3CB	5786312
ENSG00000143614	GATAD2B	5785631
ENSG00000118564	FBXL5	5784799
ENSG00000113649	TCERG1	5784136
ENSG00000198887	SMC5	5782060
ENSG00000175387	SMAD2	5781516
ENSG00000205268	PDE7A	5778264
ENSG00000170296	GABARAP	5775028
ENSG00000157514	TSC22D3	5774927
ENSG00000198911	SREBF2	5771729
ENSG00000122042	UBL3	5770454
ENSG00000173744	AGFG1	5768247
ENSG00000090686	USP48	5764489
ENSG00000228474	OST4	5762518
ENSG00000120910	PPP3CC	5762384
ENSG00000065548	ZC3H15	5762368
ENSG00000198648	STK39	5761668
ENSG00000088854	DNAAF9	5761334
ENSG00000120885	CLU	5760412
ENSG00000149925	ALDOA	5759711
ENSG00000130939	UBE4B	5759324
ENSG00000158987	RAPGEF6	5758631
ENSG00000132963	POMP	5758152
ENSG00000103479	RBL2	5757994
ENSG00000100129	EIF3L	5756361
ENSG00000118200	CAMSAP2	5755246
ENSG00000150625	GPM6A	5755020
ENSG00000155506	LARP1	5752878
ENSG00000120129	DUSP1	5752424
ENSG00000117713	ARID1A	5749420
ENSG00000130396	AFDN	5748434
ENSG00000265491	RNF115	5745968
ENSG00000151746	BICD1	5743857
ENSG00000068878	PSME4	5742684
ENSG00000165209	STRBP	5740747
ENSG00000174891	RSRC1	5740641
ENSG00000177189	RPS6KA3	5740536
ENSG00000084070	SMAP2	5740493
ENSG00000187742	SECISBP2	5739680
ENSG00000198830	HMGN2	5738657
ENSG00000127124	HIVEP3	5738472
ENSG00000137764	MAP2K5	5737205
ENSG00000084207	GSTP1	5736928
ENSG00000184220	CMSS1	5736442
ENSG00000047188	YTHDC2	5733084
ENSG00000088930	XRN2	5732211
ENSG00000065413	ANKRD44	5730794
ENSG00000144724	PTPRG	5728784
ENSG00000135317	SNX14	5728395
ENSG00000105401	CDC37	5727463
ENSG00000158417	EIF5B	5727159
ENSG00000230124	ACBD6	5726990
ENSG00000154217	PITPNC1	5724368
ENSG00000179218	CALR	5723782
ENSG00000166167	BTRC	5723041
ENSG00000170832	USP32	5722940
ENSG00000106261	ZKSCAN1	5722568
ENSG00000102317	RBM3	5721710
ENSG00000145982	FARS2	5720835
ENSG00000128731	HERC2	5718538
ENSG00000186010	NDUFA13	5713643
ENSG00000153250	RBMS1	5712983
ENSG00000113163	CERT1	5712497
ENSG00000176406	RIMS2	5706517
ENSG00000128245	YWHAH	5706339
ENSG00000107669	ATE1	5704102
ENSG00000105701	FKBP8	5703485
ENSG00000120265	PCMT1	5702084
ENSG00000163697	APBB2	5701679
ENSG00000185774	KCNIP4	5700804
ENSG00000176340	COX8A	5700714
ENSG00000151623	NR3C2	5697663
ENSG00000119487	MAPKAP1	5695752
ENSG00000204138	PHACTR4	5692957
ENSG00000144218	AFF3	5691439
ENSG00000169100	SLC25A6_ENSG00000169100	5689649
ENSG00000154556	SORBS2	5689046
ENSG00000165629	ATP5F1C	5687912
ENSG00000186001	LRCH3	5687154
ENSG00000187231	SESTD1	5685186
ENSG00000104763	ASAH1	5684658
ENSG00000173674	EIF1AX	5683633
ENSG00000176463	SLCO3A1	5683440
ENSG00000170145	SIK2	5681349
ENSG00000205726	ITSN1	5681278
ENSG00000167232	ZNF91	5680476
ENSG00000197969	VPS13A	5678477
ENSG00000175806	MSRA	5675726
ENSG00000181090	EHMT1	5674962
ENSG00000119318	RAD23B	5674916
ENSG00000117000	RLF	5673538
ENSG00000100836	PABPN1	5672744
ENSG00000141252	VPS53	5670696
ENSG00000183283	DAZAP2	5670400
ENSG00000107854	TNKS2	5670290
ENSG00000111731	C2CD5	5669336
ENSG00000116044	NFE2L2	5667424
ENSG00000137941	TTLL7	5666341
ENSG00000179915	NRXN1	5666054
ENSG00000004897	CDC27	5665751
ENSG00000136536	MARCHF7	5665086
ENSG00000165995	CACNB2	5662988
ENSG00000148120	AOPEP	5655489
ENSG00000188559	RALGAPA2	5655336
ENSG00000073910	FRY	5653625
ENSG00000196220	SRGAP3	5653555
ENSG00000067798	NAV3	5651889
ENSG00000173517	PEAK1	5651004
ENSG00000119596	YLPM1	5650310
ENSG00000198160	MIER1	5650021
ENSG00000123505	AMD1	5648224
ENSG00000125743	SNRPD2	5647776
ENSG00000026025	VIM	5644858
ENSG00000114423	CBLB	5641734
ENSG00000015171	ZMYND11	5641440
ENSG00000114098	ARMC8	5641320
ENSG00000172292	CERS6	5640194
ENSG00000132639	SNAP25	5635058
ENSG00000092439	TRPM7	5634463
ENSG00000164754	RAD21	5633551
ENSG00000116030	SUMO1	5630515
ENSG00000114784	EIF1B	5629961
ENSG00000066032	CTNNA2	5628515
ENSG00000158195	WASF2	5627855
ENSG00000143702	CEP170	5624963
ENSG00000139970	RTN1	5624632
ENSG00000136810	TXN	5624529
ENSG00000164258	NDUFS4	5624364
ENSG00000156113	KCNMA1	5624340
ENSG00000142687	KIAA0319L	5623778
ENSG00000171105	INSR	5622477
ENSG00000060339	CCAR1	5622040
ENSG00000254999	BRK1	5621560
ENSG00000091164	TXNL1	5620485
ENSG00000130338	TULP4	5620338
ENSG00000089057	SLC23A2	5617163
ENSG00000175893	ZDHHC21	5616684
ENSG00000047249	ATP6V1H	5615410
ENSG00000106803	SEC61B	5614413
ENSG00000138279	ANXA7	5613044
ENSG00000100345	MYH9	5612603
ENSG00000065518	NDUFB4	5611337
ENSG00000175354	PTPN2	5610120
ENSG00000170348	TMED10	5608752
ENSG00000055130	CUL1	5604595
ENSG00000167615	LENG8	5602832
ENSG00000182220	ATP6AP2	5602386
ENSG00000102189	EEA1	5600775
ENSG00000145730	PAM	5598122
ENSG00000108256	NUFIP2	5596302
ENSG00000162521	RBBP4	5595451
ENSG00000137710	RDX	5594012
ENSG00000169306	IL1RAPL1	5593744
ENSG00000243156	MICAL3	5593407
ENSG00000059758	CDK17	5592866
ENSG00000198130	HIBCH	5592490
ENSG00000180376	CCDC66	5591464
ENSG00000100138	SNU13	5590675
ENSG00000069020	MAST4	5589936
ENSG00000044574	HSPA5	5589709
ENSG00000156931	VPS8	5587730
ENSG00000125952	MAX	5586225
ENSG00000136813	ECPAS	5586076
ENSG00000162402	USP24	5582732
ENSG00000185737	NRG3	5580869
ENSG00000149100	EIF3M	5578618
ENSG00000122484	RPAP2	5576557
ENSG00000110651	CD81	5576498
ENSG00000124422	USP22	5576258
ENSG00000116667	C1orf21	5576201
ENSG00000150867	PIP4K2A	5576116
ENSG00000105778	AVL9	5575888
ENSG00000131174	COX7B	5573569
ENSG00000036549	ZZZ3	5572629
ENSG00000165280	VCP	5570962
ENSG00000134371	CDC73	5570052
ENSG00000152127	MGAT5	5569351
ENSG00000075945	KIFAP3	5566941
ENSG00000170310	STX8	5565127
ENSG00000186472	PCLO	5564877
ENSG00000154710	RABGEF1	5564224
ENSG00000136003	ISCU	5562896
ENSG00000103342	GSPT1	5562168
ENSG00000100485	SOS2	5561265
ENSG00000133424	LARGE1	5560555
ENSG00000015153	YAF2	5556761
ENSG00000106603	COA1	5555137
ENSG00000147099	HDAC8	5554981
ENSG00000106028	SSBP1	5554886
ENSG00000189079	ARID2	5553716
ENSG00000153774	CFDP1	5551823
ENSG00000117625	RCOR3	5548681
ENSG00000149177	PTPRJ	5546821
ENSG00000101266	CSNK2A1	5546009
ENSG00000132849	PATJ	5545578
ENSG00000101608	MYL12A	5544287
ENSG00000144455	SUMF1	5543968
ENSG00000005700	IBTK	5542760
ENSG00000058063	ATP11B	5541414
ENSG00000108021	TASOR2	5535359
ENSG00000128699	ORMDL1	5534238
ENSG00000023318	ERP44	5533270
ENSG00000119950	MXI1	5532930
ENSG00000112699	GMDS	5531164
ENSG00000111666	CHPT1	5529504
ENSG00000177479	ARIH2	5529011
ENSG00000151322	NPAS3	5523308
ENSG00000183726	TMEM50A	5522862
ENSG00000181827	RFX7	5521060
ENSG00000058091	CDK14	5520807
ENSG00000162704	ARPC5	5520030
ENSG00000100523	DDHD1	5519400
ENSG00000163527	STT3B	5517914
ENSG00000120251	GRIA2	5517298
ENSG00000049759	NEDD4L	5514606
ENSG00000007392	LUC7L	5513784
ENSG00000166136	NDUFB8	5512934
ENSG00000197386	HTT	5512519
ENSG00000148090	AUH	5512226
ENSG00000151883	PARP8	5511620
ENSG00000107929	LARP4B	5508716
ENSG00000109572	CLCN3	5508442
ENSG00000174469	CNTNAP2	5507524
ENSG00000107890	ANKRD26	5507122
ENSG00000083799	CYLD	5506735
ENSG00000011275	RNF216	5505893
ENSG00000103994	ZNF106	5503260
ENSG00000148948	LRRC4C	5501619
ENSG00000172493	AFF1	5501430
ENSG00000078114	NEBL	5500111
ENSG00000183023	SLC8A1	5498424
ENSG00000025796	SEC63	5498177
ENSG00000101294	HM13	5497880
ENSG00000138468	SENP7	5497433
ENSG00000083097	DOP1A	5495698
ENSG00000188229	TUBB4B	5495106
ENSG00000148053	NTRK2	5493955
ENSG00000128881	TTBK2	5493804
ENSG00000011405	PIK3C2A	5493215
ENSG00000040933	INPP4A	5492574
ENSG00000162613	FUBP1	5488879
ENSG00000137601	NEK1	5488027
ENSG00000100811	YY1	5487552
ENSG00000177879	AP3S1	5486018
ENSG00000078668	VDAC3	5477099
ENSG00000143164	DCAF6	5475280
ENSG00000055208	TAB2	5475215
ENSG00000157450	RNF111	5474692
ENSG00000102786	INTS6	5470568
ENSG00000116675	DNAJC6	5470388
ENSG00000138767	CNOT6L	5469135
ENSG00000064607	SUGP2	5468636
ENSG00000164096	C4orf3	5468526
ENSG00000175662	TOM1L2	5466312
ENSG00000118217	ATF6	5465821
ENSG00000115677	HDLBP	5465055
ENSG00000167792	NDUFV1	5464047
ENSG00000141425	RPRD1A	5462883
ENSG00000145241	CENPC	5461600
ENSG00000155313	USP25	5459270
ENSG00000141504	SAT2	5457518
ENSG00000132842	AP3B1	5456334
ENSG00000197912	SPG7	5455433
ENSG00000128989	ARPP19	5454999
ENSG00000160213	CSTB	5453374
ENSG00000089248	ERP29	5451879
ENSG00000160305	DIP2A	5449106
ENSG00000018236	CNTN1	5448786
ENSG00000188352	FOCAD	5445884
ENSG00000126261	UBA2	5444499
ENSG00000104133	SPG11	5443788
ENSG00000177889	UBE2N	5443479
ENSG00000132155	RAF1	5442788
ENSG00000138190	EXOC6	5441554
ENSG00000135932	CAB39	5441419
ENSG00000100991	TRPC4AP	5441351
ENSG00000135749	PCNX2	5440928
ENSG00000130770	ATP5IF1	5440607
ENSG00000137145	DENND4C	5440341
ENSG00000102595	UGGT2	5439533
ENSG00000136643	RPS6KC1	5439169
ENSG00000136560	TANK	5433483
ENSG00000111880	RNGTT	5431087
ENSG00000163479	SSR2	5429550
ENSG00000126858	RHOT1	5429114
ENSG00000164463	CREBRF	5428111
ENSG00000148219	ASTN2	5427823
ENSG00000130226	DPP6	5426611
ENSG00000133858	ZFC3H1	5423800
ENSG00000196230	TUBB	5422879
ENSG00000073969	NSF	5420915
ENSG00000118922	KLF12	5420608
ENSG00000134444	RELCH	5420551
ENSG00000180776	ZDHHC20	5420221
ENSG00000131236	CAP1	5419875
ENSG00000150471	ADGRL3	5419239
ENSG00000187164	SHTN1	5417647
ENSG00000171877	FRMD5	5417356
ENSG00000087365	SF3B2	5416613
ENSG00000141905	NFIC	5413584
ENSG00000082397	EPB41L3	5413124
ENSG00000078328	RBFOX1	5412770
ENSG00000109320	NFKB1	5406298
ENSG00000170579	DLGAP1	5405874
ENSG00000102753	KPNA3	5405748
ENSG00000162599	NFIA	5404903
ENSG00000080546	SESN1	5404848
ENSG00000114030	KPNA1	5404518
ENSG00000135597	REPS1	5404237
ENSG00000243147	MRPL33	5403468
ENSG00000135164	DMTF1	5401815
ENSG00000122565	CBX3	5401332
ENSG00000082269	FAM135A	5400426
ENSG00000118873	RAB3GAP2	5400197
ENSG00000117632	STMN1	5396869
ENSG00000088205	DDX18	5394547
ENSG00000138760	SCARB2	5394512
ENSG00000107679	PLEKHA1	5394119
ENSG00000005022	SLC25A5	5393793
ENSG00000184203	PPP1R2	5393450
ENSG00000197448	GSTK1	5391961
ENSG00000121964	GTDC1	5391535
ENSG00000183648	NDUFB1	5391395
ENSG00000115840	SLC25A12	5390830
ENSG00000135018	UBQLN1	5388867
ENSG00000128609	NDUFA5	5388703
ENSG00000234545	FAM133B	5387916
ENSG00000144535	DIS3L2	5387506
ENSG00000147421	HMBOX1	5387253
ENSG00000113441	LNPEP	5386874
ENSG00000129515	SNX6	5386826
ENSG00000163618	CADPS	5386454
ENSG00000107862	GBF1	5385714
ENSG00000119509	INVS	5384687
ENSG00000073417	PDE8A	5384517
ENSG00000164405	UQCRQ	5383492
ENSG00000140612	SEC11A	5382815
ENSG00000080345	RIF1	5382638
ENSG00000139990	DCAF5	5382092
ENSG00000081913	PHLPP1	5380434
ENSG00000170027	YWHAG	5380230
ENSG00000278540	ACACA	5378019
ENSG00000023734	STRAP	5377368
ENSG00000112893	MAN2A1	5375137
ENSG00000111775	COX6A1	5372374
ENSG00000128739	SNRPN	5372147
ENSG00000163644	PPM1K	5371904
ENSG00000100632	ERH	5370770
ENSG00000186868	MAPT	5367280
ENSG00000115484	CCT4	5366730
ENSG00000153147	SMARCA5	5366532
ENSG00000153956	CACNA2D1	5366345
ENSG00000152818	UTRN	5366265
ENSG00000078043	PIAS2	5366113
ENSG00000171044	XKR6	5365312
ENSG00000105373	NOP53	5365250
ENSG00000044115	CTNNA1	5363447
ENSG00000143870	PDIA6	5363281
ENSG00000099246	RAB18	5363001
ENSG00000136854	STXBP1	5356590
ENSG00000169918	OTUD7A	5356045
ENSG00000151466	SCLT1	5356032
ENSG00000182606	TRAK1	5354332
ENSG00000149179	CSTPP1	5354298
ENSG00000184787	UBE2G2	5352985
ENSG00000118515	SGK1	5352520
ENSG00000152217	SETBP1	5350256
ENSG00000101752	MIB1	5349577
ENSG00000123144	TRIR	5348224
ENSG00000111237	VPS29	5347850
ENSG00000250479	CHCHD10	5344655
ENSG00000138802	SEC24B	5344109
ENSG00000151923	TIAL1	5343378
ENSG00000113851	CRBN	5341459
ENSG00000071189	SNX13	5339719
ENSG00000102466	FGF14	5339583
ENSG00000074201	CLNS1A	5338824
ENSG00000123124	WWP1	5338651
ENSG00000126870	DYNC2I1	5338152
ENSG00000176261	ZBTB8OS	5336517
ENSG00000135829	DHX9	5336129
ENSG00000106617	PRKAG2	5333767
ENSG00000117906	RCN2	5330271
ENSG00000134278	SPIRE1	5329934
ENSG00000138768	USO1	5329715
ENSG00000124214	STAU1	5325988
ENSG00000182168	UNC5C	5325564
ENSG00000158560	DYNC1I1	5325510
ENSG00000169057	MECP2	5323494
ENSG00000185129	PURA	5322493
ENSG00000112320	SOBP	5321514
ENSG00000140577	CRTC3	5321215
ENSG00000117758	STX12	5320418
ENSG00000163468	CCT3	5320382
ENSG00000170345	FOS	5318811
ENSG00000091129	NRCAM	5318755
ENSG00000152518	ZFP36L2	5318308
ENSG00000112624	BICRAL	5312029
ENSG00000170873	MTSS1	5310953
ENSG00000204442	NALF1	5309321
ENSG00000173611	SCAI	5308805
ENSG00000158467	AHCYL2	5308472
ENSG00000166037	CEP57	5303926
ENSG00000133835	HSD17B4	5302680
ENSG00000051108	HERPUD1	5302626
ENSG00000137177	KIF13A	5302502
ENSG00000134186	PRPF38B	5302292
ENSG00000100813	ACIN1	5302267
ENSG00000010017	RANBP9	5300516
ENSG00000106459	NRF1	5299270
ENSG00000198836	OPA1	5298353
ENSG00000168234	TTC39C	5296380
ENSG00000186184	POLR1D	5295243
ENSG00000145725	PPIP5K2	5294448
ENSG00000064651	SLC12A2	5294181
ENSG00000149084	HSD17B12	5294070
ENSG00000147202	DIAPH2	5293436
ENSG00000197622	CDC42SE1	5292586
ENSG00000117139	KDM5B	5292467
ENSG00000151090	THRB	5291953
ENSG00000184384	MAML2	5291867
ENSG00000164828	SUN1	5289497
ENSG00000188186	LAMTOR4	5288838
ENSG00000129351	ILF3	5288614
ENSG00000172262	ZNF131	5287680
ENSG00000100906	NFKBIA	5286431
ENSG00000143742	SRP9	5285893
ENSG00000168259	DNAJC7	5285238
ENSG00000102452	NALCN	5284945
ENSG00000147684	NDUFB9	5284201
ENSG00000155970	MICU3	5284050
ENSG00000120694	HSPH1	5283424
ENSG00000095564	BTAF1	5282570
ENSG00000134686	PHC2	5280564
ENSG00000135945	REV1	5280494
ENSG00000113312	TTC1	5277344
ENSG00000101557	USP14	5276238
ENSG00000163320	CGGBP1	5276195
ENSG00000134352	IL6ST	5276020
ENSG00000131437	KIF3A	5275650
ENSG00000186094	AGBL4	5272486
ENSG00000055044	NOP58	5272376
ENSG00000168575	SLC20A2	5270957
ENSG00000133706	LARS1	5269532
ENSG00000177733	HNRNPA0	5267856
ENSG00000186260	MRTFB	5266037
ENSG00000131375	CAPN7	5265537
ENSG00000278311	GGNBP2	5265235
ENSG00000144451	SPAG16	5264917
ENSG00000111142	METAP2	5264727
ENSG00000176049	JAKMIP2	5262969
ENSG00000111530	CAND1	5262796
ENSG00000134759	ELP2	5262761
ENSG00000022840	RNF10	5256038
ENSG00000104613	INTS10	5255272
ENSG00000187672	ERC2	5254873
ENSG00000116984	MTR	5254716
ENSG00000136930	PSMB7	5254703
ENSG00000114302	PRKAR2A	5252833
ENSG00000165678	GHITM	5252206
ENSG00000064999	ANKS1A	5252037
ENSG00000061936	SFSWAP	5251086
ENSG00000182901	RGS7	5249113
ENSG00000103978	TMEM87A	5248405
ENSG00000109689	STIM2	5248053
ENSG00000196498	NCOR2	5244062
ENSG00000266472	MRPS21	5241704
ENSG00000106771	TMEM245	5241688
ENSG00000104218	CSPP1	5240134
ENSG00000149269	PAK1	5237924
ENSG00000176788	BASP1	5235362
ENSG00000120725	SIL1	5233464
ENSG00000023228	NDUFS1	5232941
ENSG00000145781	COMMD10	5232899
ENSG00000115295	CLIP4	5232884
ENSG00000070366	SMG6	5232585
ENSG00000178234	GALNT11	5230222
ENSG00000127947	PTPN12	5228702
ENSG00000128524	ATP6V1F	5228689
ENSG00000136828	RALGPS1	5227894
ENSG00000166681	BEX3	5227701
ENSG00000064393	HIPK2	5227631
ENSG00000140943	MBTPS1	5226656
ENSG00000071242	RPS6KA2	5223977
ENSG00000105404	RABAC1	5223119
ENSG00000134453	RBM17	5220466
ENSG00000132824	SERINC3	5219444
ENSG00000033867	SLC4A7	5218107
ENSG00000078142	PIK3C3	5214991
ENSG00000109452	INPP4B	5213913
ENSG00000095637	SORBS1	5213369
ENSG00000164713	BRI3	5212634
ENSG00000107186	MPDZ	5211959
ENSG00000119396	RAB14	5211770
ENSG00000163590	PPM1L	5208811
ENSG00000006576	PHTF2	5207761
ENSG00000148672	GLUD1	5207689
ENSG00000134108	ARL8B	5206621
ENSG00000079950	STX7	5206454
ENSG00000135720	DYNC1LI2	5205169
ENSG00000128654	MTX2	5203905
ENSG00000089916	GPATCH2L	5202706
ENSG00000111913	RIPOR2	5200631
ENSG00000065609	SNAP91	5198823
ENSG00000132932	ATP8A2	5197837
ENSG00000185651	UBE2L3	5197713
ENSG00000119778	ATAD2B	5197579
ENSG00000106780	MEGF9	5196278
ENSG00000144935	TRPC1	5195889
ENSG00000163605	PPP4R2	5195091
ENSG00000108061	SHOC2	5194117
ENSG00000196141	SPATS2L	5192549
ENSG00000140526	ABHD2	5191988
ENSG00000150477	KIAA1328	5190796
ENSG00000137075	RNF38	5190063
ENSG00000183117	CSMD1	5188641
ENSG00000198740	ZNF652	5188583
ENSG00000038532	CLEC16A	5188310
ENSG00000112062	MAPK14	5187962
ENSG00000154822	PLCL2	5187687
ENSG00000175054	ATR	5186020
ENSG00000151692	RNF144A	5185943
ENSG00000100505	TRIM9	5185263
ENSG00000254772	EEF1G	5184427
ENSG00000165219	GAPVD1	5183145
ENSG00000110497	AMBRA1	5182930
ENSG00000118454	ANKRD13C	5182647
ENSG00000114573	ATP6V1A	5181418
ENSG00000033178	UBA6	5179947
ENSG00000112182	BACH2	5179074
ENSG00000155111	CDK19	5178585
ENSG00000106415	GLCCI1	5177399
ENSG00000006715	VPS41	5176957
ENSG00000163531	NFASC	5176865
ENSG00000152495	CAMK4	5175992
ENSG00000260916	CCPG1	5174277
ENSG00000204130	RUFY2	5174222
ENSG00000180879	SSR4	5173573
ENSG00000156515	HK1	5172816
ENSG00000126432	PRDX5	5171839
ENSG00000118762	PKD2	5170855
ENSG00000087258	GNAO1	5170599
ENSG00000122034	GTF3A	5169587
ENSG00000066651	TRMT11	5169491
ENSG00000167258	CDK12	5169204
ENSG00000182087	TMEM259	5169098
ENSG00000178741	COX5A	5168454
ENSG00000160613	PCSK7	5167287
ENSG00000167460	TPM4	5166388
ENSG00000180530	NRIP1	5165261
ENSG00000134825	TMEM258	5163258
ENSG00000182154	MRPL41	5163238
ENSG00000151893	CACUL1	5161688
ENSG00000119801	YPEL5	5160642
ENSG00000114279	FGF12	5159110
ENSG00000157869	RAB28	5158515
ENSG00000119231	SENP5	5156695
ENSG00000121879	PIK3CA	5154387
ENSG00000011243	AKAP8L	5154342
ENSG00000157216	SSBP3	5154173
ENSG00000160145	KALRN	5153804
ENSG00000079805	DNM2	5153150
ENSG00000011114	BTBD7	5152858
ENSG00000072778	ACADVL	5151645
ENSG00000120533	ENY2	5148802
ENSG00000047346	ATOSA	5148508
ENSG00000053524	MCF2L2	5146632
ENSG00000132334	PTPRE	5145754
ENSG00000177694	NAALADL2	5145462
ENSG00000122741	DCAF10	5144078
ENSG00000184792	OSBP2	5144042
ENSG00000112584	FAM120B	5142975
ENSG00000140416	TPM1	5140644
ENSG00000187735	TCEA1	5140447
ENSG00000072134	EPN2	5139159
ENSG00000134852	CLOCK	5139132
ENSG00000014824	SLC30A9	5139094
ENSG00000104093	DMXL2	5138843
ENSG00000136717	BIN1	5135928
ENSG00000165637	VDAC2	5133604
ENSG00000084754	HADHA	5133322
ENSG00000185896	LAMP1	5131118
ENSG00000124783	SSR1	5131027
ENSG00000170558	CDH2	5129981
ENSG00000143324	XPR1	5129681
ENSG00000103024	NME3	5129661
ENSG00000166206	GABRB3	5129595
ENSG00000196396	PTPN1	5129348
ENSG00000151694	ADAM17	5128480
ENSG00000133104	SPART	5128379
ENSG00000176978	DPP7	5127760
ENSG00000132676	DAP3	5127383
ENSG00000135535	CD164	5126926
ENSG00000076554	TPD52	5126029
ENSG00000130741	EIF2S3	5125321
ENSG00000115970	THADA	5125030
ENSG00000129559	NEDD8	5122865
ENSG00000133958	UNC79	5122163
ENSG00000033122	LRRC7	5121571
ENSG00000131966	ACTR10	5120847
ENSG00000169756	LIMS1	5120500
ENSG00000174738	NR1D2	5120164
ENSG00000116191	RALGPS2	5119545
ENSG00000139668	WDFY2	5119535
ENSG00000118260	CREB1	5119460
ENSG00000125971	DYNLRB1	5118361
ENSG00000173933	RBM4	5117200
ENSG00000164134	NAA15	5114377
ENSG00000265972	TXNIP	5114089
ENSG00000153015	CWC27	5113012
ENSG00000147862	NFIB	5111194
ENSG00000162923	WDR26	5110939
ENSG00000047365	ARAP2	5110710
ENSG00000178951	ZBTB7A	5110307
ENSG00000157741	UBN2	5110286
ENSG00000059588	TARBP1	5110075
ENSG00000156299	TIAM1	5108425
ENSG00000169032	MAP2K1	5107801
ENSG00000109911	ELP4	5106631
ENSG00000196428	TSC22D2	5106621
ENSG00000100722	ZC3H14	5105623
ENSG00000119314	PTBP3	5105028
ENSG00000144445	KANSL1L	5104974
ENSG00000261115	TMEM178B	5104774
ENSG00000163683	SMIM14	5104624
ENSG00000138592	USP8	5103863
ENSG00000103275	UBE2I	5103187
ENSG00000072110	ACTN1	5102863
ENSG00000109906	ZBTB16	5102828
ENSG00000184014	DENND5A	5101639
ENSG00000155744	HYCC2	5100746
ENSG00000125304	TM9SF2	5099526
ENSG00000138385	SSB	5099347
ENSG00000112576	CCND3	5097831
ENSG00000124198	ARFGEF2	5097749
ENSG00000185624	P4HB	5096333
ENSG00000068024	HDAC4	5094619
ENSG00000109606	DHX15	5094313
ENSG00000051382	PIK3CB	5093934
ENSG00000182771	GRID1	5093561
ENSG00000138709	LARP1B	5092557
ENSG00000128789	PSMG2	5092204
ENSG00000124151	NCOA3	5091791
ENSG00000145284	SCD5	5089490
ENSG00000138411	HECW2	5089475
ENSG00000154654	NCAM2	5089036
ENSG00000114353	GNAI2	5088454
ENSG00000177853	ZNF518A	5088341
ENSG00000157500	APPL1	5088220
ENSG00000137876	RSL24D1	5088105
ENSG00000152578	GRIA4	5087732
ENSG00000188580	NKAIN2	5087438
ENSG00000205302	SNX2	5087406
ENSG00000178662	CSRNP3	5086489
ENSG00000155816	FMN2	5082850
ENSG00000067141	NEO1	5081969
ENSG00000275052	PPP4R3B	5081839
ENSG00000121067	SPOP	5080052
ENSG00000186908	ZDHHC17	5078229
ENSG00000104447	TRPS1	5077823
ENSG00000151461	UPF2	5076614
ENSG00000196482	ESRRG	5075761
ENSG00000103365	GGA2	5075263
ENSG00000131089	ARHGEF9	5074699
ENSG00000080845	DLGAP4	5072951
ENSG00000165102	HGSNAT	5072541
ENSG00000081026	MAGI3	5072323
ENSG00000182150	ERCC6L2	5071733
ENSG00000154144	TBRG1	5070686
ENSG00000160948	VPS28	5070587
ENSG00000198843	SELENOT	5070228
ENSG00000152291	TGOLN2	5069206
ENSG00000198626	RYR2	5065469
ENSG00000124795	DEK	5065202
ENSG00000100330	MTMR3	5064471
ENSG00000085733	CTTN	5064444
ENSG00000197043	ANXA6	5063930
ENSG00000039123	MTREX	5061837
ENSG00000171159	BBLN	5060686
ENSG00000143156	NME7	5060635
ENSG00000160075	SSU72	5058946
ENSG00000143543	JTB	5057337
ENSG00000119820	YIPF4	5056583
ENSG00000166405	RIC3	5056420
ENSG00000105983	LMBR1	5056350
ENSG00000003402	CFLAR	5056120
ENSG00000115947	ORC4	5054993
ENSG00000110066	KMT5B	5054572
ENSG00000169519	METTL15	5054263
ENSG00000120658	ENOX1	5051616
ENSG00000114354	TFG	5051560
ENSG00000197442	MAP3K5	5050913
ENSG00000215421	ZNF407	5050818
ENSG00000111790	FGFR1OP2	5049860
ENSG00000178104	PDE4DIP	5049535
ENSG00000164733	CTSB	5049285
ENSG00000137575	SDCBP	5049262
ENSG00000168374	ARF4	5049130
ENSG00000143033	MTF2	5048174
ENSG00000175602	CCDC85B	5046027
ENSG00000118985	ELL2	5045923
ENSG00000135457	TFCP2	5045621
ENSG00000159592	GPBP1L1	5042537
ENSG00000157680	DGKI	5041208
ENSG00000083544	TDRD3	5039867
ENSG00000023516	AKAP11	5038398
ENSG00000162545	CAMK2N1	5038203
ENSG00000080608	PUM3	5037836
ENSG00000122008	POLK	5035795
ENSG00000144406	UNC80	5034712
ENSG00000140391	TSPAN3	5034467
ENSG00000231925	TAPBP	5033586
ENSG00000100815	TRIP11	5033499
ENSG00000111670	GNPTAB	5033326
ENSG00000186432	KPNA4	5033292
ENSG00000138758	SEPTIN11	5030759
ENSG00000127481	UBR4	5029572
ENSG00000088812	ATRN	5028030
ENSG00000131626	PPFIA1	5026995
ENSG00000219200	RNASEK	5026643
ENSG00000134900	TPP2	5026173
ENSG00000159842	ABR	5026155
ENSG00000143322	ABL2	5025189
ENSG00000151247	EIF4E	5024407
ENSG00000163947	ARHGEF3	5024193
ENSG00000085365	SCAMP1	5024124
ENSG00000067167	TRAM1	5024113
ENSG00000163931	TKT	5023525
ENSG00000106976	DNM1	5023186
ENSG00000086666	ZFAND6	5018905
ENSG00000112308	C6orf62	5018474
ENSG00000164418	GRIK2	5017630
ENSG00000102409	BEX4	5015882
ENSG00000133657	ATP13A3	5015553
ENSG00000136100	VPS36	5015437
ENSG00000110422	HIPK3	5014967
ENSG00000090989	EXOC1	5014910
ENSG00000089063	TMEM230	5014534
ENSG00000175048	ZDHHC14	5014309
ENSG00000184178	SCFD2	5011799
ENSG00000139496	NUP58	5010516
ENSG00000107263	RAPGEF1	5009960
ENSG00000101639	CEP192	5006452
ENSG00000069966	GNB5	5006242
ENSG00000074657	ZNF532	5005701
ENSG00000179262	RAD23A	5003536
ENSG00000145087	STXBP5L	5003475
ENSG00000105968	H2AZ2	5003319
ENSG00000156298	TSPAN7	5002392
ENSG00000115966	ATF2	5001311
ENSG00000112514	CUTA	4999413
ENSG00000113318	MSH3	4998290
ENSG00000125977	EIF2S2	4997533
ENSG00000148660	CAMK2G	4996355
ENSG00000131504	DIAPH1	4996051
ENSG00000172845	SP3	4993234
ENSG00000074696	HACD3	4992954
ENSG00000062725	APPBP2	4991407
ENSG00000104381	GDAP1	4989969
ENSG00000160888	IER2	4989845
ENSG00000062650	WAPL	4988902
ENSG00000067113	PLPP1	4987718
ENSG00000129128	SPCS3	4987443
ENSG00000145439	CBR4	4986816
ENSG00000071073	MGAT4A	4985351
ENSG00000132964	CDK8	4984720
ENSG00000134369	NAV1	4983644
ENSG00000125386	FAM193A	4983142
ENSG00000198707	CEP290	4982867
ENSG00000132432	SEC61G	4982532
ENSG00000131503	ANKHD1	4981217
ENSG00000155886	SLC24A2	4980011
ENSG00000086102	NFX1	4979920
ENSG00000149970	CNKSR2	4979500
ENSG00000163602	RYBP	4979308
ENSG00000112237	CCNC	4978355
ENSG00000179222	MAGED1	4977628
ENSG00000170142	UBE2E1	4977607
ENSG00000169855	ROBO1	4975802
ENSG00000178974	FBXO34	4975395
ENSG00000152377	SPOCK1	4973974
ENSG00000185088	RPS27L	4973867
ENSG00000159086	PAXBP1	4973341
ENSG00000151067	CACNA1C	4972202
ENSG00000160007	ARHGAP35	4971600
ENSG00000198105	ZNF248	4970324
ENSG00000157388	CACNA1D	4970300
ENSG00000079841	RIMS1	4969105
ENSG00000028528	SNX1	4967875
ENSG00000152404	CWF19L2	4965080
ENSG00000126653	NSRP1	4964486
ENSG00000175265	GOLGA8A	4962723
ENSG00000138594	TMOD3	4962040
ENSG00000082258	CCNT2	4961067
ENSG00000164466	SFXN1	4960375
ENSG00000165669	FAM204A	4959852
ENSG00000115896	PLCL1	4959623
ENSG00000015676	NUDCD3	4956123
ENSG00000139436	GIT2	4954904
ENSG00000104824	HNRNPL	4954373
ENSG00000214253	FIS1	4954009
ENSG00000163785	RYK	4953698
ENSG00000171914	TLN2	4953517
ENSG00000149212	SESN3	4953452
ENSG00000162368	CMPK1	4953115
ENSG00000178691	SUZ12	4952397
ENSG00000166747	AP1G1	4951967
ENSG00000166575	TMEM135	4951432
ENSG00000101782	RIOK3	4949927
ENSG00000148842	CNNM2	4949765
ENSG00000075420	FNDC3B	4949565
ENSG00000144029	MRPS5	4947693
ENSG00000147123	NDUFB11	4947527
ENSG00000112232	KHDRBS2	4944669
ENSG00000187240	DYNC2H1	4943840
ENSG00000135999	EPC2	4943366
ENSG00000179295	PTPN11	4940722
ENSG00000143641	GALNT2	4939531
ENSG00000105568	PPP2R1A	4939419
ENSG00000131370	SH3BP5	4938791
ENSG00000141837	CACNA1A	4937278
ENSG00000164346	NSA2	4936254
ENSG00000154380	ENAH	4935643
ENSG00000049246	PER3	4935550
ENSG00000171055	FEZ2	4935350
ENSG00000099331	MYO9B	4935335
ENSG00000162664	ZNF326	4934467
ENSG00000100519	PSMC6	4934148
ENSG00000115541	HSPE1	4932393
ENSG00000101901	ALG13	4931792
ENSG00000112379	ARFGEF3	4930383
ENSG00000183715	OPCML	4929399
ENSG00000160563	MED27	4928204
ENSG00000196950	SLC39A10	4927550
ENSG00000125827	TMX4	4927524
ENSG00000108091	CCDC6	4926435
ENSG00000119844	AFTPH	4925041
ENSG00000177103	DSCAML1	4924790
ENSG00000163596	ICA1L	4923832
ENSG00000111300	NAA25	4923780
ENSG00000127616	SMARCA4	4920457
ENSG00000165914	TTC7B	4917223
ENSG00000160209	PDXK	4917035
ENSG00000147316	MCPH1	4915976
ENSG00000106682	EIF4H	4915218
ENSG00000149231	CCDC82	4914200
ENSG00000165732	DDX21	4914031
ENSG00000111832	RWDD1	4913831
ENSG00000115239	ASB3	4910773
ENSG00000122359	ANXA11	4910406
ENSG00000143952	VPS54	4909521
ENSG00000111678	C12orf57	4909310
ENSG00000122786	CALD1	4909138
ENSG00000008277	ADAM22	4907008
ENSG00000119705	SLIRP	4906917
ENSG00000105426	PTPRS	4905113
ENSG00000096968	JAK2	4905062
ENSG00000107779	BMPR1A	4904903
ENSG00000154978	VOPP1	4904770
ENSG00000168280	KIF5C	4904647
ENSG00000119772	DNMT3A	4904442
ENSG00000069329	VPS35	4902743
ENSG00000115233	PSMD14	4896905
ENSG00000164684	ZNF704	4896631
ENSG00000129158	SERGEF	4896596
ENSG00000169813	HNRNPF	4895546
ENSG00000165476	REEP3	4894550
ENSG00000143344	RGL1	4894311
ENSG00000152208	GRID2	4892979
ENSG00000080815	PSEN1	4892368
ENSG00000106460	TMEM106B	4892154
ENSG00000139083	ETV6	4890565
ENSG00000139697	SBNO1	4888891
ENSG00000054793	ATP9A	4888879
ENSG00000134243	SORT1	4887090
ENSG00000100567	PSMA3	4887067
ENSG00000141759	TXNL4A	4886586
ENSG00000128951	DUT	4884345
ENSG00000144290	SLC4A10	4882683
ENSG00000128487	SPECC1	4882226
ENSG00000197747	S100A10	4879655
ENSG00000168710	AHCYL1	4878231
ENSG00000126773	PCNX4	4878214
ENSG00000163872	YEATS2	4877694
ENSG00000198919	DZIP3	4876949
ENSG00000155093	PTPRN2	4876223
ENSG00000037637	FBXO42	4875589
ENSG00000176407	KCMF1	4873471
ENSG00000139173	TMEM117	4871699
ENSG00000164176	EDIL3	4870833
ENSG00000119685	TTLL5	4870035
ENSG00000137504	CREBZF	4868459
ENSG00000121749	TBC1D15	4867152
ENSG00000132388	UBE2G1	4866939
ENSG00000177700	POLR2L	4866286
ENSG00000105738	SIPA1L3	4865634
ENSG00000111110	PPM1H	4861315
ENSG00000157077	ZFYVE9	4860985
ENSG00000138433	CIR1	4858071
ENSG00000198646	NCOA6	4857811
ENSG00000183878	UTY	4857624
ENSG00000077063	CTTNBP2	4857180
ENSG00000116641	DOCK7	4856774
ENSG00000112685	EXOC2	4856695
ENSG00000138138	ATAD1	4855525
ENSG00000139915	MDGA2	4855380
ENSG00000156261	CCT8	4854759
ENSG00000133026	MYH10	4854305
ENSG00000168175	MAPK1IP1L	4854234
ENSG00000168769	TET2	4852156
ENSG00000107518	ATRNL1	4851703
ENSG00000143398	PIP5K1A	4851523
ENSG00000184752	NDUFA12	4850706
ENSG00000100784	RPS6KA5	4850338
ENSG00000074755	ZZEF1	4850294
ENSG00000143469	SYT14	4849915
ENSG00000135241	PNPLA8	4849269
ENSG00000091428	RAPGEF4	4848879
ENSG00000174306	ZHX3	4848848
ENSG00000159335	PTMS	4848734
ENSG00000132694	ARHGEF11	4847233
ENSG00000162869	PPP1R21	4843953
ENSG00000204178	MACO1	4842605
ENSG00000163635	ATXN7	4841566
ENSG00000173406	DAB1	4840811
ENSG00000108671	PSMD11	4839270
ENSG00000175416	CLTB	4838548
ENSG00000123240	OPTN	4837571
ENSG00000117592	PRDX6	4836554
ENSG00000057935	MTA3	4835729
ENSG00000168906	MAT2A	4835725
ENSG00000125970	RALY	4835589
ENSG00000104343	UBE2W	4835130
ENSG00000112146	FBXO9	4834989
ENSG00000198742	SMURF1	4834950
ENSG00000100614	PPM1A	4833725
ENSG00000051825	MPHOSPH9	4832769
ENSG00000178127	NDUFV2	4830521
ENSG00000138640	FAM13A	4829858
ENSG00000135387	CAPRIN1	4829831
ENSG00000198718	TOGARAM1	4829823
ENSG00000096063	SRPK1	4828962
ENSG00000144619	CNTN4	4826954
ENSG00000138801	PAPSS1	4826846
ENSG00000134324	LPIN1	4826054
ENSG00000185008	ROBO2	4824488
ENSG00000138834	MAPK8IP3	4823549
ENSG00000112992	NNT	4823168
ENSG00000129562	DAD1	4822007
ENSG00000174231	PRPF8	4820030
ENSG00000082153	BZW1	4819701
ENSG00000105669	COPE	4819624
ENSG00000101236	RNF24	4819403
ENSG00000119185	ITGB1BP1	4818753
ENSG00000128656	CHN1	4818330
ENSG00000153936	HS2ST1	4817888
ENSG00000052795	FNIP2	4816421
ENSG00000169902	TPST1	4815228
ENSG00000146350	TBC1D32	4814124
ENSG00000006652	IFRD1	4813923
ENSG00000185261	KIAA0825	4812673
ENSG00000079156	OSBPL6	4812599
ENSG00000112159	MDN1	4809512
ENSG00000075142	SRI	4809451
ENSG00000126091	ST3GAL3	4809303
ENSG00000127995	CASD1	4808718
ENSG00000170153	RNF150	4808111
ENSG00000116580	GON4L	4806540
ENSG00000164796	CSMD3	4806297
ENSG00000149091	DGKZ	4806204
ENSG00000170390	DCLK2	4805763
ENSG00000113282	CLINT1	4805753
ENSG00000111786	SRSF9	4805737
ENSG00000153207	AHCTF1	4805203
ENSG00000163541	SUCLG1	4804904
ENSG00000132780	NASP	4804059
ENSG00000114770	ABCC5	4803656
ENSG00000125107	CNOT1	4803605
ENSG00000023191	RNH1	4801840
ENSG00000147454	SLC25A37	4799380
ENSG00000143256	PFDN2	4797390
ENSG00000173166	RAPH1	4794848
ENSG00000183495	EP400	4794216
ENSG00000101856	PGRMC1	4792967
ENSG00000173320	STOX2	4792437
ENSG00000213047	DENND1B	4791523
ENSG00000128272	ATF4	4789407
ENSG00000127990	SGCE	4789215
ENSG00000160460	SPTBN4	4788250
ENSG00000005893	LAMP2	4788210
ENSG00000070081	NUCB2	4788108
ENSG00000173065	FAM222B	4787591
ENSG00000112339	HBS1L	4786860
ENSG00000107036	RIC1	4786507
ENSG00000136448	NMT1	4785959
ENSG00000087206	UIMC1	4783524
ENSG00000128923	MINDY2	4783070
ENSG00000060762	MPC1	4782642
ENSG00000133401	PDZD2	4782001
ENSG00000172348	RCAN2	4780245
ENSG00000182149	IST1	4778012
ENSG00000132953	XPO4	4776837
ENSG00000176155	CCDC57	4776293
ENSG00000180488	MIGA1	4775960
ENSG00000007237	GAS7	4775810
ENSG00000101439	CST3	4775342
ENSG00000105835	NAMPT	4773826
ENSG00000089123	TASP1	4773112
ENSG00000162191	UBXN1	4772669
ENSG00000173258	ZNF483	4772026
ENSG00000180957	PITPNB	4770653
ENSG00000141564	RPTOR	4770539
ENSG00000123104	ITPR2	4769654
ENSG00000187118	CMC1	4769348
ENSG00000110713	NUP98	4769031
ENSG00000166068	SPRED1	4768452
ENSG00000057663	ATG5	4768008
ENSG00000138029	HADHB	4767961
ENSG00000152894	PTPRK	4767449
ENSG00000145907	G3BP1	4767334
ENSG00000133083	DCLK1	4765989
ENSG00000152092	ASTN1	4765472
ENSG00000140350	ANP32A	4764482
ENSG00000174197	MGA	4763551
ENSG00000123091	RNF11	4763517
ENSG00000115020	PIKFYVE	4759457
ENSG00000176204	LRRTM4	4758346
ENSG00000146776	ATXN7L1	4756863
ENSG00000136938	ANP32B	4756261
ENSG00000147416	ATP6V1B2	4754902
ENSG00000134698	AGO4	4753180
ENSG00000128908	INO80	4752283
ENSG00000164615	CAMLG	4752020
ENSG00000047056	WDR37	4749204
ENSG00000166225	FRS2	4748947
ENSG00000128607	KLHDC10	4748943
ENSG00000143013	LMO4	4748794
ENSG00000079102	RUNX1T1	4748537
ENSG00000100796	PPP4R3A	4748204
ENSG00000163875	MEAF6	4746989
ENSG00000068366	ACSL4	4746757
ENSG00000153339	TRAPPC8	4746732
ENSG00000169180	XPO6	4742834
ENSG00000115808	STRN	4742830
ENSG00000138735	PDE5A	4742567
ENSG00000165006	UBAP1	4742160
ENSG00000168438	CDC40	4741374
ENSG00000163946	TASOR	4741247
ENSG00000189180	ZNF33A	4741161
ENSG00000183172	SMDT1	4739057
ENSG00000099917	MED15	4738993
ENSG00000105887	MTPN	4738433
ENSG00000067248	DHX29	4738282
ENSG00000187079	TEAD1	4737771
ENSG00000126698	DNAJC8	4737751
ENSG00000104979	C19orf53	4737350
ENSG00000175550	DRAP1	4736867
ENSG00000183011	NAA38	4735989
ENSG00000179104	TMTC2	4735828
ENSG00000139112	GABARAPL1	4734884
ENSG00000160633	SAFB	4734040
ENSG00000068697	LAPTM4A	4733197
ENSG00000089048	ESF1	4732250
ENSG00000143612	C1orf43	4731465
ENSG00000141568	FOXK2	4730328
ENSG00000116141	MARK1	4730152
ENSG00000130254	SAFB2	4729510
ENSG00000103121	CMC2	4729381
ENSG00000188419	CHM	4726406
ENSG00000145934	TENM2	4725643
ENSG00000033327	GAB2	4725360
ENSG00000165704	HPRT1	4724755
ENSG00000103194	USP10	4724028
ENSG00000248905	FMN1	4723937
ENSG00000100077	GRK3	4723208
ENSG00000109390	NDUFC1	4723199
ENSG00000272325	NUDT3	4722365
ENSG00000249915	PDCD6	4722119
ENSG00000198780	FAM169A	4720422
ENSG00000163637	PRICKLE2	4718938
ENSG00000162601	MYSM1	4717949
ENSG00000113522	RAD50	4717861
ENSG00000188177	ZC3H6	4716879
ENSG00000089693	MLF2	4714858
ENSG00000154511	DIPK1A	4714318
ENSG00000175029	CTBP2	4712377
ENSG00000143183	TMCO1	4710593
ENSG00000108582	CPD	4710354
ENSG00000046651	OFD1	4709669
ENSG00000097007	ABL1	4709633
ENSG00000102172	SMS	4709236
ENSG00000174780	SRP72	4709155
ENSG00000137770	CTDSPL2	4707327
ENSG00000125354	SEPTIN6	4706881
ENSG00000185650	ZFP36L1	4704404
ENSG00000035115	SH3YL1	4704204
ENSG00000136485	DCAF7	4702940
ENSG00000078053	AMPH	4701085
ENSG00000175155	YPEL2	4700145
ENSG00000104723	TUSC3	4699782
ENSG00000221978	CCNL2	4698137
ENSG00000151229	SLC2A13	4697047
ENSG00000115866	DARS1	4696860
ENSG00000136531	SCN2A	4695537
ENSG00000171853	TRAPPC12	4693071
ENSG00000099341	PSMD8	4692997
ENSG00000009954	BAZ1B	4691215
ENSG00000136237	RAPGEF5	4691065
ENSG00000144868	TMEM108	4690721
ENSG00000109680	TBC1D19	4690408
ENSG00000111674	ENO2	4690293
ENSG00000136141	LRCH1	4690002
ENSG00000127663	KDM4B	4689922
ENSG00000170017	ALCAM	4689311
ENSG00000107957	SH3PXD2A	4688345
ENSG00000118596	SLC16A7	4687472
ENSG00000170540	ARL6IP1	4686458
ENSG00000258289	CHURC1	4685920
ENSG00000127527	EPS15L1	4685202
ENSG00000129083	COPB1	4684755
ENSG00000110721	CHKA	4683720
ENSG00000241837	ATP5PO	4683345
ENSG00000135108	FBXO21	4681570
ENSG00000164588	HCN1	4679611
ENSG00000067369	TP53BP1	4677262
ENSG00000178952	TUFM	4677201
ENSG00000177156	TALDO1	4675313
ENSG00000150995	ITPR1	4674072
ENSG00000143919	CAMKMT	4673417
ENSG00000147133	TAF1	4672888
ENSG00000006740	ARHGAP44	4672820
ENSG00000120690	ELF1	4671525
ENSG00000158864	NDUFS2	4670052
ENSG00000205339	IPO7	4669177
ENSG00000116459	ATP5PB	4669104
ENSG00000162378	ZYG11B	4668967
ENSG00000171791	BCL2	4668911
ENSG00000085511	MAP3K4	4667709
ENSG00000141429	GALNT1	4666751
ENSG00000189241	TSPYL1	4666055
ENSG00000171314	PGAM1	4665848
ENSG00000154153	RETREG1	4665743
ENSG00000179010	MRFAP1	4663257
ENSG00000008869	HEATR5B	4661708
ENSG00000088808	PPP1R13B	4661081
ENSG00000154305	MIA3	4660872
ENSG00000175455	CCDC14	4660445
ENSG00000197603	CPLANE1	4660071
ENSG00000065135	GNAI3	4659904
ENSG00000178425	NT5DC1	4659127
ENSG00000146872	TLK2	4656473
ENSG00000115365	LANCL1	4656375
ENSG00000113384	GOLPH3	4656195
ENSG00000186487	MYT1L	4653724
ENSG00000090273	NUDC	4651562
ENSG00000139842	CUL4A	4649754
ENSG00000175497	DPP10	4647610
ENSG00000136381	IREB2	4647262
ENSG00000109184	DCUN1D4	4646715
ENSG00000106772	PRUNE2	4644586
ENSG00000165238	WNK2	4643816
ENSG00000105953	OGDH	4642168
ENSG00000144331	ZNF385B	4642116
ENSG00000184613	NELL2	4641441
ENSG00000102580	DNAJC3	4640259
ENSG00000168003	SLC3A2	4639666
ENSG00000139767	SRRM4	4639436
ENSG00000159267	HLCS	4638402
ENSG00000178177	LCORL	4637101
ENSG00000120549	KIAA1217	4636824
ENSG00000152767	FARP1	4635248
ENSG00000204256	BRD2	4634498
ENSG00000106049	HIBADH	4633889
ENSG00000119242	CCDC92	4633151
ENSG00000128016	ZFP36	4632882
ENSG00000215252	GOLGA8B	4632598
ENSG00000169851	PCDH7	4632544
ENSG00000099797	TECR	4632151
ENSG00000146729	NIPSNAP2	4632089
ENSG00000197006	METTL9	4631011
ENSG00000225921	NOL7	4629587
ENSG00000133703	KRAS	4629557
ENSG00000100142	POLR2F	4629499
ENSG00000151292	CSNK1G3	4628608
ENSG00000035681	NSMAF	4628581
ENSG00000151092	NGLY1	4627959
ENSG00000184205	TSPYL2	4627379
ENSG00000148200	NR6A1	4626810
ENSG00000012660	ELOVL5	4626315
ENSG00000068796	KIF2A	4626050
ENSG00000170234	PWWP2A	4625806
ENSG00000196323	ZBTB44	4624938
ENSG00000116698	SMG7	4624460
ENSG00000171475	WIPF2	4624245
ENSG00000072736	NFATC3	4623734
ENSG00000114757	PEX5L	4622512
ENSG00000143384	MCL1	4620680
ENSG00000141522	ARHGDIA	4620357
ENSG00000108599	AKAP10	4618562
ENSG00000100412	ACO2	4617950
ENSG00000114948	ADAM23	4617163
ENSG00000147481	SNTG1	4615531
ENSG00000203879	GDI1	4615115
ENSG00000114933	INO80D	4614678
ENSG00000166200	COPS2	4614511
ENSG00000173113	TRMT112	4614411
ENSG00000184640	SEPTIN9	4614197
ENSG00000149256	TENM4	4614074
ENSG00000162852	CNST	4614041
ENSG00000139132	FGD4	4613580
ENSG00000135341	MAP3K7	4613077
ENSG00000172461	FUT9	4611522
ENSG00000109686	SH3D19	4610272
ENSG00000134046	MBD2	4609840
ENSG00000136146	MED4	4609237
ENSG00000168297	PXK	4609059
ENSG00000186952	TMEM232	4608692
ENSG00000160752	FDPS	4608307
ENSG00000198874	TYW1	4606482
ENSG00000130811	EIF3G	4604958
ENSG00000124193	SRSF6	4604916
ENSG00000113719	ERGIC1	4604117
ENSG00000113811	SELENOK	4603483
ENSG00000095066	HOOK2	4602621
ENSG00000004766	VPS50	4602407
ENSG00000108854	SMURF2	4601859
ENSG00000019582	CD74	4600774
ENSG00000114209	PDCD10	4600645
ENSG00000123607	TTC21B	4600057
ENSG00000126883	NUP214	4600029
ENSG00000162604	TM2D1	4599852
ENSG00000164182	NDUFAF2	4599841
ENSG00000164151	ICE1	4599723
ENSG00000177679	SRRM3	4599650
ENSG00000169641	LUZP1	4599437
ENSG00000184672	RALYL	4596990
ENSG00000214595	EML6	4594356
ENSG00000167323	STIM1	4592234
ENSG00000144895	EIF2A	4592145
ENSG00000146426	TIAM2	4591500
ENSG00000054654	SYNE2	4591308
ENSG00000167863	ATP5PD	4590724
ENSG00000182774	RPS17	4590080
ENSG00000083123	BCKDHB	4589302
ENSG00000163104	SMARCAD1	4588750
ENSG00000104695	PPP2CB	4588720
ENSG00000151327	FAM177A1	4587726
ENSG00000107829	FBXW4	4587633
ENSG00000121579	NAA50	4587425
ENSG00000138641	HERC3_ENSG00000138641	4587307
ENSG00000103091	WDR59	4587029
ENSG00000163956	LRPAP1	4585769
ENSG00000182095	TNRC18	4584808
ENSG00000160746	ANO10	4584662
ENSG00000136631	VPS45	4582691
ENSG00000196277	GRM7	4582173
ENSG00000008086	CDKL5	4582058
ENSG00000079459	FDFT1	4581115
ENSG00000198739	LRRTM3	4579908
ENSG00000132471	WBP2	4579733
ENSG00000144677	CTDSPL	4577481
ENSG00000154027	AK5	4576998
ENSG00000107742	SPOCK2	4576678
ENSG00000023171	GRAMD1B	4576553
ENSG00000131773	KHDRBS3	4575467
ENSG00000185418	TARS3	4575136
ENSG00000035403	VCL	4574355
ENSG00000112079	STK38	4573884
ENSG00000132718	SYT11	4573241
ENSG00000109685	NSD2	4572836
ENSG00000196876	SCN8A	4572149
ENSG00000108587	GOSR1	4571414
ENSG00000159352	PSMD4	4571354
ENSG00000105185	PDCD5	4570782
ENSG00000173436	MICOS10	4570688
ENSG00000140990	NDUFB10	4570408
ENSG00000008710	PKD1	4570369
ENSG00000266028	SRGAP2	4569678
ENSG00000165443	PHYHIPL	4569669
ENSG00000116747	RO60	4568974
ENSG00000198700	IPO9	4568597
ENSG00000031698	SARS1	4568416
ENSG00000076641	PAG1	4567924
ENSG00000106078	COBL	4567842
ENSG00000139597	N4BP2L1	4567760
ENSG00000111642	CHD4	4567132
ENSG00000143376	SNX27	4566835
ENSG00000120686	UFM1	4565924
ENSG00000106070	GRB10	4565295
ENSG00000140600	SH3GL3	4565260
ENSG00000078124	ACER3	4564996
ENSG00000131323	TRAF3	4564978
ENSG00000168904	LRRC28	4564747
ENSG00000085063	CD59	4563371
ENSG00000198879	SFMBT2	4562708
ENSG00000147601	TERF1	4562507
ENSG00000157087	ATP2B2	4561478
ENSG00000168038	ULK4	4560346
ENSG00000170515	PA2G4	4558131
ENSG00000104325	DECR1	4558001
ENSG00000166669	ATF7IP2	4557712
ENSG00000183020	AP2A2	4556813
ENSG00000152270	PDE3B	4556328
ENSG00000169372	CRADD	4555651
ENSG00000186395	KRT10	4555507
ENSG00000198791	CNOT7	4555099
ENSG00000140632	GLYR1	4555018
ENSG00000196730	DAPK1	4554693
ENSG00000143797	MBOAT2	4554571
ENSG00000182903	ZNF721	4554525
ENSG00000107282	APBA1	4553926
ENSG00000141380	SS18	4553920
ENSG00000114374	USP9Y	4553536
ENSG00000144339	TMEFF2	4553282
ENSG00000154582	ELOC	4552572
ENSG00000170906	NDUFA3	4552494
ENSG00000174839	DENND6A	4551927
ENSG00000143970	ASXL2	4550860
ENSG00000107798	LIPA	4550349
ENSG00000055332	EIF2AK2	4550341
ENSG00000135905	DOCK10	4550300
ENSG00000155096	AZIN1	4549908
ENSG00000117419	ERI3	4549028
ENSG00000175175	PPM1E	4548328
ENSG00000154240	CEP112	4547630
ENSG00000124789	NUP153	4545711
ENSG00000165868	HSPA12A	4545597
ENSG00000133134	BEX2	4545399
ENSG00000136895	GARNL3	4545241
ENSG00000132323	ILKAP	4544546
ENSG00000126524	SBDS	4544516
ENSG00000105856	HBP1	4543402
ENSG00000109586	GALNT7	4542708
ENSG00000102572	STK24	4541850
ENSG00000164300	SERINC5	4541358
ENSG00000127445	PIN1	4541255
ENSG00000197147	LRRC8B	4541250
ENSG00000162415	ZSWIM5	4541118
ENSG00000144278	GALNT13	4540648
ENSG00000100364	KIAA0930	4540050
ENSG00000079785	DDX1	4538394
ENSG00000174886	NDUFA11	4538016
ENSG00000104131	EIF3J	4537300
ENSG00000165494	PCF11	4536772
ENSG00000163328	GPR155	4536650
ENSG00000099991	CABIN1	4535416
ENSG00000144744	UBA3	4535370
ENSG00000176102	CSTF3	4534910
ENSG00000196367	TRRAP	4534871
ENSG00000135821	GLUL	4534542
ENSG00000101290	CDS2	4533880
ENSG00000106299	WASL	4533648
ENSG00000196305	IARS1	4533146
ENSG00000171490	RSL1D1	4530800
ENSG00000171435	KSR2	4530756
ENSG00000058668	ATP2B4	4529830
ENSG00000099795	NDUFB7	4529664
ENSG00000129657	SEC14L1	4528049
ENSG00000102003	SYP	4526882
ENSG00000134248	LAMTOR5	4526841
ENSG00000107295	SH3GL2	4526633
ENSG00000186298	PPP1CC	4525715
ENSG00000173482	PTPRM	4523886
ENSG00000118705	RPN2	4523409
ENSG00000152583	SPARCL1	4523096
ENSG00000123908	AGO2	4522901
ENSG00000139726	DENR	4522441
ENSG00000101489	CELF4	4522176
ENSG00000160932	LY6E	4520353
ENSG00000159733	ZFYVE28	4519024
ENSG00000087502	ERGIC2	4518765
ENSG00000148468	FAM171A1	4518577
ENSG00000148408	CACNA1B	4517654
ENSG00000162980	ARL5A	4516736
ENSG00000120008	WDR11	4515949
ENSG00000144635	DYNC1LI1	4515912
ENSG00000137312	FLOT1	4515321
ENSG00000080371	RAB21	4515116
ENSG00000184408	KCND2	4514900
ENSG00000150627	WDR17	4514771
ENSG00000059804	SLC2A3	4514466
ENSG00000146938	NLGN4X	4514418
ENSG00000092978	GPATCH2	4514265
ENSG00000086598	TMED2	4512668
ENSG00000171109	MFN1	4512529
ENSG00000026652	AGPAT4	4512252
ENSG00000184349	EFNA5	4512203
ENSG00000167815	PRDX2	4511963
ENSG00000115993	TRAK2	4510978
ENSG00000070367	EXOC5	4510385
ENSG00000140153	WDR20	4510340
ENSG00000103035	PSMD7	4509508
ENSG00000160953	PWWP3A	4509505
ENSG00000068745	IP6K2	4509129
ENSG00000166435	XRRA1	4509011
ENSG00000176658	MYO1D	4508697
ENSG00000087495	PHACTR3	4508388
ENSG00000144369	FAM171B	4506230
ENSG00000144747	TMF1	4505420
ENSG00000063854	HAGH	4505292
ENSG00000067064	IDI1	4505243
ENSG00000123352	SPATS2	4504351
ENSG00000034053	APBA2	4504075
ENSG00000108395	TRIM37	4503891
ENSG00000159128	IFNGR2	4502067
ENSG00000132359	RAP1GAP2	4499498
ENSG00000158710	TAGLN2	4498837
ENSG00000006451	RALA	4494269
ENSG00000100902	PSMA6	4494021
ENSG00000138600	SPPL2A	4492145
ENSG00000166471	TMEM41B	4492093
ENSG00000230989	HSBP1	4491922
ENSG00000130332	LSM7	4491485
ENSG00000074603	DPP8	4491299
ENSG00000172428	COPS9	4491187
ENSG00000127838	PNKD	4490879
ENSG00000158161	EYA3	4490464
ENSG00000125818	PSMF1	4489438
ENSG00000170011	MYRIP	4489095
ENSG00000186231	KLHL32	4488158
ENSG00000157445	CACNA2D3	4488042
ENSG00000101191	DIDO1	4488021
ENSG00000241468	ATP5MF	4487120
ENSG00000144566	RAB5A	4486178
ENSG00000170471	RALGAPB	4486056
ENSG00000134717	BTF3L4	4483241
ENSG00000109171	SLAIN2	4479247
ENSG00000178105	DDX10	4478876
ENSG00000134030	CTIF	4478645
ENSG00000178385	PLEKHM3	4478410
ENSG00000100888	CHD8	4478361
ENSG00000140455	USP3	4477381
ENSG00000196814	MVB12B	4476610
ENSG00000169139	UBE2V2	4475660
ENSG00000165632	TAF3	4474280
ENSG00000165813	CCDC186	4474239
ENSG00000114023	FAM162A	4471738
ENSG00000102921	N4BP1	4471670
ENSG00000081377	CDC14B	4471610
ENSG00000187764	SEMA4D	4471600
ENSG00000140538	NTRK3	4471577
ENSG00000077264	PAK3	4471459
ENSG00000196352	CD55	4470849
ENSG00000275066	SYNRG	4470483
ENSG00000135040	NAA35	4469907
ENSG00000148925	BTBD10	4469384
ENSG00000134121	CHL1	4468685
ENSG00000137497	NUMA1	4468681
ENSG00000100934	SEC23A	4468360
ENSG00000113319	RASGRF2	4468222
ENSG00000076108	BAZ2A	4467662
ENSG00000120733	KDM3B	4467661
ENSG00000158604	TMED4	4467620
ENSG00000160445	ZER1	4466562
ENSG00000168959	GRM5	4466469
ENSG00000101460	MAP1LC3A	4466272
ENSG00000146425	DYNLT1	4465993
ENSG00000213096	ZNF254	4464704
ENSG00000169021	UQCRFS1	4463312
ENSG00000151025	GPR158	4462966
ENSG00000109220	CHIC2	4462850
ENSG00000175203	DCTN2	4461820
ENSG00000148484	RSU1	4458609
ENSG00000075790	BCAP29	4455883
ENSG00000058404	CAMK2B	4454822
ENSG00000170606	HSPA4	4454617
ENSG00000126067	PSMB2	4454455
ENSG00000117614	SYF2	4454042
ENSG00000198431	TXNRD1	4453871
ENSG00000115525	ST3GAL5	4452832
ENSG00000160194	NDUFV3	4451908
ENSG00000117114	ADGRL2	4450758
ENSG00000093144	ECHDC1	4450498
ENSG00000148180	GSN	4450235
ENSG00000206052	DOK6	4450163
ENSG00000092931	MFSD11	4449274
ENSG00000122884	P4HA1	4448019
ENSG00000165379	LRFN5	4447348
ENSG00000088970	KIZ	4445898
ENSG00000156256	USP16	4445443
ENSG00000122643	NT5C3A	4445206
ENSG00000104177	MYEF2	4445122
ENSG00000136051	WASHC4	4444384
ENSG00000183576	SETD3	4444358
ENSG00000156958	GALK2	4444284
ENSG00000128872	TMOD2	4444039
ENSG00000165416	SUGT1	4442260
ENSG00000198752	CDC42BPB	4442219
ENSG00000064933	PMS1	4441107
ENSG00000183454	GRIN2A	4440394
ENSG00000115286	NDUFS7	4438910
ENSG00000117054	ACADM	4438872
ENSG00000159082	SYNJ1	4438028
ENSG00000132507	EIF5A	4437992
ENSG00000130511	SSBP4	4437358
ENSG00000184897	H1-10	4436986
ENSG00000198513	ATL1	4436375
ENSG00000206579	XKR4	4435955
ENSG00000196313	POM121	4435624
ENSG00000180773	SLC36A4	4434148
ENSG00000160218	TRAPPC10	4434085
ENSG00000174718	RESF1	4433673
ENSG00000171310	CHST11	4432774
ENSG00000119787	ATL2	4431852
ENSG00000184207	PGP	4430222
ENSG00000132305	IMMT	4429973
ENSG00000167986	DDB1	4429794
ENSG00000102226	USP11	4429764
ENSG00000116127	ALMS1	4426959
ENSG00000100442	FKBP3	4426822
ENSG00000197081	IGF2R	4424899
ENSG00000006015	REX1BD	4423119
ENSG00000146540	C7orf50	4422895
ENSG00000184156	KCNQ3	4421374
ENSG00000150527	MIA2	4420853
ENSG00000120029	ARMH3	4420835
ENSG00000105323	HNRNPUL1	4420741
ENSG00000131023	LATS1	4420661
ENSG00000115415	STAT1	4420577
ENSG00000133103	COG6	4419893
ENSG00000143353	LYPLAL1	4419781
ENSG00000185722	ANKFY1	4419166
ENSG00000115762	PLEKHB2	4418984
ENSG00000172379	ARNT2	4417009
ENSG00000151366	NDUFC2	4416927
ENSG00000139737	SLAIN1	4416028
ENSG00000136143	SUCLA2	4413897
ENSG00000099968	BCL2L13	4413316
ENSG00000035928	RFC1	4412515
ENSG00000132938	MTUS2	4409234
ENSG00000082212	ME2	4408989
ENSG00000146731	CCT6A	4408571
ENSG00000135336	ORC3	4405221
ENSG00000136628	EPRS1	4405147
ENSG00000166503	HDGFL3	4404905
ENSG00000169891	REPS2	4404892
ENSG00000198794	SCAMP5	4404789
ENSG00000147854	UHRF2	4401620
ENSG00000163288	GABRB1	4401087
ENSG00000136436	CALCOCO2	4400159
ENSG00000105402	NAPA	4399330
ENSG00000136044	APPL2	4399266
ENSG00000121766	ZCCHC17	4397862
ENSG00000162105	SHANK2	4397386
ENSG00000184277	TM2D3	4396716
ENSG00000166226	CCT2	4396388
ENSG00000165650	PDZD8	4394768
ENSG00000243678	NME2	4394768
ENSG00000094975	SUCO	4394652
ENSG00000112697	TMEM30A	4394518
ENSG00000079134	THOC1	4394516
ENSG00000123384	LRP1	4394377
ENSG00000115084	SLC35F5	4393788
ENSG00000051523	CYBA	4393479
ENSG00000110435	PDHX	4393206
ENSG00000169230	PRELID1	4393132
ENSG00000168090	COPS6	4392627
ENSG00000141551	CSNK1D	4391506
ENSG00000125675	GRIA3	4390325
ENSG00000197872	CYRIA	4389595
ENSG00000175216	CKAP5	4388754
ENSG00000145526	CDH18	4387273
ENSG00000068650	ATP11A	4387116
ENSG00000025800	KPNA6	4386737
ENSG00000115109	EPB41L5	4386055
ENSG00000132300	PTCD3	4385612
ENSG00000175471	MCTP1	4385019
ENSG00000135316	SYNCRIP	4383916
ENSG00000159720	ATP6V0D1	4383864
ENSG00000136280	CCM2	4382628
ENSG00000163788	SNRK	4382612
ENSG00000073578	SDHA	4381833
ENSG00000204569	PPP1R10	4381216
ENSG00000152409	JMY	4380600
ENSG00000104660	LEPROTL1	4380253
ENSG00000171587	DSCAM	4379040
ENSG00000176095	IP6K1	4378600
ENSG00000085719	CPNE3	4378502
ENSG00000211450	SELENOH	4378261
ENSG00000204272	NBDY	4377742
ENSG00000112419	PHACTR2	4376037
ENSG00000093010	COMT	4375893
ENSG00000130844	ZNF331	4375570
ENSG00000132912	DCTN4	4375427
ENSG00000100207	TCF20	4375340
ENSG00000100883	SRP54	4372692
ENSG00000159199	ATP5MC1	4371819
ENSG00000129317	PUS7L	4371650
ENSG00000003987	MTMR7	4371615
ENSG00000027697	IFNGR1	4369678
ENSG00000178568	ERBB4	4367415
ENSG00000100225	FBXO7	4366454
ENSG00000021776	AQR	4366294
ENSG00000117697	NSL1	4365096
ENSG00000163558	PRKCI	4364884
ENSG00000129518	EAPP	4364337
ENSG00000165392	WRN	4359932
ENSG00000108799	EZH1	4358832
ENSG00000064115	TM7SF3	4358801
ENSG00000172766	NAA16	4358335
ENSG00000154277	UCHL1	4357990
ENSG00000114956	DGUOK	4357657
ENSG00000147642	SYBU	4356309
ENSG00000174842	GLMN	4355520
ENSG00000042753	AP2S1	4355397
ENSG00000159256	MORC3	4353172
ENSG00000164715	LMTK2	4352408
ENSG00000216937	CCDC7	4352307
ENSG00000130227	XPO7	4352113
ENSG00000147140	NONO	4351606
ENSG00000155052	CNTNAP5	4351589
ENSG00000162909	CAPN2	4351308
ENSG00000169905	TOR1AIP2	4351287
ENSG00000111785	RIC8B	4350479
ENSG00000100353	EIF3D	4350015
ENSG00000121310	ECHDC2	4349447
ENSG00000079482	OPHN1	4349417
ENSG00000155368	DBI	4346616
ENSG00000137449	CPEB2	4346032
ENSG00000119906	SLF2	4345727
ENSG00000026508	CD44	4344339
ENSG00000258890	CEP95	4344023
ENSG00000071794	HLTF	4343328
ENSG00000079691	CARMIL1	4342949
ENSG00000273079	GRIN2B	4341125
ENSG00000136021	SCYL2	4340955
ENSG00000145990	GFOD1	4340436
ENSG00000137266	SLC22A23	4339576
ENSG00000108055	SMC3	4338754
ENSG00000164209	SLC25A46	4338313
ENSG00000074319	TSG101	4336975
ENSG00000172175	MALT1	4336923
ENSG00000146433	TMEM181	4336561
ENSG00000198931	APRT	4335368
ENSG00000004059	ARF5	4335333
ENSG00000151413	NUBPL	4335310
ENSG00000080822	CLDND1	4335276
ENSG00000214078	CPNE1	4335258
ENSG00000157064	NMNAT2	4334581
ENSG00000128563	PRKRIP1	4334428
ENSG00000066739	ATG2B	4334000
ENSG00000101966	XIAP	4333456
ENSG00000125772	GPCPD1	4333447
ENSG00000145494	NDUFS6	4333224
ENSG00000004864	SLC25A13	4332467
ENSG00000107625	DDX50	4330956
ENSG00000188042	ARL4C	4330152
ENSG00000141441	GAREM1	4329701
ENSG00000151348	EXT2	4329501
ENSG00000065882	TBC1D1	4328595
ENSG00000141556	TBCD	4326314
ENSG00000129422	MTUS1	4325745
ENSG00000125821	DTD1	4325246
ENSG00000129197	RPAIN	4325160
ENSG00000120254	MTHFD1L	4325114
ENSG00000135127	BICDL1	4324180
ENSG00000140694	PARN	4324167
ENSG00000172354	GNB2	4323472
ENSG00000160216	AGPAT3	4322188
ENSG00000151338	MIPOL1	4321955
ENSG00000155974	GRIP1	4321828
ENSG00000163166	IWS1	4321253
ENSG00000145864	GABRB2	4320097
ENSG00000132002	DNAJB1	4319941
ENSG00000095794	CREM	4319080
ENSG00000137073	UBAP2	4318709
ENSG00000115241	PPM1G	4317743
ENSG00000106608	URGCP	4316244
ENSG00000110717	NDUFS8	4315663
ENSG00000146282	RARS2	4312751
ENSG00000182446	NPLOC4	4312742
ENSG00000111647	BLTP3B	4311661
ENSG00000152102	FAM168B	4311642
ENSG00000133398	MED10	4310746
ENSG00000004487	KDM1A	4310260
ENSG00000277443	MARCKS	4309406
ENSG00000120798	NR2C1	4309344
ENSG00000048405	ZNF800	4308471
ENSG00000089335	ZNF302	4308170
ENSG00000183783	KCTD8	4307986
ENSG00000112541	PDE10A	4307878
ENSG00000106392	C1GALT1	4307580
ENSG00000115761	NOL10	4306435
ENSG00000164989	CCDC171	4304541
ENSG00000157152	SYN2	4304259
ENSG00000164144	ARFIP1	4303754
ENSG00000198218	QRICH1	4303743
ENSG00000078070	MCCC1	4303447
ENSG00000198825	INPP5F	4302648
ENSG00000196937	FAM3C	4302448
ENSG00000103489	XYLT1	4301600
ENSG00000083720	OXCT1	4301224
ENSG00000011258	MBTD1	4300116
ENSG00000168734	PKIG	4299650
ENSG00000147894	C9orf72_ENSG00000147894	4299188
ENSG00000168488	ATXN2L	4298075
ENSG00000185070	FLRT2	4298025
ENSG00000134265	NAPG	4296851
ENSG00000087074	PPP1R15A	4295228
ENSG00000047315	POLR2B	4295155
ENSG00000149823	VPS51	4293206
ENSG00000185728	YTHDF3	4292080
ENSG00000095002	MSH2	4290238
ENSG00000166439	RNF169	4289954
ENSG00000138175	ARL3	4289812
ENSG00000135931	ARMC9	4288466
ENSG00000122299	ZC3H7A	4287920
ENSG00000144021	CIAO1	4287887
ENSG00000115942	ORC2	4287673
ENSG00000064419	TNPO3	4286805
ENSG00000186469	GNG2	4286492
ENSG00000131368	MRPS25	4285885
ENSG00000139343	SNRPF	4285396
ENSG00000116406	EDEM3	4284246
ENSG00000167766	ZNF83	4282697
ENSG00000117118	SDHB	4282190
ENSG00000119414	PPP6C	4281037
ENSG00000173272	MZT2A	4278678
ENSG00000172939	OXSR1	4278346
ENSG00000184005	ST6GALNAC3	4277784
ENSG00000103266	STUB1	4277304
ENSG00000143977	SNRPG	4276482
ENSG00000107164	FUBP3	4276416
ENSG00000018510	AGPS	4276252
ENSG00000083290	ULK2	4275625
ENSG00000241058	NSUN6	4275544
ENSG00000165516	KLHDC2	4274721
ENSG00000136928	GABBR2	4273850
ENSG00000265241	RBM8A	4273521
ENSG00000110841	PPFIBP1	4273358
ENSG00000153558	FBXL2	4273241
ENSG00000155097	ATP6V1C1	4272979
ENSG00000165185	KIAA1958	4272071
ENSG00000119650	IFT43	4271673
ENSG00000197121	PGAP1	4270058
ENSG00000131100	ATP6V1E1	4269529
ENSG00000169826	CSGALNACT2	4268926
ENSG00000148154	UGCG	4268333
ENSG00000144893	MED12L	4268084
ENSG00000066427	ATXN3	4266995
ENSG00000126804	ZBTB1	4266984
ENSG00000104324	CPQ	4266851
ENSG00000104047	DTWD1	4264272
ENSG00000185825	BCAP31	4262798
ENSG00000050438	SLC4A8	4262430
ENSG00000179134	SAMD4B	4262293
ENSG00000101746	NOL4	4262076
ENSG00000089177	KIF16B	4261051
ENSG00000124496	TRERF1	4260977
ENSG00000163536	SERPINI1	4260782
ENSG00000161813	LARP4	4260737
ENSG00000196376	SLC35F1	4259761
ENSG00000155511	GRIA1	4258710
ENSG00000140374	ETFA	4258584
ENSG00000143727	ACP1	4257471
ENSG00000069956	MAPK6	4257032
ENSG00000122550	KLHL7	4256493
ENSG00000164494	PDSS2	4255121
ENSG00000143252	SDHC	4255007
ENSG00000185532	PRKG1	4252924
ENSG00000168522	FNTA	4250306
ENSG00000119397	CNTRL	4248825
ENSG00000105810	CDK6	4248108
ENSG00000032742	IFT88	4247144
ENSG00000125148	MT2A	4246994
ENSG00000159593	NAE1	4246954
ENSG00000173715	C11orf80	4245885
ENSG00000242485	MRPL20	4245573
ENSG00000144285	SCN1A	4245423
ENSG00000157107	FCHO2	4244900
ENSG00000125633	CCDC93	4243787
ENSG00000158470	B4GALT5	4243037
ENSG00000178209	PLEC	4243000
ENSG00000197170	PSMD12	4242607
ENSG00000157168	NRG1	4242212
ENSG00000272886	DCP1A	4242128
ENSG00000112282	MED23	4241832
ENSG00000163634	THOC7	4241239
ENSG00000174574	AKIRIN1	4240911
ENSG00000119541	VPS4B	4240341
ENSG00000041357	PSMA4	4238355
ENSG00000113068	PFDN1	4237933
ENSG00000114850	SSR3	4237687
ENSG00000146701	MDH2	4236698
ENSG00000169933	FRMPD4	4236437
ENSG00000175756	AURKAIP1	4236048
ENSG00000154162	CDH12	4234775
ENSG00000139624	CERS5	4234599
ENSG00000183230	CTNNA3	4234549
ENSG00000113240	CLK4	4232566
ENSG00000198380	GFPT1	4231838
ENSG00000136861	CDK5RAP2	4231266
ENSG00000101079	NDRG3	4231037
ENSG00000086300	SNX10	4229170
ENSG00000072518	MARK2	4229152
ENSG00000143106	PSMA5	4228761
ENSG00000110172	CHORDC1	4227427
ENSG00000094916	CBX5	4227339
ENSG00000139684	ESD	4226483
ENSG00000183735	TBK1	4223299
ENSG00000136153	LMO7	4222440
ENSG00000214517	PPME1	4221959
ENSG00000169251	NMD3	4221952
ENSG00000056586	RC3H2	4221360
ENSG00000121988	ZRANB3	4221068
ENSG00000077232	DNAJC10	4221028
ENSG00000151835	SACS	4221004
ENSG00000143850	PLEKHA6	4220547
ENSG00000035687	ADSS2	4219871
ENSG00000170500	LONRF2	4219469
ENSG00000149357	LAMTOR1	4219174
ENSG00000100596	SPTLC2	4218134
ENSG00000020577	SAMD4A	4217245
ENSG00000173757	STAT5B	4216789
ENSG00000196911	KPNA5	4216684
ENSG00000166086	JAM3	4216159
ENSG00000050165	DKK3	4215588
ENSG00000003147	ICA1	4212913
ENSG00000171503	ETFDH	4211971
ENSG00000198909	MAP3K3	4211741
ENSG00000171130	ATP6V0E2	4211245
ENSG00000104490	NCALD	4210873
ENSG00000163001	CFAP36	4210456
ENSG00000165264	NDUFB6	4209418
ENSG00000214113	LYRM4	4209043
ENSG00000165521	EML5	4208964
ENSG00000157654	PALM2AKAP2	4208250
ENSG00000104714	ERICH1	4208119
ENSG00000072609	CHFR	4207680
ENSG00000109466	KLHL2	4206121
ENSG00000198010	DLGAP2	4206041
ENSG00000134532	SOX5	4205328
ENSG00000132153	DHX30	4203602
ENSG00000092010	PSME1	4202691
ENSG00000158445	KCNB1	4201832
ENSG00000139364	TMEM132B	4201254
ENSG00000101445	PPP1R16B	4201174
ENSG00000183775	KCTD16	4200411
ENSG00000070476	ZXDC	4199726
ENSG00000178913	TAF7	4199327
ENSG00000162924	REL	4197200
ENSG00000164111	ANXA5	4195744
ENSG00000135766	EGLN1	4195701
ENSG00000136936	XPA	4195288
ENSG00000004779	NDUFAB1	4194898
ENSG00000203666	EFCAB2	4193835
ENSG00000105819	PMPCB	4191487
ENSG00000162959	MEMO1	4191390
ENSG00000101019	UQCC1	4191362
ENSG00000153046	CDYL	4189288
ENSG00000134146	DPH6	4189061
ENSG00000166147	FBN1	4188950
ENSG00000085382	HACE1	4188385
ENSG00000165322	ARHGAP12	4187599
ENSG00000105254	TBCB	4186981
ENSG00000114520	SNX4	4186683
ENSG00000164741	DLC1	4185750
ENSG00000134775	FHOD3	4185506
ENSG00000124226	RNF114	4184968
ENSG00000198563	DDX39B	4184685
ENSG00000166479	TMX3	4184171
ENSG00000173226	IQCB1	4183502
ENSG00000137821	LRRC49	4182589
ENSG00000065615	CYB5R4	4182536
ENSG00000165246	NLGN4Y	4181816
ENSG00000187555	USP7	4181643
ENSG00000126934	MAP2K2	4181018
ENSG00000182923	CEP63	4180551
ENSG00000111961	SASH1	4180476
ENSG00000163811	WDR43	4180258
ENSG00000122873	CISD1	4180119
ENSG00000163029	SMC6	4179183
ENSG00000169946	ZFPM2	4176218
ENSG00000131242	RAB11FIP4	4174431
ENSG00000122958	VPS26A	4173130
ENSG00000134440	NARS1	4172256
ENSG00000162409	PRKAA2	4172042
ENSG00000152413	HOMER1	4171828
ENSG00000166128	RAB8B	4171386
ENSG00000152348	ATG10	4170686
ENSG00000111817	DSE	4168380
ENSG00000141446	ESCO1	4165465
ENSG00000125037	EMC3	4164708
ENSG00000100528	CNIH1	4162455
ENSG00000120992	LYPLA1	4160186
ENSG00000100554	ATP6V1D	4158608
ENSG00000100578	KIAA0586	4158140
ENSG00000100997	ABHD12	4151718
ENSG00000128595	CALU	4151049
ENSG00000131876	SNRPA1	4149563
ENSG00000182568	SATB1	4149447
ENSG00000147687	TATDN1	4148971
ENSG00000168397	ATG4B	4148787
ENSG00000006831	ADIPOR2	4148317
ENSG00000198087	CD2AP	4146792
ENSG00000140836	ZFHX3	4146763
ENSG00000137267	TUBB2A	4146695
ENSG00000104290	FZD3	4144772
ENSG00000241685	ARPC1A	4143896
ENSG00000092096	SLC22A17	4143720
ENSG00000153560	UBP1	4143632
ENSG00000162989	KCNJ3	4142260
ENSG00000153291	SLC25A27	4141267
ENSG00000144642	RBMS3	4141007
ENSG00000142166	IFNAR1	4140669
ENSG00000131067	GGT7	4139674
ENSG00000162104	ADCY9	4139477
ENSG00000151376	ME3	4139405
ENSG00000070269	TMEM260	4139356
ENSG00000150938	CRIM1	4139188
ENSG00000163191	S100A11	4139000
ENSG00000133606	MKRN1	4137727
ENSG00000131013	PPIL4	4136526
ENSG00000010322	NISCH	4136293
ENSG00000086619	ERO1B	4135417
ENSG00000109919	MTCH2	4135370
ENSG00000154845	PPP4R1	4134962
ENSG00000120438	TCP1	4134370
ENSG00000120675	DNAJC15	4131750
ENSG00000135679	MDM2	4131551
ENSG00000088367	EPB41L1	4130932
ENSG00000163904	SENP2	4130664
ENSG00000101152	DNAJC5	4130252
ENSG00000153253	SCN3A	4128963
ENSG00000079332	SAR1A	4128172
ENSG00000116793	PHTF1	4127389
ENSG00000135046	ANXA1	4126133
ENSG00000158458	NRG2	4125345
ENSG00000121542	SEC22A	4124818
ENSG00000110318	CEP126	4124338
ENSG00000152402	GUCY1A2	4124307
ENSG00000074211	PPP2R2C	4124116
ENSG00000187605	TET3	4123871
ENSG00000103544	VPS35L	4123737
ENSG00000173141	MRPL57	4123710
ENSG00000138399	FASTKD1	4122790
ENSG00000175470	PPP2R2D	4122359
ENSG00000127955	GNAI1	4122210
ENSG00000128534	LSM8	4121555
ENSG00000145782	ATG12	4121055
ENSG00000133195	SLC39A11	4119789
ENSG00000135506	OS9	4119580
ENSG00000175764	TTLL11	4118596
ENSG00000142188	TMEM50B	4117712
ENSG00000137210	TMEM14B	4116056
ENSG00000166595	CIAO2B	4115475
ENSG00000087338	GMCL1	4114343
ENSG00000157916	RER1	4113381
ENSG00000074416	MGLL	4113257
ENSG00000126756	UXT	4113068
ENSG00000197457	STMN3	4113009
ENSG00000153130	SCOC	4112188
ENSG00000065613	SLK	4111391
ENSG00000102710	SUPT20H	4110460
ENSG00000185274	GALNT17	4110118
ENSG00000005020	SKAP2	4110062
ENSG00000260230	FRRS1L	4109981
ENSG00000152700	SAR1B	4109360
ENSG00000197930	ERO1A	4108402
ENSG00000170624	SGCD	4108228
ENSG00000151718	WWC2	4108093
ENSG00000139174	PRICKLE1	4107758
ENSG00000147679	UTP23	4107444
ENSG00000030066	NUP160	4105084
ENSG00000095951	HIVEP1	4104764
ENSG00000149571	KIRREL3	4104353
ENSG00000101421	CHMP4B	4103945
ENSG00000198833	UBE2J1	4103805
ENSG00000144741	SLC25A26	4102912
ENSG00000213614	HEXA	4101867
ENSG00000187957	DNER	4100850
ENSG00000078808	SDF4	4100085
ENSG00000017797	RALBP1	4099783
ENSG00000180354	MTURN	4099033
ENSG00000130294	KIF1A	4098854
ENSG00000156103	MMP16	4098282
ENSG00000161048	NAPEPLD	4097990
ENSG00000078725	BRINP1	4096961
ENSG00000196663	TECPR2	4096821
ENSG00000163032	VSNL1	4096376
ENSG00000153823	PID1	4096094
ENSG00000132716	DCAF8	4095748
ENSG00000172954	LCLAT1	4095514
ENSG00000145390	USP53	4094319
ENSG00000218336	TENM3	4094139
ENSG00000139631	CSAD	4091585
ENSG00000138036	DYNC2LI1	4091207
ENSG00000160799	CCDC12	4090998
ENSG00000126457	PRMT1	4090275
ENSG00000156687	UNC5D	4089840
ENSG00000133816	MICAL2	4088547
ENSG00000197381	ADARB1	4087704
ENSG00000185760	KCNQ5	4086748
ENSG00000136267	DGKB	4085814
ENSG00000130429	ARPC1B	4085793
ENSG00000198492	YTHDF2	4085436
ENSG00000180228	PRKRA	4085198
ENSG00000165288	BRWD3	4085049
ENSG00000133114	GPALPP1	4084813
ENSG00000102109	PCSK1N	4084328
ENSG00000047932	GOPC	4083876
ENSG00000183098	GPC6	4083765
ENSG00000104427	ZC2HC1A	4082218
ENSG00000068912	ERLEC1	4082023
ENSG00000064313	TAF2	4081822
ENSG00000168118	RAB4A	4081373
ENSG00000175931	UBE2O	4081320
ENSG00000163960	UBXN7	4081213
ENSG00000141576	RNF157	4081081
ENSG00000101577	LPIN2	4080323
ENSG00000143437	ARNT	4079767
ENSG00000120306	CYSTM1	4079716
ENSG00000100242	SUN2	4078822
ENSG00000128000	ZNF780B	4078049
ENSG00000160058	BSDC1	4077548
ENSG00000078295	ADCY2	4076152
ENSG00000077044	DGKD	4075573
ENSG00000090565	RAB11FIP3	4075257
ENSG00000143155	TIPRL	4075224
ENSG00000166313	APBB1	4074469
ENSG00000035862	TIMP2	4073848
ENSG00000203667	COX20	4073749
ENSG00000100603	SNW1	4073598
ENSG00000125835	SNRPB	4072804
ENSG00000123159	GIPC1	4072709
ENSG00000108474	PIGL	4072671
ENSG00000151612	ZNF827	4072351
ENSG00000107560	RAB11FIP2	4070864
ENSG00000092201	SUPT16H	4070192
ENSG00000138448	ITGAV	4070142
ENSG00000174238	PITPNA	4069842
ENSG00000178567	EPM2AIP1	4069504
ENSG00000134504	KCTD1	4067858
ENSG00000198369	SPRED2	4067507
ENSG00000102471	NDFIP2	4066625
ENSG00000140199	SLC12A6	4066559
ENSG00000100266	PACSIN2	4066217
ENSG00000014123	UFL1	4065930
ENSG00000166780	BMERB1	4065785
ENSG00000116266	STXBP3	4064222
ENSG00000165699	TSC1	4063438
ENSG00000112290	WASF1	4063417
ENSG00000154814	OXNAD1	4063122
ENSG00000183530	PRR14L	4063049
ENSG00000134996	OSTF1	4062247
ENSG00000105784	RUNDC3B	4062119
ENSG00000152484	USP12	4061921
ENSG00000164742	ADCY1	4061500
ENSG00000172216	CEBPB	4061240
ENSG00000112530	PACRG	4060823
ENSG00000108010	GLRX3	4060435
ENSG00000272391	POM121C	4060022
ENSG00000185716	MOSMO	4059775
ENSG00000186166	CENATAC	4059707
ENSG00000004866	ST7	4059465
ENSG00000140382	HMG20A	4059409
ENSG00000185950	IRS2	4059158
ENSG00000111348	ARHGDIB	4059146
ENSG00000143158	MPC2	4058943
ENSG00000069424	KCNAB2	4058743
ENSG00000180998	GPR137C	4058477
ENSG00000050748	MAPK9	4058019
ENSG00000081019	RSBN1	4057573
ENSG00000151465	CDC123	4057565
ENSG00000134330	IAH1	4056972
ENSG00000090661	CERS4	4056961
ENSG00000150787	PTS	4056898
ENSG00000065833	ME1	4056564
ENSG00000197563	PIGN	4056499
ENSG00000121904	CSMD2	4055584
ENSG00000114316	USP4	4054636
ENSG00000169744	LDB2	4054562
ENSG00000071051	NCK2	4054499
ENSG00000203880	PCMTD2	4053876
ENSG00000122707	RECK	4053166
ENSG00000197223	C1D	4052853
ENSG00000119684	MLH3	4052805
ENSG00000176731	RBIS	4051239
ENSG00000164074	ABHD18	4050724
ENSG00000148690	FRA10AC1	4049797
ENSG00000176171	BNIP3	4049794
ENSG00000165355	FBXO33	4049549
ENSG00000176884	GRIN1	4048929
ENSG00000188811	NHLRC3	4048676
ENSG00000213923	CSNK1E	4048529
ENSG00000232593	KANTR	4048278
ENSG00000129116	PALLD	4048182
ENSG00000156671	SAMD8	4047934
ENSG00000118518	RNF146	4047877
ENSG00000184432	COPB2	4046781
ENSG00000196924	FLNA	4046544
ENSG00000109323	MANBA	4043118
ENSG00000175309	PHYKPL	4041099
ENSG00000198793	MTOR	4039843
ENSG00000244687	UBE2V1	4039292
ENSG00000125870	SNRPB2	4038310
ENSG00000122033	MTIF3	4037275
ENSG00000109762	SNX25	4036910
ENSG00000110344	UBE4A	4036849
ENSG00000173960	UBXN2A	4036051
ENSG00000106609	TMEM248	4035592
ENSG00000101935	AMMECR1	4035057
ENSG00000166619	BLCAP	4034895
ENSG00000148481	MINDY3	4034441
ENSG00000167088	SNRPD1	4031749
ENSG00000124942	AHNAK	4030993
ENSG00000189067	LITAF	4030854
ENSG00000108588	CCDC47	4030826
ENSG00000102858	MGRN1	4029810
ENSG00000089289	IGBP1	4028930
ENSG00000112234	FBXL4	4028929
ENSG00000115685	PPP1R7	4028435
ENSG00000138756	BMP2K	4027722
ENSG00000176809	LRRC37A3	4027499
ENSG00000176533	GNG7	4026926
ENSG00000128829	EIF2AK4	4026508
ENSG00000071537	SEL1L	4026129
ENSG00000100097	LGALS1	4026090
ENSG00000242247	ARFGAP3	4025280
ENSG00000036054	TBC1D23	4024103
ENSG00000002746	HECW1	4023912
ENSG00000140743	CDR2	4023510
ENSG00000100014	SPECC1L	4023401
ENSG00000149972	CNTN5	4023371
ENSG00000156273	BACH1	4022846
ENSG00000105696	TMEM59L	4021127
ENSG00000120162	MOB3B	4020983
ENSG00000153933	DGKE	4020039
ENSG00000125814	NAPB	4019808
ENSG00000150753	CCT5	4017505
ENSG00000136104	RNASEH2B	4017292
ENSG00000185666	SYN3	4015770
ENSG00000144802	NFKBIZ	4015509
ENSG00000092531	SNAP23	4015203
ENSG00000120899	PTK2B	4014707
ENSG00000008441	NFIX	4014418
ENSG00000182389	CACNB4	4012119
ENSG00000106701	FSD1L	4011932
ENSG00000164022	AIMP1	4011906
ENSG00000136068	FLNB	4010459
ENSG00000168092	PAFAH1B2	4010051
ENSG00000103187	COTL1	4007767
ENSG00000163629	PTPN13	4007650
ENSG00000110429	FBXO3	4007251
ENSG00000104375	STK3	4006321
ENSG00000148834	GSTO1	4005959
ENSG00000198231	DDX42	4005655
ENSG00000157259	GATAD1	4005593
ENSG00000138035	PNPT1	4004381
ENSG00000188191	PRKAR1B	4002696
ENSG00000136521	NDUFB5	4002380
ENSG00000070785	EIF2B3	4001018
ENSG00000149932	TMEM219	4000703
ENSG00000109436	TBC1D9	4000573
ENSG00000139974	SLC38A6	4000525
ENSG00000174106	LEMD3	4000299
ENSG00000115816	CEBPZ	4000135
ENSG00000196361	ELAVL3	3999952
ENSG00000111711	GOLT1B	3999866
ENSG00000182718	ANXA2	3999428
ENSG00000116120	FARSB	3999016
ENSG00000087302	RTRAF	3998779
ENSG00000198663	C6orf89	3998698
ENSG00000105221	AKT2	3998569
ENSG00000177463	NR2C2	3998520
ENSG00000146243	IRAK1BP1	3998198
ENSG00000140395	SKIC8	3997507
ENSG00000164197	RNF180	3996561
ENSG00000170522	ELOVL6	3996436
ENSG00000160271	RALGDS	3995928
ENSG00000168818	STX18	3995043
ENSG00000142655	PEX14	3993959
ENSG00000170899	GSTA4	3993655
ENSG00000100219	XBP1	3993108
ENSG00000116871	MAP7D1	3992376
ENSG00000138246	DNAJC13	3992309
ENSG00000083223	TUT7	3992248
ENSG00000196591	HDAC2	3991911
ENSG00000152932	RAB3C	3991232
ENSG00000165475	CRYL1	3990565
ENSG00000227345	PARG	3989896
ENSG00000165338	HECTD2	3989029
ENSG00000151789	ZNF385D	3988915
ENSG00000189195	BTBD8	3988644
ENSG00000135472	FAIM2	3988116
ENSG00000160789	LMNA	3987604
ENSG00000204681	GABBR1	3987386
ENSG00000131149	GSE1	3986713
ENSG00000151414	NEK7	3986437
ENSG00000043093	DCUN1D1	3985773
ENSG00000116161	CACYBP	3985024
ENSG00000010256	UQCRC1	3984866
ENSG00000074695	LMAN1	3983679
ENSG00000172531	PPP1CA	3982547
ENSG00000089327	FXYD5	3982220
ENSG00000118420	UBE3D	3981776
ENSG00000103647	CORO2B	3981726
ENSG00000070018	LRP6	3981706
ENSG00000164066	INTU	3981119
ENSG00000144028	SNRNP200	3981113
ENSG00000141580	WDR45B	3980672
ENSG00000183621	ZNF438	3980592
ENSG00000133302	SLF1	3979932
ENSG00000178719	GRINA	3978640
ENSG00000130177	CDC16	3977638
ENSG00000124570	SERPINB6	3976815
ENSG00000103018	CYB5B	3973404
ENSG00000109458	GAB1	3972194
ENSG00000065000	AP3D1	3972023
ENSG00000070413	DGCR2	3971207
ENSG00000185352	HS6ST3	3969749
ENSG00000171222	SCAND1	3968777
ENSG00000176953	NFATC2IP	3967609
ENSG00000100911	PSME2	3967464
ENSG00000182827	ACBD3	3966741
ENSG00000109787	KLF3	3966142
ENSG00000139973	SYT16	3966086
ENSG00000183741	CBX6	3965709
ENSG00000119900	OGFRL1	3965003
ENSG00000228696	ARL17B	3964679
ENSG00000196154	S100A4	3964386
ENSG00000111885	MAN1A1	3964181
ENSG00000087301	TXNDC16	3963742
ENSG00000115738	ID2	3963339
ENSG00000104231	ZFAND1	3963216
ENSG00000198929	NOS1AP	3961368
ENSG00000065150	IPO5	3960273
ENSG00000165609	NUDT5	3958696
ENSG00000060709	RIMBP2	3958408
ENSG00000103148	NPRL3	3958238
ENSG00000140750	ARHGAP17	3957723
ENSG00000021574	SPAST	3956266
ENSG00000152223	EPG5	3955180
ENSG00000178467	P4HTM	3954562
ENSG00000112186	CAP2	3954525
ENSG00000175727	MLXIP	3954378
ENSG00000143889	HNRNPLL	3953892
ENSG00000148498	PARD3	3953192
ENSG00000170430	MGMT	3953013
ENSG00000168016	TRANK1	3953000
ENSG00000144161	ZC3H8	3952478
ENSG00000090615	GOLGA3	3952354
ENSG00000090470	PDCD7	3951908
ENSG00000152558	TMEM123	3951681
ENSG00000188895	MSL1	3951530
ENSG00000022267	FHL1	3949532
ENSG00000124767	GLO1	3949064
ENSG00000158092	NCK1	3949043
ENSG00000151690	MFSD6	3949001
ENSG00000140983	RHOT2	3948066
ENSG00000104859	CLASRP	3948001
ENSG00000153037	SRP19	3947873
ENSG00000131584	ACAP3	3947837
ENSG00000156170	NDUFAF6	3946297
ENSG00000126217	MCF2L	3945195
ENSG00000182141	ZNF708	3944347
ENSG00000087191	PSMC5	3943506
ENSG00000196782	MAML3	3943436
ENSG00000108561	C1QBP	3943255
ENSG00000114686	MRPL3	3943045
ENSG00000162695	SLC30A7	3941302
ENSG00000164916	FOXK1	3940363
ENSG00000174695	TMEM167A	3940256
ENSG00000110274	CEP164	3939832
ENSG00000196104	SPOCK3	3939521
ENSG00000117691	NENF	3938836
ENSG00000075239	ACAT1	3938593
ENSG00000119771	KLHL29	3938245
ENSG00000084090	STARD7	3937766
ENSG00000144320	LNPK	3937045
ENSG00000145335	SNCA	3936311
ENSG00000141552	ANAPC11	3935694
ENSG00000174482	LINGO2	3935481
ENSG00000162032	SPSB3	3935323
ENSG00000164975	SNAPC3	3933961
ENSG00000115252	PDE1A	3933768
ENSG00000126247	CAPNS1	3932732
ENSG00000104805	NUCB1	3931497
ENSG00000129103	SUMF2	3930356
ENSG00000167196	FBXO22	3930139
ENSG00000135916	ITM2C	3929206
ENSG00000163374	YY1AP1	3929161
ENSG00000136636	KCTD3	3928805
ENSG00000131495	NDUFA2	3928445
ENSG00000198862	LTN1	3927981
ENSG00000110675	ELMOD1	3927574
ENSG00000198673	TAFA2	3927449
ENSG00000149557	FEZ1	3927357
ENSG00000113327	GABRG2	3927272
ENSG00000143878	RHOB	3927205
ENSG00000067992	PDK3	3926637
ENSG00000133121	STARD13	3925993
ENSG00000211456	SACM1L	3924319
ENSG00000181222	POLR2A	3923502
ENSG00000132792	CTNNBL1	3922650
ENSG00000133773	CCDC59	3922540
ENSG00000150712	MTMR12	3922289
ENSG00000143222	UFC1	3921729
ENSG00000170266	GLB1	3921683
ENSG00000182473	EXOC7	3921526
ENSG00000169155	ZBTB43	3920500
ENSG00000047579	DTNBP1	3919904
ENSG00000118263	KLF7	3919096
ENSG00000175105	ZNF654	3918398
ENSG00000147853	AK3	3918359
ENSG00000148950	IMMP1L	3918033
ENSG00000007341	ST7L	3917060
ENSG00000143756	FBXO28	3916526
ENSG00000066136	NFYC	3916206
ENSG00000179454	KLHL28	3916064
ENSG00000104412	EMC2	3915796
ENSG00000132463	GRSF1	3913680
ENSG00000152332	UHMK1	3912970
ENSG00000148541	FAM13C	3912363
ENSG00000102738	MRPS31	3911849
ENSG00000167281	RBFOX3	3910978
ENSG00000068903	SIRT2	3910772
ENSG00000151552	QDPR	3909593
ENSG00000166164	BRD7	3908897
ENSG00000112972	HMGCS1	3908852
ENSG00000198839	ZNF277	3908452
ENSG00000131016	AKAP12	3908401
ENSG00000164253	WDR41	3906910
ENSG00000150764	DIXDC1	3906327
ENSG00000144040	SFXN5	3903950
ENSG00000166348	USP54	3902170
ENSG00000131238	PPT1	3900710
ENSG00000086065	CHMP5	3900109
ENSG00000118507	AKAP7	3899510
ENSG00000136603	SKIL	3898339
ENSG00000060749	QSER1	3897547
ENSG00000106665	CLIP2	3897461
ENSG00000100823	APEX1	3896898
ENSG00000178950	GAK	3896790
ENSG00000113593	PPWD1	3896475
ENSG00000103034	NDRG4	3894751
ENSG00000213719	CLIC1	3894655
ENSG00000115307	AUP1	3894363
ENSG00000003056	M6PR	3893917
ENSG00000081237	PTPRC	3893089
ENSG00000147996	ZNG1E	3890671
ENSG00000071626	DAZAP1	3889941
ENSG00000198053	SIRPA	3889889
ENSG00000162734	PEA15	3889290
ENSG00000205629	LCMT1	3887753
ENSG00000110395	CBL	3887679
ENSG00000109790	KLHL5	3885243
ENSG00000110427	KIAA1549L	3883824
ENSG00000161082	CELF5	3883468
ENSG00000163655	GMPS	3882998
ENSG00000171385	KCND3	3882702
ENSG00000136261	BZW2	3882390
ENSG00000101349	PAK5	3881881
ENSG00000088832	FKBP1A	3881880
ENSG00000185236	RAB11B	3881743
ENSG00000185049	NELFA	3880187
ENSG00000221866	PLXNA4	3879942
ENSG00000187954	ZFTRAF1	3879360
ENSG00000139182	CLSTN3	3878889
ENSG00000105409	ATP1A3	3878378
ENSG00000091527	CDV3	3876167
ENSG00000110328	GALNT18	3874343
ENSG00000126602	TRAP1	3873515
ENSG00000101161	PRPF6	3872754
ENSG00000165323	FAT3	3871339
ENSG00000135624	CCT7	3870645
ENSG00000166181	API5	3870172
ENSG00000162729	IGSF8	3869930
ENSG00000066044	ELAVL1	3869285
ENSG00000134684	YARS1	3868896
ENSG00000124222	STX16	3868655
ENSG00000183780	SLC35F3	3867565
ENSG00000133612	AGAP3	3867524
ENSG00000197892	KIF13B	3867515
ENSG00000132950	ZMYM5	3867208
ENSG00000131373	HACL1	3867117
ENSG00000183044	ABAT	3866778
ENSG00000065154	OAT	3866396
ENSG00000102900	NUP93	3865712
ENSG00000141664	ZCCHC2	3864713
ENSG00000110436	SLC1A2	3864020
ENSG00000151490	PTPRO	3863727
ENSG00000111615	KRR1	3863227
ENSG00000168916	ZNF608	3862422
ENSG00000135913	USP37	3861646
ENSG00000174282	ZBTB4	3861434
ENSG00000171720	HDAC3	3860392
ENSG00000073711	PPP2R3A	3859903
ENSG00000147065	MSN	3859691
ENSG00000168310	IRF2	3859345
ENSG00000138434	ITPRID2	3859038
ENSG00000065809	FAM107B	3858843
ENSG00000174938	SEZ6L2	3857940
ENSG00000181804	SLC9A9	3857207
ENSG00000142507	PSMB6	3856811
ENSG00000156026	MCU	3856639
ENSG00000154096	THY1	3856606
ENSG00000196511	TPK1	3856033
ENSG00000103047	TANGO6	3855565
ENSG00000122557	HERPUD2	3854150
ENSG00000102879	CORO1A	3852982
ENSG00000076356	PLXNA2	3852975
ENSG00000133019	CHRM3	3852691
ENSG00000172995	ARPP21	3852006
ENSG00000087448	KLHL42	3851607
ENSG00000179152	TCAIM	3851496
ENSG00000172932	ANKRD13D	3851356
ENSG00000214413	BBIP1	3851227
ENSG00000133142	TCEAL4	3849022
ENSG00000124588	NQO2	3848529
ENSG00000122912	SLC25A16	3848514
ENSG00000087053	MTMR2	3848418
ENSG00000163349	HIPK1	3848120
ENSG00000005249	PRKAR2B	3847217
ENSG00000138002	IFT172	3847214
ENSG00000106355	LSM5	3846661
ENSG00000169118	CSNK1G1	3846398
ENSG00000042317	SPATA7	3845788
ENSG00000164659	ELAPOR2	3844767
ENSG00000166579	NDEL1	3843637
ENSG00000176783	RUFY1	3843298
ENSG00000143643	TTC13	3842549
ENSG00000122376	SHLD2	3842060
ENSG00000003393	ALS2	3841543
ENSG00000067057	PFKP	3840728
ENSG00000126216	TUBGCP3	3840723
ENSG00000171033	PKIA	3840616
ENSG00000141198	TOM1L1	3840559
ENSG00000168807	SNTB2	3839742
ENSG00000275023	MLLT6	3839711
ENSG00000138439	FAM117B	3839644
ENSG00000147724	FAM135B	3839251
ENSG00000157954	WIPI2	3837932
ENSG00000172466	ZNF24	3837276
ENSG00000135951	TSGA10	3836445
ENSG00000144847	IGSF11	3836413
ENSG00000099901	RANBP1	3836138
ENSG00000040199	PHLPP2	3835130
ENSG00000130748	TMEM160	3833923
ENSG00000101333	PLCB4	3833630
ENSG00000106211	HSPB1	3832927
ENSG00000153233	PTPRR	3832891
ENSG00000113194	FAF2	3832565
ENSG00000005436	GCFC2	3832195
ENSG00000179832	MROH1	3832072
ENSG00000148143	ZNF462	3831089
ENSG00000104435	STMN2	3830966
ENSG00000146223	RPL7L1	3830520
ENSG00000145016	RUBCN	3830514
ENSG00000115561	CHMP3	3830462
ENSG00000092020	PPP2R3C	3830081
ENSG00000198792	TMEM184B	3829016
ENSG00000136111	TBC1D4	3828337
ENSG00000115128	SF3B6	3827876
ENSG00000221869	CEBPD	3827267
ENSG00000185201	IFITM2	3827223
ENSG00000141562	NARF	3827163
ENSG00000102780	DGKH	3825993
ENSG00000000419	DPM1	3825920
ENSG00000188554	NBR1	3825224
ENSG00000073169	SELENOO	3825200
ENSG00000104164	BLOC1S6	3824862
ENSG00000108349	CASC3	3823042
ENSG00000137076	TLN1	3822521
ENSG00000118690	ARMC2	3822194
ENSG00000172795	DCP2	3821473
ENSG00000198108	CHSY3	3821302
ENSG00000117155	SSX2IP	3821272
ENSG00000131116	ZNF428	3821078
ENSG00000183166	CALN1	3820922
ENSG00000163491	NEK10	3820233
ENSG00000184840	TMED9	3820207
ENSG00000069248	NUP133	3819975
ENSG00000163902	RPN1	3818424
ENSG00000136193	SCRN1	3817091
ENSG00000106105	GARS1	3817036
ENSG00000125851	PCSK2	3816958
ENSG00000166922	SCG5	3816824
ENSG00000040731	CDH10	3816085
ENSG00000057757	PITHD1	3814646
ENSG00000164164	OTUD4	3814556
ENSG00000162929	SANBR	3814544
ENSG00000117528	ABCD3	3814351
ENSG00000136819	C9orf78	3813865
ENSG00000165434	PGM2L1	3813297
ENSG00000130985	UBA1	3813277
ENSG00000111879	FAM184A	3812877
ENSG00000158636	EMSY	3812720
ENSG00000122966	CIT	3812278
ENSG00000188312	CENPP	3812195
ENSG00000125124	BBS2	3809977
ENSG00000110911	SLC11A2	3809244
ENSG00000120137	PANK3	3809010
ENSG00000184304	PRKD1	3808756
ENSG00000152242	C18orf25	3807753
ENSG00000134255	CEPT1	3807627
ENSG00000145375	SPATA5	3807440
ENSG00000136002	ARHGEF4	3807332
ENSG00000196642	RABL6	3806481
ENSG00000205352	PRR13	3806415
ENSG00000151572	ANO4	3806361
ENSG00000168386	FILIP1L	3804942
ENSG00000143799	PARP1	3803420
ENSG00000067606	PRKCZ	3801662
ENSG00000151687	ANKAR	3801569
ENSG00000177058	SLC38A9	3801121
ENSG00000128915	ICE2	3801038
ENSG00000197008	ZNF138	3799465
ENSG00000170445	HARS1	3799157
ENSG00000138750	NUP54	3799091
ENSG00000140948	ZCCHC14	3798898
ENSG00000180881	CAPS2	3798760
ENSG00000084623	EIF3I	3798685
ENSG00000144959	NCEH1	3798054
ENSG00000125991	ERGIC3	3796646
ENSG00000114650	SCAP	3794690
ENSG00000241878	PISD	3794595
ENSG00000102974	CTCF	3794575
ENSG00000137802	MAPKBP1	3794190
ENSG00000118733	OLFM3	3793579
ENSG00000135048	CEMIP2	3792321
ENSG00000105438	KDELR1	3791301
ENSG00000213066	CEP43	3789870
ENSG00000120925	RNF170	3789407
ENSG00000006607	FARP2	3788827
ENSG00000100612	DHRS7	3788299
ENSG00000080224	EPHA6	3787104
ENSG00000086015	MAST2	3786872
ENSG00000077235	GTF3C1	3786209
ENSG00000169379	ARL13B	3786006
ENSG00000121989	ACVR2A	3785477
ENSG00000167113	COQ4	3783577
ENSG00000163738	MTHFD2L	3781773
ENSG00000134905	CARS2	3781231
ENSG00000168264	IRF2BP2	3780663
ENSG00000170581	STAT2	3779460
ENSG00000139372	TDG	3777574
ENSG00000114107	CEP70	3777363
ENSG00000196235	SUPT5H	3777202
ENSG00000121274	TENT4B	3777149
ENSG00000113231	PDE8B	3776643
ENSG00000083067	TRPM3	3776198
ENSG00000171714	ANO5	3775909
ENSG00000162688	AGL	3774508
ENSG00000177119	ANO6	3774039
ENSG00000188342	GTF2F2	3773400
ENSG00000153006	SREK1IP1	3771208
ENSG00000205659	LIN52	3770708
ENSG00000125779	PANK2	3769149
ENSG00000096060	FKBP5	3768506
ENSG00000122068	FYTTD1	3767194
ENSG00000137968	SLC44A5	3765507
ENSG00000144136	SLC20A1	3764232
ENSG00000186187	ZNRF1	3763828
ENSG00000179091	CYC1	3763128
ENSG00000110330	BIRC2	3762298
ENSG00000166562	SEC11C	3760597
ENSG00000133687	TMTC1	3760036
ENSG00000168615	ADAM9	3759779
ENSG00000127824	TUBA4A	3759762
ENSG00000136052	SLC41A2	3757640
ENSG00000100321	SYNGR1	3755712
ENSG00000146021	KLHL3	3755594
ENSG00000169976	SF3B5	3755469
ENSG00000141385	AFG3L2	3754838
ENSG00000100647	SUSD6	3754590
ENSG00000118246	FASTKD2	3754455
ENSG00000165533	TTC8	3754073
ENSG00000143502	SUSD4	3753355
ENSG00000137074	APTX	3752808
ENSG00000117984	CTSD	3750986
ENSG00000155957	TMBIM4	3750551
ENSG00000122779	TRIM24	3749745
ENSG00000084764	MAPRE3	3749174
ENSG00000239268	LINC03051	3748665
ENSG00000204116	CHIC1	3748386
ENSG00000130559	CAMSAP1	3747691
ENSG00000198604	BAZ1A	3746591
ENSG00000120705	ETF1	3746056
ENSG00000110917	MLEC	3745290
ENSG00000130643	CALY	3743630
ENSG00000159210	SNF8	3743252
ENSG00000164983	TMEM65	3743043
ENSG00000163512	AZI2	3742548
ENSG00000141646	SMAD4	3741322
ENSG00000186020	ZNF529	3740841
ENSG00000115652	UXS1	3740055
ENSG00000138604	GLCE	3739610
ENSG00000132970	WASF3	3739198
ENSG00000167635	ZNF146	3738677
ENSG00000084710	EFR3B	3738619
ENSG00000183722	LHFPL6	3737945
ENSG00000136950	ARPC5L	3736294
ENSG00000125351	UPF3B	3735940
ENSG00000166398	GARRE1	3735493
ENSG00000166900	STX3	3735472
ENSG00000101224	CDC25B	3734993
ENSG00000119138	KLF9	3734485
ENSG00000121440	PDZRN3	3734342
ENSG00000063601	MTMR1	3733826
ENSG00000198216	CACNA1E	3733781
ENSG00000088833	NSFL1C	3731838
ENSG00000197321	SVIL	3731594
ENSG00000167770	OTUB1	3731363
ENSG00000137942	FNBP1L	3730330
ENSG00000104320	NBN	3730316
ENSG00000101347	SAMHD1	3729337
ENSG00000060491	OGFR	3729148
ENSG00000102054	RBBP7	3728403
ENSG00000168843	FSTL5	3728046
ENSG00000110514	MADD	3727123
ENSG00000182004	SNRPE	3725700
ENSG00000243317	STMP1	3724730
ENSG00000116106	EPHA4	3724580
ENSG00000169288	MRPL1	3724382
ENSG00000204435	CSNK2B	3724284
ENSG00000133169	BEX1	3723970
ENSG00000171552	BCL2L1	3723879
ENSG00000125755	SYMPK	3723255
ENSG00000148248	SURF4	3723033
ENSG00000182400	TRAPPC6B	3722184
ENSG00000205323	SARNP	3722163
ENSG00000080823	MOK	3721739
ENSG00000161267	BDH1	3721301
ENSG00000164091	WDR82	3719367
ENSG00000114166	KAT2B	3719146
ENSG00000151743	AMN1	3718745
ENSG00000198171	DDRGK1	3716401
ENSG00000100605	ITPK1	3715661
ENSG00000135070	ISCA1	3715655
ENSG00000114480	GBE1	3715622
ENSG00000108094	CUL2	3714846
ENSG00000068400	GRIPAP1	3714768
ENSG00000163995	ABLIM2	3714735
ENSG00000168538	TRAPPC11	3714474
ENSG00000156304	SCAF4	3714256
ENSG00000012822	CALCOCO1	3713854
ENSG00000122085	MTERF4	3713526
ENSG00000106537	TSPAN13	3712542
ENSG00000167972	ABCA3	3712427
ENSG00000180233	ZNRF2	3712308
ENSG00000182050	MGAT4C	3711718
ENSG00000115364	MRPL19	3711045
ENSG00000114446	IFT57	3710854
ENSG00000110880	CORO1C	3710217
ENSG00000197329	PELI1	3708289
ENSG00000162961	DPY30	3707417
ENSG00000232119	MCTS1	3706898
ENSG00000169762	TAPT1	3705700
ENSG00000177030	DEAF1	3705404
ENSG00000100243	CYB5R3	3705053
ENSG00000166006	KCNC2	3704543
ENSG00000159202	UBE2Z	3704537
ENSG00000104960	PTOV1	3703498
ENSG00000108175	ZMIZ1	3703304
ENSG00000215114	UBXN2B	3703208
ENSG00000138663	COPS4	3703023
ENSG00000123472	ATPAF1	3702420
ENSG00000105290	APLP1	3702392
ENSG00000186409	CCDC30	3700648
ENSG00000198015	MRPL42	3700246
ENSG00000182287	AP1S2	3700195
ENSG00000204977	TRIM13	3700163
ENSG00000106853	PTGR1	3700061
ENSG00000090054	SPTLC1	3699570
ENSG00000170004	CHD3	3698861
ENSG00000136731	UGGT1	3698242
ENSG00000134874	DZIP1	3696868
ENSG00000120063	GNA13	3696607
ENSG00000116147	TNR	3696260
ENSG00000166979	EVA1C	3696087
ENSG00000005486	RHBDD2	3695936
ENSG00000101337	TM9SF4	3695603
ENSG00000146802	TMEM168	3695571
ENSG00000170525	PFKFB3	3695449
ENSG00000137501	SYTL2	3695042
ENSG00000106263	EIF3B	3695042
ENSG00000119638	NEK9	3694538
ENSG00000174021	GNG5	3693640
ENSG00000109111	SUPT6H	3693573
ENSG00000114978	MOB1A	3692741
ENSG00000141458	NPC1	3692291
ENSG00000163046	ANKRD30BL	3691588
ENSG00000089094	KDM2B	3691368
ENSG00000114742	WDR48	3691212
ENSG00000185627	PSMD13	3690786
ENSG00000219626	FAM228B	3690481
ENSG00000159110	IFNAR2	3689895
ENSG00000089902	RCOR1	3689846
ENSG00000167193	CRK	3689464
ENSG00000125826	RBCK1	3689336
ENSG00000125388	GRK4	3688340
ENSG00000085788	DDHD2	3687817
ENSG00000100804	PSMB5	3687528
ENSG00000071553	ATP6AP1	3686839
ENSG00000092140	G2E3	3686440
ENSG00000198722	UNC13B	3686342
ENSG00000196440	ARMCX4	3685276
ENSG00000142546	NOSIP	3685266
ENSG00000106244	PDAP1	3685025
ENSG00000167654	ATCAY	3683856
ENSG00000005889	ZFX	3683608
ENSG00000140307	GTF2A2	3683479
ENSG00000134138	MEIS2	3683122
ENSG00000177614	PGBD5	3682689
ENSG00000182185	RAD51B	3682665
ENSG00000152465	NMT2	3682662
ENSG00000118579	MED28	3681586
ENSG00000137766	UNC13C	3681540
ENSG00000121671	CRY2	3680433
ENSG00000170485	NPAS2	3679924
ENSG00000120053	GOT1	3678175
ENSG00000173214	MFSD4B	3677429
ENSG00000196912	ANKRD36B	3677197
ENSG00000108465	CDK5RAP3	3677085
ENSG00000155158	TTC39B	3676833
ENSG00000150403	TMCO3	3675902
ENSG00000103415	HMOX2	3673765
ENSG00000125703	ATG4C	3673655
ENSG00000104205	SGK3	3673241
ENSG00000126226	PCID2	3672709
ENSG00000137486	ARRB1	3672420
ENSG00000198420	TCAF1	3672321
ENSG00000119912	IDE	3672247
ENSG00000159685	CHCHD6	3672228
ENSG00000108239	TBC1D12	3671714
ENSG00000185518	SV2B	3671250
ENSG00000141503	MINK1	3670266
ENSG00000136874	STX17	3669057
ENSG00000113141	IK	3668703
ENSG00000169895	SYAP1	3668034
ENSG00000170085	SIMC1	3667551
ENSG00000177576	C18orf32	3667375
ENSG00000146535	GNA12	3667102
ENSG00000111144	LTA4H	3666675
ENSG00000181666	ZNF875	3665959
ENSG00000167037	SGSM1	3665596
ENSG00000175130	MARCKSL1	3665223
ENSG00000183255	PTTG1IP	3665067
ENSG00000142227	EMP3	3663715
ENSG00000168502	MTCL1	3663606
ENSG00000102401	ARMCX3	3663396
ENSG00000071127	WDR1	3662734
ENSG00000055211	GINM1	3662261
ENSG00000129933	MAU2	3662198
ENSG00000061938	TNK2	3660172
ENSG00000154639	CXADR	3659868
ENSG00000109083	IFT20	3658368
ENSG00000156804	FBXO32	3658154
ENSG00000138495	COX17	3658055
ENSG00000064763	FAR2	3657672
ENSG00000148358	GPR107	3657473
ENSG00000157796	WDR19	3656791
ENSG00000105926	PALS2	3656133
ENSG00000068615	REEP1	3655003
ENSG00000013374	NUB1	3653603
ENSG00000055483	USP36	3653436
ENSG00000125746	EML2	3653389
ENSG00000079277	MKNK1	3653289
ENSG00000110888	CAPRIN2	3652407
ENSG00000149313	AASDHPPT	3652146
ENSG00000113594	LIFR	3651417
ENSG00000198856	OSTC	3649734
ENSG00000130640	TUBGCP2	3649704
ENSG00000159692	CTBP1	3649296
ENSG00000132640	BTBD3	3649172
ENSG00000012061	ERCC1	3649169
ENSG00000155229	MMS19	3648958
ENSG00000113643	RARS1	3648736
ENSG00000119655	NPC2	3648729
ENSG00000182256	GABRG3	3648241
ENSG00000213339	QTRT1	3647775
ENSG00000135972	MRPS9	3647035
ENSG00000144228	SPOPL	3646919
ENSG00000122692	SMU1	3645656
ENSG00000072071	ADGRL1	3645510
ENSG00000204764	RANBP17	3645348
ENSG00000177556	ATOX1	3644996
ENSG00000277791	PSMB3	3644634
ENSG00000066654	THUMPD1	3644557
ENSG00000113360	DROSHA	3643640
ENSG00000162385	MAGOH	3642707
ENSG00000007047	MARK4	3642458
ENSG00000184990	SIVA1	3642072
ENSG00000138018	SELENOI	3640661
ENSG00000175166	PSMD2	3640625
ENSG00000164941	INTS8	3639084
ENSG00000198853	RUSC2	3638786
ENSG00000034693	PEX3	3638753
ENSG00000170653	ATF7	3638560
ENSG00000124164	VAPB	3638254
ENSG00000070061	ELP1	3637871
ENSG00000172613	RAD9A	3637584
ENSG00000129824	RPS4Y1	3635980
ENSG00000159840	ZYX	3635752
ENSG00000116786	PLEKHM2	3635631
ENSG00000137692	DCUN1D5	3634449
ENSG00000179364	PACS2	3633706
ENSG00000237515	SHISA9	3632999
ENSG00000132680	KHDC4	3632706
ENSG00000236287	ZBED5	3632157
ENSG00000151834	GABRA2	3631730
ENSG00000116991	SIPA1L2	3631592
ENSG00000111052	LIN7A	3631383
ENSG00000101463	SYNDIG1	3631302
ENSG00000184611	KCNH7	3630860
ENSG00000108443	RPS6KB1	3629766
ENSG00000140937	CDH11	3629752
ENSG00000161542	PRPSAP1	3629544
ENSG00000084463	WBP11	3629456
ENSG00000008256	CYTH3	3629282
ENSG00000092203	TOX4	3629039
ENSG00000163961	RNF168	3628979
ENSG00000130558	OLFM1	3628804
ENSG00000150394	CDH8	3628548
ENSG00000149532	CPSF7	3628353
ENSG00000121210	TMEM131L	3628188
ENSG00000073849	ST6GAL1	3627710
ENSG00000197965	MPZL1	3627683
ENSG00000145147	SLIT2	3627637
ENSG00000182117	NOP10	3627540
ENSG00000115392	FANCL	3627176
ENSG00000166532	RIMKLB	3626676
ENSG00000177182	CLVS1	3626405
ENSG00000162511	LAPTM5	3625949
ENSG00000115756	HPCAL1	3625490
ENSG00000130477	UNC13A	3625192
ENSG00000142634	EFHD2	3625146
ENSG00000106692	FKTN	3624531
ENSG00000196865	NHLRC2	3624414
ENSG00000184939	ZFP90	3623569
ENSG00000168724	DNAJC21	3621554
ENSG00000143569	UBAP2L	3621302
ENSG00000196715	VKORC1L1	3620879
ENSG00000085377	PREP	3620648
ENSG00000174628	IQCK	3620497
ENSG00000101474	APMAP	3619734
ENSG00000075340	ADD2	3619388
ENSG00000205981	DNAJC19	3618201
ENSG00000127720	METTL25	3618015
ENSG00000148737	TCF7L2	3617058
ENSG00000166342	NETO1	3616980
ENSG00000173418	NAA20	3616691
ENSG00000151729	SLC25A4	3616120
ENSG00000137947	GTF2B	3615586
ENSG00000215021	PHB2	3614826
ENSG00000172985	SH3RF3	3614195
ENSG00000185246	PRPF39	3614168
ENSG00000049860	HEXB	3613626
ENSG00000198373	WWP2	3611862
ENSG00000091317	CMTM6	3610856
ENSG00000005812	FBXL3	3610610
ENSG00000084112	SSH1	3610309
ENSG00000175782	SLC35E3	3608813
ENSG00000114541	FRMD4B	3608415
ENSG00000095015	MAP3K1	3608047
ENSG00000059728	MXD1	3607478
ENSG00000180098	TRNAU1AP	3605714
ENSG00000101150	TPD52L2	3605412
ENSG00000146066	HIGD2A	3605184
ENSG00000111707	SUDS3	3604950
ENSG00000086232	EIF2AK1	3604799
ENSG00000198301	SDAD1	3604558
ENSG00000164080	RAD54L2	3602980
ENSG00000115159	GPD2	3602400
ENSG00000244038	DDOST	3601537
ENSG00000175066	GK5	3599613
ENSG00000146067	FAM193B	3599291
ENSG00000135750	KCNK1	3598914
ENSG00000064652	SNX24	3598760
ENSG00000253352	TUG1	3598687
ENSG00000121413	ZSCAN18	3597956
ENSG00000119899	SLC17A5	3597803
ENSG00000176915	ANKLE2	3597612
ENSG00000127804	METTL16	3597022
ENSG00000162642	C1orf52	3596569
ENSG00000163131	CTSS	3596547
ENSG00000196975	ANXA4	3596534
ENSG00000122862	SRGN	3595510
ENSG00000174473	GALNTL6	3595090
ENSG00000119866	BCL11A	3594843
ENSG00000177990	DPY19L2	3594610
ENSG00000198561	CTNND1	3594378
ENSG00000103064	SLC7A6	3594074
ENSG00000090975	PITPNM2	3592980
ENSG00000100764	PSMC1	3592617
ENSG00000109738	GLRB	3591579
ENSG00000159658	EFCAB14	3591358
ENSG00000019995	ZRANB1	3590314
ENSG00000128708	HAT1	3588775
ENSG00000099860	GADD45B	3588606
ENSG00000100300	TSPO	3588433
ENSG00000119537	KDSR	3588246
ENSG00000161057	PSMC2	3586425
ENSG00000064726	BTBD1	3586117
ENSG00000204186	ZDBF2	3585402
ENSG00000147324	MFHAS1	3584889
ENSG00000105583	WDR83OS	3584802
ENSG00000092820	EZR	3584543
ENSG00000006704	GTF2IRD1	3584511
ENSG00000183723	CMTM4	3584155
ENSG00000241553	ARPC4	3583871
ENSG00000219438	TAFA5	3583388
ENSG00000105499	PLA2G4C	3583210
ENSG00000004455	AK2	3583100
ENSG00000135052	GOLM1	3581588
ENSG00000124140	SLC12A5	3581167
ENSG00000169926	KLF13	3581150
ENSG00000121064	SCPEP1	3580580
ENSG00000147408	CSGALNACT1	3580560
ENSG00000066027	PPP2R5A	3580047
ENSG00000198818	SFT2D1	3579779
ENSG00000135698	MPHOSPH6	3579387
ENSG00000214960	CRPPA	3579169
ENSG00000204634	TBC1D8	3579121
ENSG00000134779	TPGS2	3579047
ENSG00000164114	MAP9	3578468
ENSG00000115935	WIPF1	3577959
ENSG00000143162	CREG1	3577699
ENSG00000181409	AATK	3577494
ENSG00000151693	ASAP2	3577442
ENSG00000101361	NOP56	3574616
ENSG00000116679	IVNS1ABP	3574490
ENSG00000172239	PAIP1	3574461
ENSG00000185043	CIB1	3572856
ENSG00000113048	MRPS27	3571681
ENSG00000168827	GFM1	3570958
ENSG00000105613	MAST1	3570594
ENSG00000111837	MAK	3570117
ENSG00000143575	HAX1	3569308
ENSG00000105662	CRTC1	3569259
ENSG00000111676	ATN1	3569233
ENSG00000132122	SPATA6	3568891
ENSG00000184900	SUMO3	3568867
ENSG00000103404	USP31	3568569
ENSG00000116604	MEF2D	3567726
ENSG00000130816	DNMT1	3567172
ENSG00000100220	RTCB	3566968
ENSG00000253719	ATXN7L3B	3565813
ENSG00000138303	ASCC1	3565627
ENSG00000115216	NRBP1	3565615
ENSG00000135924	DNAJB2	3564104
ENSG00000099956	SMARCB1	3563445
ENSG00000143621	ILF2	3562050
ENSG00000152492	CCDC50	3561881
ENSG00000058673	ZC3H11A	3561344
ENSG00000069345	DNAJA2	3561075
ENSG00000155189	AGPAT5	3560112
ENSG00000197776	KLHDC1	3559852
ENSG00000157542	KCNJ6	3559454
ENSG00000196961	AP2A1	3558608
ENSG00000137100	DCTN3	3558599
ENSG00000086712	TXLNG	3558289
ENSG00000091140	DLD	3558087
ENSG00000188647	PTAR1	3556880
ENSG00000150316	CWC15	3555721
ENSG00000169122	FAM110B	3554811
ENSG00000074935	TUBE1	3554652
ENSG00000134758	RNF138	3552316
ENSG00000169814	BTD	3551676
ENSG00000116752	BCAS2	3549678
ENSG00000170633	RNF34	3549600
ENSG00000196597	ZNF782	3548923
ENSG00000170396	ZNF804A	3548710
ENSG00000204084	INPP5B	3548175
ENSG00000137714	FDX1	3547772
ENSG00000174917	MICOS13	3546957
ENSG00000106479	ZNF862	3546843
ENSG00000139505	MTMR6	3546310
ENSG00000167005	NUDT21	3546053
ENSG00000154174	TOMM70	3544765
ENSG00000104853	CLPTM1	3544444
ENSG00000218739	CEBPZOS	3544369
ENSG00000154447	SH3RF1	3543667
ENSG00000197982	C1orf122	3543636
ENSG00000110076	NRXN2	3543201
ENSG00000105821	DNAJC2	3543001
ENSG00000103723	AP3B2	3542764
ENSG00000060688	SNRNP40	3542738
ENSG00000054148	PHPT1	3542249
ENSG00000138686	BBS7	3542219
ENSG00000186815	TPCN1	3541003
ENSG00000102781	KATNAL1	3539062
ENSG00000096401	CDC5L	3538986
ENSG00000061794	MRPS35	3538729
ENSG00000185053	SGCZ	3538595
ENSG00000169223	LMAN2	3538590
ENSG00000085449	WDFY1	3537472
ENSG00000123119	NECAB1	3537366
ENSG00000154678	PDE1C	3537359
ENSG00000164187	LMBRD2	3537143
ENSG00000111728	ST8SIA1	3536443
ENSG00000100580	TMED8	3536227
ENSG00000213676	ATF6B	3534524
ENSG00000198478	SH3BGRL2	3533909
ENSG00000100095	SEZ6L	3533518
ENSG00000197077	KIAA1671	3532840
ENSG00000006459	KDM7A	3532427
ENSG00000131725	WDR44	3532354
ENSG00000146373	RNF217	3532196
ENSG00000115145	STAM2	3532189
ENSG00000182973	CNOT10	3531507
ENSG00000092051	JPH4	3531141
ENSG00000130520	LSM4	3531047
ENSG00000136152	COG3	3530646
ENSG00000102181	CD99L2	3530440
ENSG00000179271	GADD45GIP1	3530293
ENSG00000002586	CD99_ENSG00000002586	3528895
ENSG00000127511	SIN3B	3528804
ENSG00000196151	WDSUB1	3526712
ENSG00000133059	DSTYK	3526704
ENSG00000187051	RPS19BP1	3526529
ENSG00000164543	STK17A	3526025
ENSG00000117600	PLPPR4	3525547
ENSG00000099817	POLR2E	3525411
ENSG00000170043	TRAPPC1	3525365
ENSG00000116750	UCHL5	3525236
ENSG00000108684	ASIC2	3524583
ENSG00000116497	S100PBP	3524191
ENSG00000154743	TSEN2	3523429
ENSG00000111639	MRPL51	3523359
ENSG00000197713	RPE	3523280
ENSG00000211455	STK38L	3522885
ENSG00000096092	TMEM14A	3522037
ENSG00000005108	THSD7A	3520704
ENSG00000166949	SMAD3	3520606
ENSG00000100461	RBM23	3520122
ENSG00000198169	ZNF251	3519483
ENSG00000159377	PSMB4	3518594
ENSG00000175334	BANF1	3518334
ENSG00000050405	LIMA1	3518227
ENSG00000185238	PRMT3	3516367
ENSG00000166333	ILK	3516274
ENSG00000148082	SHC3	3515253
ENSG00000155975	VPS37A	3514711
ENSG00000189159	JPT1	3513882
ENSG00000188690	UROS	3513652
ENSG00000273749	CYFIP1	3513594
ENSG00000148362	PAXX	3511701
ENSG00000163393	SLC22A15	3510529
ENSG00000104219	ZDHHC2	3510157
ENSG00000164292	RHOBTB3	3509847
ENSG00000175348	TMEM9B	3508487
ENSG00000050030	NEXMIF	3507281
ENSG00000172020	GAP43	3507075
ENSG00000119013	NDUFB3	3506505
ENSG00000187446	CHP1	3506073
ENSG00000113595	TRIM23	3505201
ENSG00000144645	OSBPL10	3504837
ENSG00000022355	GABRA1	3504059
ENSG00000132356	PRKAA1	3503155
ENSG00000186073	CDIN1	3502646
ENSG00000132024	CC2D1A	3502448
ENSG00000159164	SV2A	3502426
ENSG00000197265	GTF2E2	3502135
ENSG00000101868	POLA1	3501273
ENSG00000099910	KLHL22	3499917
ENSG00000100234	TIMP3	3499849
ENSG00000130956	HABP4	3499346
ENSG00000173992	CCS	3499313
ENSG00000198832	SELENOM	3499092
ENSG00000108559	NUP88	3498948
ENSG00000166432	ZMAT1	3497939
ENSG00000159363	ATP13A2	3497802
ENSG00000136243	NUP42	3496789
ENSG00000133794	BMAL1	3495981
ENSG00000237765	FAM200B	3495399
ENSG00000152822	GRM1	3494595
ENSG00000117643	MAN1C1	3494352
ENSG00000108557	RAI1	3494141
ENSG00000180182	MED14	3493696
ENSG00000153904	DDAH1	3493186
ENSG00000175224	ATG13	3492681
ENSG00000182180	MRPS16	3492360
ENSG00000164603	BMT2	3492113
ENSG00000135334	AKIRIN2	3491518
ENSG00000091542	ALKBH5	3491449
ENSG00000113161	HMGCR	3491187
ENSG00000164944	VIRMA	3489764
ENSG00000113597	TRAPPC13	3489384
ENSG00000166411	IDH3A	3488873
ENSG00000068885	IFT80	3488844
ENSG00000161526	SAP30BP	3488715
ENSG00000165714	BORCS5	3488300
ENSG00000132434	LANCL2	3486934
ENSG00000176101	SSNA1	3486503
ENSG00000196090	PTPRT	3484652
ENSG00000151952	TMEM132D	3484603
ENSG00000266173	STRADA	3484322
ENSG00000100280	AP1B1	3483949
ENSG00000196935	SRGAP1	3483731
ENSG00000022277	RTF2	3483709
ENSG00000008394	MGST1	3482879
ENSG00000196268	ZNF493	3481731
ENSG00000157933	SKI	3479583
ENSG00000108840	HDAC5	3478532
ENSG00000198822	GRM3	3477896
ENSG00000119402	FBXW2	3477516
ENSG00000168434	COG7	3476552
ENSG00000164070	HSPA4L	3476423
ENSG00000090581	GNPTG	3475975
ENSG00000186479	RGS7BP	3475899
ENSG00000135930	EIF4E2	3474900
ENSG00000130175	PRKCSH	3474716
ENSG00000196821	ILRUN	3474510
ENSG00000109133	TMEM33	3474141
ENSG00000068724	TTC7A	3473652
ENSG00000232388	SMIM26	3471777
ENSG00000112941	TENT4A	3471549
ENSG00000147669	POLR2K	3471400
ENSG00000125740	FOSB	3470813
ENSG00000050426	LETMD1	3470364
ENSG00000206527	HACD2	3470110
ENSG00000197857	ZNF44	3468179
ENSG00000142065	ZFP14	3467254
ENSG00000113658	SMAD5	3467167
ENSG00000168014	C2CD3	3467103
ENSG00000116584	ARHGEF2	3466921
ENSG00000052802	MSMO1	3465031
ENSG00000087299	L2HGDH	3464776
ENSG00000206418	RAB12	3463908
ENSG00000166887	VPS39	3463288
ENSG00000184719	RNLS	3462934
ENSG00000083099	LYRM2	3462815
ENSG00000104059	ENTREP2	3462464
ENSG00000170802	FOXN2	3461883
ENSG00000114982	KANSL3	3461516
ENSG00000032389	EIPR1	3461203
ENSG00000097021	ACOT7	3461169
ENSG00000008513	ST3GAL1	3460382
ENSG00000138050	THUMPD2	3460174
ENSG00000081087	OSTM1	3458794
ENSG00000141959	PFKL	3458632
ENSG00000152154	TMEM178A	3457921
ENSG00000140992	PDPK1	3457138
ENSG00000103591	AAGAB	3456650
ENSG00000160199	PKNOX1	3456420
ENSG00000163110	PDLIM5	3456035
ENSG00000164163	ABCE1	3453927
ENSG00000168209	DDIT4	3453854
ENSG00000157020	SEC13	3453046
ENSG00000183696	UPP1	3452955
ENSG00000064995	TAF11	3452412
ENSG00000060971	ACAA1	3451664
ENSG00000049167	ERCC8	3451199
ENSG00000135862	LAMC1	3451062
ENSG00000174579	MSL2	3450622
ENSG00000131269	ABCB7	3449672
ENSG00000156959	LHFPL4	3449394
ENSG00000151689	INPP1	3447976
ENSG00000132669	RIN2	3447250
ENSG00000151917	BEND6	3447222
ENSG00000011304	PTBP1	3446683
ENSG00000164815	ORC5	3445974
ENSG00000172456	FGGY	3444612
ENSG00000152954	NRSN1	3444242
ENSG00000072832	CRMP1	3444190
ENSG00000074590	NUAK1	3443609
ENSG00000142856	ITGB3BP	3443435
ENSG00000026297	RNASET2	3443226
ENSG00000078269	SYNJ2	3442929
ENSG00000115806	GORASP2	3442382
ENSG00000058335	RASGRF1	3442204
ENSG00000182674	KCNB2	3441528
ENSG00000189091	SF3B3	3441130
ENSG00000136279	DBNL	3440776
ENSG00000137727	ARHGAP20	3439177
ENSG00000113575	PPP2CA	3438940
ENSG00000197217	ENTPD4	3438068
ENSG00000050130	JKAMP	3437194
ENSG00000009844	VTA1	3437165
ENSG00000171817	ZNF540	3437162
ENSG00000175193	PARL	3436469
ENSG00000130724	CHMP2A	3436231
ENSG00000131389	SLC6A6	3436162
ENSG00000170091	NSG2	3436079
ENSG00000115073	ACTR1B	3435852
ENSG00000074842	MYDGF	3434998
ENSG00000170571	EMB	3433847
ENSG00000149547	EI24	3432904
ENSG00000166946	CCNDBP1	3432135
ENSG00000166762	CATSPER2	3431992
ENSG00000180398	MCFD2	3431486
ENSG00000213160	KLHL23	3431080
ENSG00000107902	LHPP	3429834
ENSG00000166444	DENND2B	3429545
ENSG00000164180	TMEM161B	3428130
ENSG00000149346	SLX4IP	3427972
ENSG00000275700	AATF	3427681
ENSG00000134986	NREP	3425914
ENSG00000105698	USF2	3425270
ENSG00000166260	COX11	3424111
ENSG00000110768	GTF2H1	3423758
ENSG00000142949	PTPRF	3423434
ENSG00000157181	ODR4	3423145
ENSG00000118640	VAMP8	3423063
ENSG00000137288	UQCC2	3422303
ENSG00000277363	SRCIN1	3422072
ENSG00000165527	ARF6	3421604
ENSG00000184983	NDUFA6	3421374
ENSG00000089022	MAPKAPK5	3419450
ENSG00000141480	ARRB2	3418828
ENSG00000159461	AMFR	3417894
ENSG00000154359	LONRF1	3416372
ENSG00000114670	NEK11	3415625
ENSG00000140299	BNIP2	3415421
ENSG00000143748	NVL	3415120
ENSG00000157782	CABP1	3414809
ENSG00000198089	SFI1	3414698
ENSG00000133997	MED6	3414577
ENSG00000257727	CNPY2	3414370
ENSG00000159388	BTG2	3412883
ENSG00000135823	STX6	3412662
ENSG00000166024	R3HCC1L	3412556
ENSG00000076928	ARHGEF1	3411722
ENSG00000001461	NIPAL3	3411660
ENSG00000070882	OSBPL3	3411235
ENSG00000101464	PIGU	3410795
ENSG00000142197	DOP1B	3410788
ENSG00000102309	PIN4	3409097
ENSG00000243449	C4orf48	3408676
ENSG00000101391	CDK5RAP1	3408006
ENSG00000127980	PEX1	3407618
ENSG00000115540	MOB4	3407569
ENSG00000116254	CHD5	3407152
ENSG00000165061	ZMAT4	3407098
ENSG00000174720	LARP7	3406091
ENSG00000185989	RASA3	3406049
ENSG00000111726	CMAS	3405514
ENSG00000122378	PRXL2A	3405002
ENSG00000133983	COX16	3404119
ENSG00000136935	GOLGA1	3404013
ENSG00000154263	ABCA10	3402165
ENSG00000066629	EML1	3401479
ENSG00000112367	FIG4	3401297
ENSG00000053108	FSTL4	3400308
ENSG00000134001	EIF2S1	3399993
ENSG00000170860	LSM3	3399608
ENSG00000100425	BRD1	3398964
ENSG00000113761	ZNF346	3398651
ENSG00000162885	B3GALNT2	3398073
ENSG00000205213	LGR4	3397852
ENSG00000119865	CNRIP1	3397037
ENSG00000160294	MCM3AP	3395530
ENSG00000070808	CAMK2A	3395489
ENSG00000140945	CDH13	3395253
ENSG00000172667	ZMAT3	3394607
ENSG00000117174	ZNHIT6	3393852
ENSG00000164970	FAM219A	3392646
ENSG00000196502	SULT1A1	3391271
ENSG00000124209	RAB22A	3391128
ENSG00000221823	PPP3R1	3390419
ENSG00000182732	RGS6	3390080
ENSG00000158296	SLC13A3	3390074
ENSG00000158623	COPG2	3390026
ENSG00000008282	SYPL1	3389544
ENSG00000139946	PELI2	3389061
ENSG00000103540	CCP110	3388654
ENSG00000169410	PTPN9	3387672
ENSG00000153989	NUS1	3385793
ENSG00000103222	ABCC1	3385508
ENSG00000137574	TGS1	3383656
ENSG00000165495	PKNOX2	3383311
ENSG00000117069	ST6GALNAC5	3383036
ENSG00000124702	KLHDC3	3381550
ENSG00000166004	CEP295	3381548
ENSG00000130725	UBE2M	3380761
ENSG00000163006	CCDC138	3380602
ENSG00000140474	ULK3	3379742
ENSG00000163463	KRTCAP2	3379572
ENSG00000105258	POLR2I	3379083
ENSG00000145912	NHP2	3378342
ENSG00000130755	GMFG	3377249
ENSG00000117899	MESD	3375974
ENSG00000136738	STAM	3375862
ENSG00000134490	TMEM241	3375631
ENSG00000150054	MPP7	3374849
ENSG00000085433	WDR47	3374190
ENSG00000203705	TATDN3	3373560
ENSG00000164169	PRMT9	3372662
ENSG00000250312	ZNF718	3372600
ENSG00000154146	NRGN	3372364
ENSG00000125249	RAP2A	3372305
ENSG00000137261	KIAA0319	3371310
ENSG00000101849	TBL1X	3371196
ENSG00000198612	COPS8	3370626
ENSG00000159200	RCAN1	3369904
ENSG00000107954	NEURL1	3368699
ENSG00000129353	SLC44A2	3368512
ENSG00000137872	SEMA6D	3368425
ENSG00000076864	RAP1GAP	3368139
ENSG00000145740	SLC30A5	3368087
ENSG00000229833	PET100	3367647
ENSG00000126351	THRA	3366737
ENSG00000188906	LRRK2	3366454
ENSG00000113805	CNTN3	3365961
ENSG00000168288	MMADHC	3365834
ENSG00000206562	METTL6	3364953
ENSG00000154473	BUB3	3364232
ENSG00000197894	ADH5	3362296
ENSG00000115825	PRKD3	3362113
ENSG00000146352	CLVS2	3361846
ENSG00000123933	MXD4	3361776
ENSG00000143753	DEGS1	3361306
ENSG00000119326	CTNNAL1	3360569
ENSG00000133943	DGLUCY	3360054
ENSG00000187147	RNF220	3359314
ENSG00000165672	PRDX3	3359241
ENSG00000146151	HMGCLL1	3358418
ENSG00000131871	SELENOS	3358352
ENSG00000126775	ATG14	3357784
ENSG00000188938	FAM120AOS	3356490
ENSG00000092094	OSGEP	3356058
ENSG00000111275	ALDH2	3355353
ENSG00000085982	USP40	3354841
ENSG00000141258	SGSM2	3354816
ENSG00000083828	ZNF586	3354461
ENSG00000072858	SIDT1	3353648
ENSG00000100083	GGA1	3353363
ENSG00000104643	MTMR9	3353266
ENSG00000117500	TMED5	3352951
ENSG00000108219	TSPAN14	3351626
ENSG00000153982	GDPD1	3351347
ENSG00000122490	SLC66A2	3351132
ENSG00000066382	MPPED2	3351041
ENSG00000163866	SMIM12	3350985
ENSG00000186088	GSAP	3350309
ENSG00000118276	B4GALT6	3349764
ENSG00000159788	RGS12	3348882
ENSG00000048342	CC2D2A	3348397
ENSG00000081803	CADPS2	3348193
ENSG00000151304	SRFBP1	3347870
ENSG00000171533	MAP6	3347600
ENSG00000135677	GNS	3347350
ENSG00000133818	RRAS2	3346962
ENSG00000060138	YBX3	3346103
ENSG00000118855	MFSD1	3345869
ENSG00000109736	MFSD10	3345546
ENSG00000222011	FAM185A	3345393
ENSG00000149923	PPP4C	3344198
ENSG00000181904	C5orf24	3343866
ENSG00000171100	MTM1	3342252
ENSG00000129159	KCNC1	3342173
ENSG00000137275	RIPK1	3340536
ENSG00000099800	TIMM13	3339723
ENSG00000090861	AARS1	3339675
ENSG00000081320	STK17B	3339085
ENSG00000100678	SLC8A3	3338653
ENSG00000134709	HOOK1	3337714
ENSG00000145216	FIP1L1	3337166
ENSG00000054116	TRAPPC3	3337099
ENSG00000159069	FBXW5	3336788
ENSG00000115750	TAF1B	3336753
ENSG00000123552	USP45	3336396
ENSG00000127989	MTERF1	3336322
ENSG00000179833	SERTAD2	3336171
ENSG00000166111	SVOP	3335993
ENSG00000173588	CEP83	3335729
ENSG00000103254	ANTKMT	3335703
ENSG00000132879	FBXO44	3335248
ENSG00000107949	BCCIP	3335221
ENSG00000174606	ANGEL2	3335158
ENSG00000141431	ASXL3	3334561
ENSG00000057019	DCBLD2	3334370
ENSG00000102038	SMARCA1	3334313
ENSG00000116977	LGALS8	3334155
ENSG00000214655	ZSWIM8	3334129
ENSG00000124507	PACSIN1	3333870
ENSG00000120697	ALG5	3333772
ENSG00000172775	PSME3IP1	3332882
ENSG00000145242	EPHA5	3331798
ENSG00000111906	HDDC2	3331537
ENSG00000198799	LRIG2	3331130
ENSG00000164054	SHISA5	3330303
ENSG00000153066	TXNDC11	3330181
ENSG00000142235	LMTK3	3329593
ENSG00000029639	TFB1M	3328212
ENSG00000196781	TLE1	3327481
ENSG00000048028	USP28	3327188
ENSG00000091972	CD200	3326000
ENSG00000129968	ABHD17A	3324990
ENSG00000131378	RFTN1	3324749
ENSG00000127152	BCL11B	3324658
ENSG00000147533	GOLGA7	3324004
ENSG00000141232	TOB1	3323066
ENSG00000156471	PTDSS1	3323057
ENSG00000090621	PABPC4	3322101
ENSG00000228253	MT-ATP8	3322092
ENSG00000138162	TACC2	3321903
ENSG00000134056	MRPS36	3321879
ENSG00000157036	EXOG	3321674
ENSG00000088766	CRLS1	3320352
ENSG00000186716	BCR	3320209
ENSG00000134153	EMC7	3318437
ENSG00000113369	ARRDC3	3318428
ENSG00000163565	IFI16	3318022
ENSG00000107281	NPDC1	3317218
ENSG00000144580	CNOT9	3316757
ENSG00000182831	HAPSTR1	3315233
ENSG00000149308	NPAT	3314598
ENSG00000120451	SNX19	3314081
ENSG00000137509	PRCP	3313841
ENSG00000198168	SVIP	3313761
ENSG00000179094	PER1	3313718
ENSG00000174456	C12orf76	3313003
ENSG00000154928	EPHB1	3312167
ENSG00000138463	SLC49A4	3311009
ENSG00000119729	RHOQ	3309152
ENSG00000127419	TMEM175	3308970
ENSG00000266412	NCOA4	3308793
ENSG00000002822	MAD1L1	3307859
ENSG00000134014	ELP3	3307537
ENSG00000081870	IFT25	3307184
ENSG00000125347	IRF1	3306878
ENSG00000125901	MRPS26	3306552
ENSG00000011523	CEP68	3305497
ENSG00000115694	STK25	3304315
ENSG00000130312	MRPL34	3304074
ENSG00000112981	NME5	3303175
ENSG00000135709	KIAA0513	3302342
ENSG00000103197	TSC2	3302193
ENSG00000009694	TENM1	3302120
ENSG00000118900	UBN1	3302056
ENSG00000196357	ZNF565	3300897
ENSG00000154429	CCSAP	3298707
ENSG00000067066	SP100	3298485
ENSG00000234444	ZNF736	3298185
ENSG00000143862	ARL8A	3298082
ENSG00000144559	TAMM41	3297031
ENSG00000110931	CAMKK2	3296869
ENSG00000144567	RETREG2	3296600
ENSG00000132405	TBC1D14	3296578
ENSG00000198060	MARCHF5	3296394
ENSG00000151468	CCDC3	3295829
ENSG00000143321	HDGF	3295728
ENSG00000163138	PACRGL	3295378
ENSG00000178188	SH2B1	3294954
ENSG00000156171	DRAM2	3294742
ENSG00000130731	METTL26	3294445
ENSG00000196177	ACADSB	3294006
ENSG00000089876	DHX32	3293257
ENSG00000142892	PIGK	3293225
ENSG00000204469	PRRC2A	3293202
ENSG00000139324	TMTC3	3292688
ENSG00000175866	BAIAP2	3291568
ENSG00000063978	RNF4	3291481
ENSG00000171103	TRMT61B	3290386
ENSG00000072201	LNX1	3289567
ENSG00000164038	SLC9B2	3289342
ENSG00000006530	AGK	3288868
ENSG00000167508	MVD	3288443
ENSG00000048540	LMO3	3287947
ENSG00000164061	BSN	3287272
ENSG00000100023	PPIL2	3286951
ENSG00000027001	MIPEP	3286948
ENSG00000143786	CNIH3	3286849
ENSG00000167081	PBX3	3286776
ENSG00000064225	ST3GAL6	3286421
ENSG00000061918	GUCY1B1	3286151
ENSG00000125995	ROMO1	3285827
ENSG00000198040	ZNF84	3285447
ENSG00000072415	PALS1	3284809
ENSG00000130856	ZNF236	3284707
ENSG00000148935	GAS2	3284589
ENSG00000134376	CRB1	3284449
ENSG00000163214	DHX57	3284285
ENSG00000158258	CLSTN2	3284252
ENSG00000083937	CHMP2B	3284228
ENSG00000106400	ZNHIT1	3284125
ENSG00000077684	JADE1	3283127
ENSG00000146555	SDK1	3282707
ENSG00000081791	DELE1	3281452
ENSG00000112511	PHF1	3281246
ENSG00000169442	CD52	3281227
ENSG00000130813	SHFL	3281124
ENSG00000107938	EDRF1	3281006
ENSG00000110048	OSBP	3280204
ENSG00000117298	ECE1	3280092
ENSG00000162236	STX5	3279903
ENSG00000105329	TGFB1	3279330
ENSG00000197226	TBC1D9B	3279296
ENSG00000144834	TAGLN3	3279150
ENSG00000119689	DLST	3278981
ENSG00000157538	VPS26C	3277847
ENSG00000164663	USP49	3277622
ENSG00000047578	KATNIP	3277551
ENSG00000213593	TMX2	3276569
ENSG00000102984	ZNF821	3275597
ENSG00000153561	RMND5A	3274651
ENSG00000011198	ABHD5	3274380
ENSG00000155256	ZFYVE27	3271949
ENSG00000168096	ANKS3	3271691
ENSG00000154767	XPC	3271351
ENSG00000166963	MAP1A	3270945
ENSG00000104361	NIPAL2	3270308
ENSG00000102030	NAA10	3270172
ENSG00000256223	ZNF10	3270147
ENSG00000147419	CCDC25	3270074
ENSG00000104365	IKBKB	3269668
ENSG00000076321	KLHL20	3269310
ENSG00000124299	PEPD	3269136
ENSG00000169570	DTWD2	3269110
ENSG00000102081	FMR1	3268374
ENSG00000138759	FRAS1	3267788
ENSG00000160299	PCNT	3267467
ENSG00000180304	OAZ2	3267357
ENSG00000066422	ZBTB11	3266725
ENSG00000084731	KIF3C	3266215
ENSG00000166272	WBP1L	3266175
ENSG00000196705	ZNF431	3265203
ENSG00000107242	PIP5K1B	3264825
ENSG00000007001	UPP2	3264145
ENSG00000108018	SORCS1	3262961
ENSG00000188735	TMEM120B	3262955
ENSG00000071205	ARHGAP10	3262387
ENSG00000116198	CEP104	3261738
ENSG00000171604	CXXC5	3260975
ENSG00000055813	CCDC85A	3260968
ENSG00000178764	ZHX2	3260456
ENSG00000198756	COLGALT2	3259789
ENSG00000157557	ETS2	3258634
ENSG00000131873	CHSY1	3258267
ENSG00000163510	CWC22	3256890
ENSG00000172530	BANP	3256115
ENSG00000075399	VPS9D1	3255767
ENSG00000204843	DCTN1	3255689
ENSG00000141699	RETREG3	3255618
ENSG00000039523	RIPOR1	3254958
ENSG00000197183	NOL4L	3254131
ENSG00000135441	BLOC1S1	3253919
ENSG00000182054	IDH2	3253636
ENSG00000141622	RNF165	3253460
ENSG00000136045	PWP1	3252969
ENSG00000122778	KIAA1549	3252705
ENSG00000123268	ATF1	3252399
ENSG00000081307	UBA5	3251745
ENSG00000100401	RANGAP1	3250912
ENSG00000204389	HSPA1A	3250530
ENSG00000162670	BRINP3	3250189
ENSG00000139971	ARMH4	3250043
ENSG00000100221	JOSD1	3250034
ENSG00000095203	EPB41L4B	3249751
ENSG00000198860	TSEN15	3248935
ENSG00000175215	CTDSP2	3248874
ENSG00000002834	LASP1	3248133
ENSG00000101350	KIF3B	3247945
ENSG00000108924	HLF	3247322
ENSG00000164100	NDST3	3245313
ENSG00000072401	UBE2D1	3243979
ENSG00000161671	EMC10	3243556
ENSG00000108389	MTMR4	3243497
ENSG00000138378	STAT4	3242684
ENSG00000164167	LSM6	3242346
ENSG00000145332	KLHL8	3242143
ENSG00000112078	KCTD20	3239975
ENSG00000174989	FBXW8	3239866
ENSG00000170160	CCDC144A	3239677
ENSG00000163319	MRPS18C	3238385
ENSG00000116095	PLEKHA3	3238092
ENSG00000132394	EEFSEC	3237085
ENSG00000167642	SPINT2	3235819
ENSG00000074071	MRPS34	3235720
ENSG00000171408	PDE7B	3235575
ENSG00000173486	FKBP2	3235519
ENSG00000163703	CRELD1	3235333
ENSG00000157426	AASDH	3235167
ENSG00000068383	INPP5A	3234217
ENSG00000072274	TFRC	3233979
ENSG00000165169	DYNLT3	3233136
ENSG00000166347	CYB5A	3232971
ENSG00000163584	RPL22L1	3232396
ENSG00000162374	ELAVL4	3232340
ENSG00000145868	FBXO38	3231123
ENSG00000087088	BAX	3230658
ENSG00000104112	SCG3	3230065
ENSG00000214941	ZSWIM7	3229580
ENSG00000185721	DRG1	3228886
ENSG00000123739	PLA2G12A	3227406
ENSG00000167110	GOLGA2	3227327
ENSG00000127528	KLF2	3226258
ENSG00000064601	CTSA	3225948
ENSG00000140367	UBE2Q2	3225500
ENSG00000129071	MBD4	3225192
ENSG00000086200	IPO11	3224699
ENSG00000182463	TSHZ2	3224114
ENSG00000144460	NYAP2	3223916
ENSG00000149639	SOGA1	3223896
ENSG00000240694	PNMA2	3223555
ENSG00000114125	RNF7	3222998
ENSG00000028277	POU2F2	3222326
ENSG00000170365	SMAD1	3221810
ENSG00000154917	RAB6B	3221397
ENSG00000120645	IQSEC3	3221006
ENSG00000111850	SMIM8	3220192
ENSG00000144468	RHBDD1	3220100
ENSG00000204590	GNL1	3220100
ENSG00000100478	AP4S1	3220016
ENSG00000132128	LRRC41	3219864
ENSG00000141542	RAB40B	3219029
ENSG00000162706	CADM3	3218719
ENSG00000148158	SNX30	3218095
ENSG00000147650	LRP12	3217754
ENSG00000149541	B3GAT3	3215997
ENSG00000169375	SIN3A	3215603
ENSG00000132199	ENOSF1	3215212
ENSG00000166986	MARS1	3214719
ENSG00000173598	NUDT4	3213995
ENSG00000148019	CEP78	3213536
ENSG00000198797	BRINP2	3213333
ENSG00000144815	NXPE3	3212922
ENSG00000063660	GPC1	3212754
ENSG00000105278	ZFR2	3212579
ENSG00000120860	WASHC3	3211920
ENSG00000115446	UNC50	3211849
ENSG00000184838	PRR16	3210379
ENSG00000171316	CHD7	3210128
ENSG00000114867	EIF4G1	3209863
ENSG00000073464	CLCN4	3209240
ENSG00000198846	TOX	3208371
ENSG00000132589	FLOT2	3207777
ENSG00000169604	ANTXR1	3207742
ENSG00000177169	ULK1	3207378
ENSG00000179532	DNHD1	3206715
ENSG00000139117	CPNE8	3205937
ENSG00000171467	ZNF318	3205554
ENSG00000135537	AFG1L	3205433
ENSG00000196704	AMZ2	3205099
ENSG00000165591	FAAH2	3204835
ENSG00000101158	NELFCD	3204744
ENSG00000176454	LPCAT4	3204736
ENSG00000110844	PRPF40B	3204477
ENSG00000154655	L3MBTL4	3204243
ENSG00000119421	NDUFA8	3204237
ENSG00000106346	USP42	3204068
ENSG00000143771	CNIH4	3204062
ENSG00000185324	CDK10	3203511
ENSG00000213551	DNAJC9	3203437
ENSG00000100281	HMGXB4	3203355
ENSG00000127328	RAB3IP	3203341
ENSG00000155980	KIF5A	3203001
ENSG00000164104	HMGB2	3202845
ENSG00000141127	PRPSAP2	3202793
ENSG00000007923	DNAJC11	3202507
ENSG00000100591	AHSA1	3202379
ENSG00000053770	AP5M1	3202371
ENSG00000172071	EIF2AK3	3201945
ENSG00000136490	LIMD2	3200929
ENSG00000164929	BAALC	3200596
ENSG00000112242	E2F3	3200146
ENSG00000142230	SAE1	3200093
ENSG00000135047	CTSL	3199970
ENSG00000142784	WDTC1	3199201
ENSG00000152219	ARL14EP	3199179
ENSG00000066557	LRRC40	3198528
ENSG00000107651	SEC23IP	3198236
ENSG00000101542	CDH20	3197746
ENSG00000135643	KCNMB4	3197664
ENSG00000082641	NFE2L1	3197607
ENSG00000143473	KCNH1	3197043
ENSG00000010270	STARD3NL	3196973
ENSG00000160208	RRP1B	3196736
ENSG00000164040	PGRMC2	3196426
ENSG00000077616	NAALAD2	3196152
ENSG00000176771	NCKAP5	3195719
ENSG00000104894	CD37	3195242
ENSG00000116649	SRM	3194488
ENSG00000173542	MOB1B	3194149
ENSG00000183579	ZNRF3	3193500
ENSG00000137513	NARS2	3192693
ENSG00000078902	TOLLIP	3191933
ENSG00000140400	MAN2C1	3191415
ENSG00000126005	MMP24OS	3190923
ENSG00000023909	GCLM	3188300
ENSG00000132563	REEP2	3187740
ENSG00000108344	PSMD3	3187226
ENSG00000127054	INTS11	3187104
ENSG00000102931	ARL2BP	3186882
ENSG00000159579	RSPRY1	3186017
ENSG00000065665	SEC61A2	3185227
ENSG00000149182	ARFGAP2	3184766
ENSG00000101413	RPRD1B	3183536
ENSG00000170638	TRABD	3183421
ENSG00000139323	POC1B	3183146
ENSG00000067704	IARS2	3182501
ENSG00000169783	LINGO1	3182438
ENSG00000172575	RASGRP1	3182431
ENSG00000155621	C9orf85	3181742
ENSG00000136040	PLXNC1	3181530
ENSG00000129534	MIS18BP1	3181230
ENSG00000162804	SNED1	3179130
ENSG00000176871	WSB2	3178955
ENSG00000134590	RTL8C	3177338
ENSG00000086062	B4GALT1	3177263
ENSG00000139722	VPS37B	3176890
ENSG00000166862	CACNG2	3175772
ENSG00000061273	HDAC7	3174547
ENSG00000124562	SNRPC	3174365
ENSG00000160679	CHTOP	3174182
ENSG00000159216	RUNX1	3173452
ENSG00000146267	FAXC	3172875
ENSG00000114999	TTL	3172583
ENSG00000036530	CYP46A1	3172563
ENSG00000103152	MPG	3172286
ENSG00000106344	RBM28	3172026
ENSG00000127946	HIP1	3169987
ENSG00000083750	RRAGB	3169672
ENSG00000204104	TRAF3IP1	3169523
ENSG00000182534	MXRA7	3169012
ENSG00000101493	ZNF516	3166828
ENSG00000145428	RNF175	3166718
ENSG00000112983	BRD8	3166682
ENSG00000187323	DCC	3165035
ENSG00000103707	MTFMT	3164517
ENSG00000131409	LRRC4B	3163883
ENSG00000167491	GATAD2A	3163185
ENSG00000137055	PLAA	3162639
ENSG00000176225	RTTN	3160905
ENSG00000164619	BMPER	3160327
ENSG00000176623	RMDN1	3159667
ENSG00000148341	SH3GLB2	3159419
ENSG00000279170	TSTD3	3158889
ENSG00000151491	EPS8	3158813
ENSG00000100994	PYGB	3158682
ENSG00000117519	CNN3	3156696
ENSG00000103227	LMF1	3156432
ENSG00000185158	LRRC37B	3156245
ENSG00000168395	ING5	3155871
ENSG00000117360	PRPF3	3155832
ENSG00000111481	COPZ1	3155522
ENSG00000205133	TRIQK	3155112
ENSG00000111266	DUSP16	3153638
ENSG00000071462	BUD23	3153204
ENSG00000163428	LRRC58	3152841
ENSG00000058866	DGKG	3152734
ENSG00000118412	CASP8AP2	3152627
ENSG00000114648	KLHL18	3152057
ENSG00000204677	FAM153CP	3151365
ENSG00000104419	NDRG1	3150243
ENSG00000119004	CYP20A1	3149914
ENSG00000101210	EEF1A2	3149535
ENSG00000163686	ABHD6	3149180
ENSG00000205269	TMEM170B	3148452
ENSG00000164961	WASHC5	3148358
ENSG00000132522	GPS2	3147494
ENSG00000102125	TAFAZZIN	3146823
ENSG00000173221	GLRX	3146267
ENSG00000117448	AKR1A1	3146160
ENSG00000179950	PUF60	3145855
ENSG00000107262	BAG1	3145699
ENSG00000150275	PCDH15	3145651
ENSG00000154975	CA10	3145148
ENSG00000111540	RAB5B	3144862
ENSG00000156564	LRFN2	3143186
ENSG00000164073	MFSD8	3143058
ENSG00000153107	ANAPC1	3142433
ENSG00000196072	BLOC1S2	3141863
ENSG00000186318	BACE1	3141811
ENSG00000139168	ZCRB1	3141752
ENSG00000146007	ZMAT2	3141479
ENSG00000173020	GRK2	3141042
ENSG00000165417	GTF2A1	3140265
ENSG00000150907	FOXO1	3138837
ENSG00000067955	CBFB	3138194
ENSG00000137500	CCDC90B	3137879
ENSG00000171617	ENC1	3137696
ENSG00000072135	PTPN18	3137020
ENSG00000134954	ETS1	3136940
ENSG00000165275	TRMT10B	3136020
ENSG00000119321	FKBP15	3135966
ENSG00000130313	PGLS	3135786
ENSG00000134452	FBH1	3135595
ENSG00000172340	SUCLG2	3135208
ENSG00000214050	FBXO16	3135155
ENSG00000129295	DNAAF11	3135136
ENSG00000059122	FLYWCH1	3135016
ENSG00000113966	ARL6	3134691
ENSG00000172733	PURG	3134314
ENSG00000149089	APIP	3133889
ENSG00000072210	ALDH3A2	3133569
ENSG00000109016	DHRS7B	3132969
ENSG00000197562	RAB40C	3132715
ENSG00000246922	UBAP1L	3132650
ENSG00000099977	DDT	3131856
ENSG00000183087	GAS6	3131756
ENSG00000058262	SEC61A1	3131497
ENSG00000164199	ADGRV1	3130825
ENSG00000103671	TRIP4	3130174
ENSG00000211460	TSN	3129201
ENSG00000185033	SEMA4B	3127535
ENSG00000100100	PIK3IP1	3127500
ENSG00000250305	TRMT9B	3127268
ENSG00000131981	LGALS3	3126386
ENSG00000175395	ZNF25	3125765
ENSG00000110619	CARS1	3125672
ENSG00000138670	RASGEF1B	3125584
ENSG00000120159	CAAP1	3125322
ENSG00000133704	IPO8	3124648
ENSG00000123213	NLN	3124549
ENSG00000033030	ZCCHC8	3122131
ENSG00000134107	BHLHE40	3122060
ENSG00000173875	ZNF791	3121804
ENSG00000103145	HCFC1R1	3121700
ENSG00000159445	THEM4	3121564
ENSG00000109819	PPARGC1A	3120831
ENSG00000080709	KCNN2	3120555
ENSG00000154889	MPPE1	3120432
ENSG00000114744	COMMD2	3120032
ENSG00000184831	APOO	3119391
ENSG00000160087	UBE2J2	3119186
ENSG00000119878	CRIPT	3118806
ENSG00000163743	RCHY1	3118798
ENSG00000217555	CKLF	3118300
ENSG00000179820	MYADM	3118127
ENSG00000064309	CDON	3117767
ENSG00000164609	SLU7	3117467
ENSG00000164953	TMEM67	3116665
ENSG00000128513	POT1	3116601
ENSG00000145414	NAF1	3116239
ENSG00000073712	FERMT2	3116158
ENSG00000204642	HLA-F	3115934
ENSG00000145354	CISD2	3115193
ENSG00000145247	OCIAD2	3113662
ENSG00000170632	ARMC10	3113464
ENSG00000108433	GOSR2	3112111
ENSG00000120802	TMPO	3112040
ENSG00000167702	KIFC2	3111857
ENSG00000111203	ITFG2	3110769
ENSG00000135503	ACVR1B	3110614
ENSG00000127884	ECHS1	3110000
ENSG00000143624	INTS3	3108491
ENSG00000013293	SLC7A14	3108077
ENSG00000181929	PRKAG1	3107388
ENSG00000143079	CTTNBP2NL	3106584
ENSG00000135333	EPHA7	3106396
ENSG00000213523	SRA1	3106315
ENSG00000116299	ELAPOR1	3104519
ENSG00000165943	MOAP1	3104108
ENSG00000152944	MED21	3103444
ENSG00000124126	PREX1	3103365
ENSG00000165733	BMS1	3103203
ENSG00000128463	EMC4	3103132
ENSG00000135205	CCDC146	3102176
ENSG00000100568	VTI1B	3100988
ENSG00000152582	SPEF2	3100925
ENSG00000165916	PSMC3	3100875
ENSG00000106588	PSMA2	3100854
ENSG00000196465	MYL6B	3100616
ENSG00000135185	TMEM243	3100515
ENSG00000197860	SGTB	3100087
ENSG00000137502	RAB30	3099783
ENSG00000155099	PIP4P2	3099500
ENSG00000164323	CFAP97	3099450
ENSG00000131446	MGAT1	3098983
ENSG00000170584	NUDCD2	3094488
ENSG00000172590	MRPL52	3094325
ENSG00000203965	EFCAB7	3094014
ENSG00000176209	SMIM19	3093150
ENSG00000185475	TMEM179B	3092819
ENSG00000166448	TMEM130	3092464
ENSG00000133884	DPF2	3091122
ENSG00000053900	ANAPC4	3091035
ENSG00000198597	ZNF536	3090307
ENSG00000151726	ACSL1	3089839
ENSG00000115368	WDR75	3089695
ENSG00000180822	PSMG4	3088765
ENSG00000107130	NCS1	3087559
ENSG00000118402	ELOVL4	3087478
ENSG00000115548	KDM3A	3087425
ENSG00000168813	ZNF507	3087002
ENSG00000011376	LARS2	3086493
ENSG00000090487	SPG21	3086363
ENSG00000104823	ECH1	3086195
ENSG00000172922	RNASEH2C	3085761
ENSG00000168781	PPIP5K1	3085738
ENSG00000029364	SLC39A9	3084845
ENSG00000241962	ENSG00000241962.9	3083597
ENSG00000198838	RYR3	3082665
ENSG00000107362	ABHD17B	3082176
ENSG00000171311	EXOSC1	3081760
ENSG00000146830	GIGYF1	3081188
ENSG00000111581	NUP107	3078951
ENSG00000119688	ABCD4	3078557
ENSG00000138107	ACTR1A	3077893
ENSG00000126705	AHDC1	3076391
ENSG00000100099	HPS4	3076230
ENSG00000092847	AGO1	3076103
ENSG00000196505	GDAP2	3075619
ENSG00000137216	TMEM63B	3074755
ENSG00000188158	NHS	3074310
ENSG00000264522	OTUD7B	3073906
ENSG00000173041	ZNF680	3073846
ENSG00000134897	BIVM	3073355
ENSG00000089775	ZBTB25	3072773
ENSG00000141068	KSR1	3072524
ENSG00000089006	SNX5	3071749
ENSG00000124356	STAMBP	3071657
ENSG00000101193	GID8	3070638
ENSG00000100490	CDKL1	3069996
ENSG00000054356	PTPRN	3069627
ENSG00000163291	PAQR3	3068709
ENSG00000169018	FEM1B	3066708
ENSG00000104442	ARMC1	3066430
ENSG00000124207	CSE1L	3066133
ENSG00000185842	DNAH14	3065954
ENSG00000082074	FYB1	3065727
ENSG00000137955	RABGGTB	3065346
ENSG00000196693	ZNF33B	3064885
ENSG00000132612	VPS4A	3063988
ENSG00000089682	RBM41	3063511
ENSG00000120688	WBP4	3063439
ENSG00000106524	ANKMY2	3063359
ENSG00000055950	MRPL43	3063337
ENSG00000178057	NDUFAF3	3063161
ENSG00000272047	GTF2H5	3062555
ENSG00000159346	ADIPOR1	3061914
ENSG00000013306	SLC25A39	3060251
ENSG00000129355	CDKN2D	3059410
ENSG00000196236	XPNPEP3	3059231
ENSG00000113645	WWC1	3059158
ENSG00000060982	BCAT1	3058806
ENSG00000111276	CDKN1B	3058542
ENSG00000167085	PHB1	3058385
ENSG00000065989	PDE4A	3058075
ENSG00000197119	SLC25A29	3058025
ENSG00000182093	GET1	3057658
ENSG00000136450	SRSF1	3057263
ENSG00000105393	BABAM1	3056822
ENSG00000177453	NIM1K	3056806
ENSG00000183864	TOB2	3056239
ENSG00000121644	DESI2	3056062
ENSG00000171824	EXOSC10	3054823
ENSG00000113621	TXNDC15	3054025
ENSG00000138085	ATRAID	3053614
ENSG00000142089	IFITM3	3052903
ENSG00000204514	ZNF814	3052661
ENSG00000119946	CNNM1	3052467
ENSG00000074356	NCBP3	3052282
ENSG00000148730	EIF4EBP2	3051347
ENSG00000170088	TMEM192	3051272
ENSG00000144668	ITGA9	3051218
ENSG00000101638	ST8SIA5	3051199
ENSG00000083520	DIS3	3051118
ENSG00000113615	SEC24A	3050477
ENSG00000142408	CACNG8	3050367
ENSG00000014216	CAPN1	3050344
ENSG00000143653	SCCPDH	3050063
ENSG00000163938	GNL3	3049919
ENSG00000167470	MIDN	3047725
ENSG00000125652	ALKBH7	3047115
ENSG00000169738	DCXR	3046961
ENSG00000113716	HMGXB3	3046917
ENSG00000165406	MARCHF8	3046912
ENSG00000119979	DENND10	3046837
ENSG00000106245	BUD31	3046165
ENSG00000184368	MAP7D2	3044763
ENSG00000197061	H4C3	3044744
ENSG00000227124	ZNF717	3044682
ENSG00000120805	ARL1	3044096
ENSG00000163630	SYNPR	3044049
ENSG00000143393	PI4KB	3044047
ENSG00000148606	POLR3A	3043853
ENSG00000071994	PDCD2	3043209
ENSG00000081760	AACS	3041293
ENSG00000105202	FBL	3041246
ENSG00000214736	TOMM6	3040869
ENSG00000134287	ARF3	3040678
ENSG00000170946	DNAJC24	3040427
ENSG00000175322	ZNF519	3039656
ENSG00000196182	STK40	3039424
ENSG00000126821	SGPP1	3039375
ENSG00000138650	PCDH10	3038731
ENSG00000111361	EIF2B1	3038315
ENSG00000147364	FBXO25	3038153
ENSG00000113300	CNOT6	3038143
ENSG00000122970	IFT81	3038025
ENSG00000101132	PFDN4	3037662
ENSG00000181029	TRAPPC5	3036220
ENSG00000161040	FBXL13	3035552
ENSG00000173175	ADCY5	3035169
ENSG00000132182	NUP210	3034959
ENSG00000138031	ADCY3	3034531
ENSG00000070423	RNF126	3034370
ENSG00000167106	EEIG1	3034121
ENSG00000077585	GPR137B	3034041
ENSG00000106993	CDC37L1	3033727
ENSG00000024862	CCDC28A	3031471
ENSG00000116138	DNAJC16	3030332
ENSG00000166783	MARF1	3029947
ENSG00000037474	NSUN2	3029839
ENSG00000113971	NPHP3	3029575
ENSG00000135074	ADAM19	3029402
ENSG00000163867	ZMYM6	3029361
ENSG00000174080	CTSF	3028461
ENSG00000277149	TYW1B	3028073
ENSG00000164219	PGGT1B	3027938
ENSG00000148110	MFSD14B	3027382
ENSG00000175575	PAAF1	3026828
ENSG00000171703	TCEA2	3026595
ENSG00000101544	ADNP2	3026128
ENSG00000141084	RANBP10	3025649
ENSG00000006116	CACNG3	3025491
ENSG00000127948	POR	3025069
ENSG00000104957	YJU2B	3025069
ENSG00000166224	SGPL1	3025042
ENSG00000164332	UBLCP1	3024192
ENSG00000104341	LAPTM4B	3023934
ENSG00000076513	ANKRD13A	3023907
ENSG00000168056	LTBP3	3023375
ENSG00000197024	ZNF398	3023301
ENSG00000166847	DCTN5	3022804
ENSG00000113845	TIMMDC1	3022720
ENSG00000109189	USP46	3022609
ENSG00000041353	RAB27B	3022502
ENSG00000100028	SNRPD3	3020995
ENSG00000156735	BAG4	3018573
ENSG00000139433	GLTP	3018408
ENSG00000148187	MRRF	3018228
ENSG00000122435	TRMT13	3017234
ENSG00000100890	PRORP	3016729
ENSG00000168159	RNF187	3016567
ENSG00000163913	IFT122	3016143
ENSG00000132478	UNK	3016053
ENSG00000177707	NECTIN3	3013726
ENSG00000129682	FGF13	3013013
ENSG00000008324	SS18L2	3012961
ENSG00000109158	GABRA4	3012400
ENSG00000136478	TEX2	3012319
ENSG00000102547	CAB39L	3011212
ENSG00000059915	PSD	3010842
ENSG00000124313	IQSEC2	3010267
ENSG00000182919	C11orf54	3010196
ENSG00000171476	HOPX	3009804
ENSG00000176853	FAM91A1	3009219
ENSG00000096093	EFHC1	3008776
ENSG00000150401	DCUN1D2	3007864
ENSG00000070770	CSNK2A2	3007832
ENSG00000132600	PRMT7	3007798
ENSG00000065923	SLC9A7	3007513
ENSG00000111859	NEDD9	3007464
ENSG00000125846	ZNF133	3006297
ENSG00000001084	GCLC	3005960
ENSG00000095261	PSMD5	3005894
ENSG00000131828	PDHA1	3005582
ENSG00000158856	DMTN	3005551
ENSG00000008405	CRY1	3005220
ENSG00000001630	CYP51A1	3004143
ENSG00000120519	SLC10A7	3003946
ENSG00000264364	DYNLL2	3003900
ENSG00000139613	SMARCC2	3003727
ENSG00000107331	ABCA2	3003721
ENSG00000171208	NETO2	3003207
ENSG00000173114	LRRN3	3002916
ENSG00000139437	TCHP	3002789
ENSG00000089041	P2RX7	3002470
ENSG00000108774	RAB5C	3001874
ENSG00000075043	KCNQ2	3001666
ENSG00000159079	CFAP298	3001413
ENSG00000073584	SMARCE1	3001004
ENSG00000162636	EEIG2	3000720
ENSG00000090061	CCNK	2999497
ENSG00000072958	AP1M1	2998183
ENSG00000118495	PLAGL1	2997839
ENSG00000186812	ZNF397	2997219
ENSG00000186106	ANKRD46	2996909
ENSG00000077721	UBE2A	2996868
ENSG00000072501	SMC1A	2996790
ENSG00000105576	TNPO2	2996432
ENSG00000105677	TMEM147	2996183
ENSG00000104331	BPNT2	2996112
ENSG00000158828	PINK1	2994811
ENSG00000156502	SUPV3L1	2994731
ENSG00000185122	HSF1	2994686
ENSG00000136167	LCP1	2994337
ENSG00000120948	TARDBP	2994182
ENSG00000072133	RPS6KA6	2994020
ENSG00000115520	COQ10B	2993540
ENSG00000110107	PRPF19	2993335
ENSG00000072786	STK10	2992208
ENSG00000124532	MRS2	2992187
ENSG00000099308	MAST3	2992004
ENSG00000138442	WDR12	2991288
ENSG00000125844	RRBP1	2990732
ENSG00000131844	MCCC2	2989731
ENSG00000124535	WRNIP1	2989709
ENSG00000082146	STRADB	2989584
ENSG00000175106	TVP23C	2989182
ENSG00000152683	SLC30A6	2988739
ENSG00000157851	DPYSL5	2988111
ENSG00000105364	MRPL4	2987677
ENSG00000050393	MCUR1	2986858
ENSG00000143401	ANP32E	2986746
ENSG00000196470	SIAH1	2985566
ENSG00000063180	CA11	2984860
ENSG00000158079	PTPDC1	2984854
ENSG00000089597	GANAB	2984319
ENSG00000117862	TXNDC12	2983806
ENSG00000146592	CREB5	2983157
ENSG00000136169	SETDB2	2981104
ENSG00000102316	MAGED2	2980918
ENSG00000156395	SORCS3	2980812
ENSG00000189266	PNRC2	2980796
ENSG00000111450	STX2	2980722
ENSG00000072041	SLC6A15	2980442
ENSG00000108468	CBX1	2980077
ENSG00000072042	RDH11	2979216
ENSG00000008517	IL32	2979028
ENSG00000213918	DNASE1	2978946
ENSG00000115459	ELMOD3	2978665
ENSG00000137207	YIPF3	2978510
ENSG00000058453	CROCC	2977686
ENSG00000185515	BRCC3	2977340
ENSG00000112110	MRPL18	2976767
ENSG00000158411	MITD1	2976468
ENSG00000141985	SH3GL1	2976293
ENSG00000183431	SF3A3	2975456
ENSG00000138134	STAMBPL1	2973495
ENSG00000173210	ABLIM3	2972704
ENSG00000205707	ETFRF1	2971335
ENSG00000148356	LRSAM1	2970388
ENSG00000121716	PILRB	2970089
ENSG00000149196	HIKESHI	2969972
ENSG00000003509	NDUFAF7	2969481
ENSG00000067836	ROGDI	2969152
ENSG00000116918	TSNAX	2969019
ENSG00000184347	SLIT3	2968443
ENSG00000166925	TSC22D4	2968300
ENSG00000125166	GOT2	2967544
ENSG00000076043	REXO2	2966544
ENSG00000124160	NCOA5	2966090
ENSG00000183662	TAFA1	2965923
ENSG00000151665	PIGF	2965796
ENSG00000145901	TNIP1	2964455
ENSG00000011485	PPP5C	2963563
ENSG00000274211	SOCS7	2963213
ENSG00000155876	RRAGA	2962585
ENSG00000075856	SART3	2962315
ENSG00000108352	RAPGEFL1	2962278
ENSG00000104687	GSR	2962133
ENSG00000129493	HEATR5A	2961302
ENSG00000178449	COX14	2961262
ENSG00000128928	IVD	2960353
ENSG00000141404	GNAL	2959770
ENSG00000134375	TIMM17A	2959764
ENSG00000181704	YIPF6	2959657
ENSG00000068784	SRBD1	2958863
ENSG00000107882	SUFU	2958484
ENSG00000137842	TMEM62	2958009
ENSG00000184575	XPOT	2957836
ENSG00000168303	MPLKIP	2957431
ENSG00000072062	PRKACA	2957165
ENSG00000213619	NDUFS3	2956820
ENSG00000171204	TMEM126B	2956064
ENSG00000117475	BLZF1	2955863
ENSG00000130684	ZNF337	2955816
ENSG00000101181	MTG2	2955717
ENSG00000136715	SAP130	2955414
ENSG00000170382	LRRN2	2955136
ENSG00000148396	SEC16A	2953322
ENSG00000158711	ELK4	2953267
ENSG00000157800	SLC37A3	2953025
ENSG00000107105	ELAVL2	2952912
ENSG00000030582	GRN	2950803
ENSG00000168883	USP39	2950646
ENSG00000099326	MZF1	2950609
ENSG00000125863	MKKS_ENSG00000125863	2950467
ENSG00000018699	TTC27	2950297
ENSG00000148337	CIZ1	2950028
ENSG00000007944	MYLIP	2949158
ENSG00000070718	AP3M2	2949157
ENSG00000114631	PODXL2	2948792
ENSG00000089169	RPH3A	2948253
ENSG00000116260	QSOX1	2948147
ENSG00000166257	SCN3B	2947148
ENSG00000106688	SLC1A1	2947072
ENSG00000111843	TMEM14C	2946928
ENSG00000105866	SP4	2946425
ENSG00000119559	C19orf25	2946256
ENSG00000090316	MAEA	2945620
ENSG00000092421	SEMA6A	2945390
ENSG00000108651	UTP6	2944935
ENSG00000162819	BROX	2944914
ENSG00000182957	SPATA13_ENSG00000182957	2944889
ENSG00000117682	DHDDS	2944466
ENSG00000204227	RING1	2943790
ENSG00000159322	ADPGK	2943139
ENSG00000197771	MCMBP	2942418
ENSG00000006432	MAP3K9	2942004
ENSG00000138771	SHROOM3	2940894
ENSG00000198189	HSD17B11	2940705
ENSG00000113273	ARSB	2939919
ENSG00000112293	GPLD1	2939218
ENSG00000183605	SFXN4	2939072
ENSG00000118946	PCDH17	2938831
ENSG00000163950	SLBP	2937513
ENSG00000143815	LBR	2936878
ENSG00000152749	GPR180	2936690
ENSG00000122729	ACO1	2936669
ENSG00000240230	COX19	2936407
ENSG00000146143	PRIM2	2935684
ENSG00000121022	COPS5	2934755
ENSG00000013375	PGM3	2934023
ENSG00000171497	PPID	2933803
ENSG00000138382	METTL5	2932979
ENSG00000176542	USF3	2932802
ENSG00000219545	UMAD1	2932780
ENSG00000121966	CXCR4	2931352
ENSG00000178904	DPY19L3	2931351
ENSG00000117598	PLPPR5	2930432
ENSG00000100348	TXN2	2929586
ENSG00000177511	ST8SIA3	2929007
ENSG00000136504	KAT7	2928567
ENSG00000156675	RAB11FIP1	2928325
ENSG00000149289	ZC3H12C	2928175
ENSG00000136147	PHF11	2927751
ENSG00000065060	BLTP3A	2927160
ENSG00000005379	TSPOAP1	2926157
ENSG00000160285	LSS	2926036
ENSG00000100600	LGMN	2925983
ENSG00000091844	RGS17	2925868
ENSG00000089486	CDIP1	2925397
ENSG00000114054	PCCB	2925328
ENSG00000146386	ABRACL	2925169
ENSG00000206199	ANKUB1	2924848
ENSG00000249853	HS3ST5	2924605
ENSG00000175220	ARHGAP1	2924336
ENSG00000177917	ARL6IP6	2924186
ENSG00000109118	PHF12	2923878
ENSG00000198355	PIM3	2923811
ENSG00000100403	ZC3H7B	2923680
ENSG00000131127	ZNF141	2923305
ENSG00000011347	SYT7	2923160
ENSG00000173852	DPY19L1	2922875
ENSG00000021355	SERPINB1	2922454
ENSG00000198689	SLC9A6	2921507
ENSG00000159433	STARD9	2920858
ENSG00000144848	ATG3	2920574
ENSG00000169239	CA5B	2920469
ENSG00000075089	ACTR6	2920102
ENSG00000115183	TANC1	2918407
ENSG00000151502	VPS26B	2918098
ENSG00000122882	ECD	2917919
ENSG00000182504	CEP97	2917641
ENSG00000001631	KRIT1	2916293
ENSG00000130706	ADRM1	2915973
ENSG00000109929	SC5D	2915795
ENSG00000131943	C19orf12	2915694
ENSG00000130540	SULT4A1	2915514
ENSG00000182263	FIGN	2915455
ENSG00000114904	NEK4	2913884
ENSG00000100749	VRK1	2913622
ENSG00000166855	CLPX	2913197
ENSG00000078177	N4BP2	2911597
ENSG00000157214	STEAP2	2911448
ENSG00000172803	SNX32	2909746
ENSG00000107104	KANK1	2909391
ENSG00000176148	TCP11L1	2909330
ENSG00000108231	LGI1	2908448
ENSG00000012817	KDM5D	2906989
ENSG00000116001	TIA1	2906621
ENSG00000005206	SPPL2B	2906595
ENSG00000168439	STIP1	2905343
ENSG00000116729	WLS	2904218
ENSG00000155287	SLC25A28	2904025
ENSG00000136925	TSTD2	2903143
ENSG00000115204	MPV17	2903119
ENSG00000156030	MIDEAS	2901965
ENSG00000150687	PRSS23	2901727
ENSG00000164442	CITED2	2900473
ENSG00000093183	SEC22C	2900449
ENSG00000163636	PSMD6	2899554
ENSG00000151148	UBE3B	2899276
ENSG00000106591	MRPL32	2899133
ENSG00000118961	LDAH	2898951
ENSG00000174132	FAM174A	2898869
ENSG00000130726	TRIM28	2898293
ENSG00000162086	ZNF75A	2897514
ENSG00000105186	ANKRD27	2896773
ENSG00000133313	CNDP2	2896114
ENSG00000265808	SEC22B	2895393
ENSG00000137996	RTCA	2895286
ENSG00000111358	GTF2H3	2894717
ENSG00000276293	PIP4K2B	2894516
ENSG00000100711	ZFYVE21	2893550
ENSG00000186976	EFCAB6	2892982
ENSG00000164236	ANKRD33B	2892876
ENSG00000145916	RMND5B	2891852
ENSG00000150636	CCDC102B	2890924
ENSG00000115423	DNAH6	2890206
ENSG00000090013	BLVRB	2890191
ENSG00000175826	CTDNEP1	2888836
ENSG00000100216	TOMM22	2888539
ENSG00000162437	RAVER2	2887867
ENSG00000166716	ZNF592	2887602
ENSG00000163171	CDC42EP3	2887600
ENSG00000224877	NDUFAF8	2886896
ENSG00000136986	DERL1	2886575
ENSG00000197580	BCO2	2886129
ENSG00000099385	BCL7C	2886126
ENSG00000116199	FAM20B	2886113
ENSG00000122547	EEPD1	2886072
ENSG00000128805	ARHGAP22	2885554
ENSG00000261609	GAN	2885227
ENSG00000109536	FRG1	2885107
ENSG00000117362	APH1A	2884975
ENSG00000154309	DISP1	2884710
ENSG00000164116	GUCY1A1	2884161
ENSG00000043514	TRIT1	2883803
ENSG00000058056	USP13	2882443
ENSG00000141030	COPS3	2882335
ENSG00000178694	NSUN3	2881238
ENSG00000182551	ADI1	2880958
ENSG00000047621	C12orf4	2880751
ENSG00000188026	RILPL1	2879736
ENSG00000156928	MALSU1	2879376
ENSG00000197584	KCNMB2	2879341
ENSG00000167202	TBC1D2B	2879155
ENSG00000020922	MRE11	2878611
ENSG00000101247	NDUFAF5	2878429
ENSG00000072756	TRNT1	2878403
ENSG00000197343	ZNF655	2877445
ENSG00000074317	SNCB	2877332
ENSG00000169599	NFU1	2876848
ENSG00000198176	TFDP1	2876547
ENSG00000159884	CCDC107	2876070
ENSG00000103502	CDIPT	2875880
ENSG00000126970	ZC4H2	2875686
ENSG00000215712	TMEM242	2875665
ENSG00000118997	DNAH7	2875643
ENSG00000137944	KYAT3	2875120
ENSG00000151151	IPMK	2874899
ENSG00000179632	MAF1	2874032
ENSG00000141741	MIEN1	2873819
ENSG00000095059	DHPS	2872500
ENSG00000047644	WWC3	2872437
ENSG00000165113	GKAP1	2871728
ENSG00000170464	DNAJC18	2871469
ENSG00000120709	FAM53C	2870979
ENSG00000196581	AJAP1	2870952
ENSG00000165959	CLMN	2870642
ENSG00000147251	DOCK11	2870055
ENSG00000155846	PPARGC1B	2869814
ENSG00000127329	PTPRB	2869597
ENSG00000143179	UCK2	2868536
ENSG00000143294	PRCC	2868263
ENSG00000116906	GNPAT	2868260
ENSG00000164347	GFM2	2867876
ENSG00000119285	HEATR1	2867708
ENSG00000131697	NPHP4	2867397
ENSG00000095139	ARCN1	2867172
ENSG00000198952	SMG5	2866809
ENSG00000171798	KNDC1	2866652
ENSG00000136240	KDELR2	2866573
ENSG00000182512	GLRX5	2866550
ENSG00000140497	SCAMP2	2866508
ENSG00000171466	ZNF562	2866452
ENSG00000104549	SQLE	2866002
ENSG00000157470	FAM81A	2865962
ENSG00000074266	EED	2865757
ENSG00000028839	TBPL1	2865726
ENSG00000126012	KDM5C	2865618
ENSG00000103510	KAT8	2865044
ENSG00000164933	SLC25A32	2864658
ENSG00000164880	INTS1	2864598
ENSG00000111224	PARP11	2863700
ENSG00000150967	ABCB9	2862322
ENSG00000103249	CLCN7	2861998
ENSG00000151208	DLG5	2861499
ENSG00000158201	ABHD3	2861402
ENSG00000182934	SRPRA	2861225
ENSG00000146676	PURB	2861063
ENSG00000198730	CTR9	2860962
ENSG00000101134	DOK5	2860651
ENSG00000103942	HOMER2	2860231
ENSG00000011260	UTP18	2860117
ENSG00000131748	STARD3	2859966
ENSG00000130304	SLC27A1	2858913
ENSG00000106948	AKNA	2858225
ENSG00000153048	CARHSP1	2858151
ENSG00000109771	LRP2BP	2857979
ENSG00000111653	ING4	2857421
ENSG00000198039	ZNF273	2857016
ENSG00000020129	NCDN	2856930
ENSG00000109956	B3GAT1	2856634
ENSG00000087884	AAMDC	2855634
ENSG00000172159	FRMD3	2855418
ENSG00000137962	ARHGAP29	2855357
ENSG00000170448	NFXL1	2855264
ENSG00000111802	TDP2	2854546
ENSG00000138780	GSTCD	2854043
ENSG00000204574	ABCF1	2853766
ENSG00000106069	CHN2	2853632
ENSG00000149403	GRIK4	2853459
ENSG00000023902	PLEKHO1	2853390
ENSG00000179242	CDH4	2853230
ENSG00000186575	NF2	2852526
ENSG00000130592	LSP1	2851713
ENSG00000067596	DHX8	2851531
ENSG00000103494	RPGRIP1L	2850838
ENSG00000108523	RNF167	2850658
ENSG00000124357	NAGK	2850327
ENSG00000167703	SLC43A2	2850233
ENSG00000187416	LHFPL3	2849361
ENSG00000186111	PIP5K1C	2848285
ENSG00000100325	ASCC2	2848025
ENSG00000165138	ANKS6	2847992
ENSG00000062485	CS	2847873
ENSG00000177981	ASB8	2846915
ENSG00000150779	TIMM8B	2846323
ENSG00000170852	KBTBD2	2846070
ENSG00000172086	KRCC1	2845262
ENSG00000177666	PNPLA2	2845220
ENSG00000162849	KIF26B	2845129
ENSG00000174099	MSRB3	2845061
ENSG00000174672	BRSK2	2843756
ENSG00000213190	MLLT11	2843597
ENSG00000102265	TIMP1	2843473
ENSG00000075914	EXOSC7	2843284
ENSG00000080493	SLC4A4	2843262
ENSG00000137106	GRHPR	2842100
ENSG00000155008	APOOL	2841338
ENSG00000166263	STXBP4	2840509
ENSG00000130159	ECSIT	2840040
ENSG00000089234	BRAP	2839969
ENSG00000145293	ENOPH1	2839050
ENSG00000185024	BRF1	2838932
ENSG00000102898	NUTF2	2838516
ENSG00000143458	GABPB2	2837385
ENSG00000133275	CSNK1G2	2836879
ENSG00000125445	MRPS7	2836751
ENSG00000155463	OXA1L	2836671
ENSG00000108039	XPNPEP1	2834734
ENSG00000146833	TRIM4	2833797
ENSG00000139370	SLC15A4	2833342
ENSG00000243927	MRPS6	2832920
ENSG00000110074	FOXRED1	2832844
ENSG00000130560	UBAC1	2832731
ENSG00000116005	PCYOX1	2832640
ENSG00000177697	CD151	2832172
ENSG00000105518	TMEM205	2831374
ENSG00000110786	PTPN5	2831036
ENSG00000025156	HSF2	2830830
ENSG00000088899	LZTS3	2830052
ENSG00000172403	SYNPO2	2829629
ENSG00000038274	MAT2B	2829374
ENSG00000129315	CCNT1	2828766
ENSG00000138744	NAAA	2828255
ENSG00000205356	TECPR1	2827334
ENSG00000112406	HECA	2826800
ENSG00000108984	MAP2K6	2826527
ENSG00000165973	NELL1	2826435
ENSG00000179981	TSHZ1	2826359
ENSG00000006695	COX10	2826297
ENSG00000127837	AAMP	2826047
ENSG00000170275	CRTAP	2825555
ENSG00000068308	OTUD5	2825549
ENSG00000144366	GULP1	2825499
ENSG00000103351	CLUAP1	2825353
ENSG00000184922	FMNL1	2824334
ENSG00000157637	SLC38A10	2823512
ENSG00000136937	NCBP1	2823165
ENSG00000111727	HCFC2	2823111
ENSG00000091136	LAMB1	2822952
ENSG00000163050	COQ8A	2822935
ENSG00000065029	ZNF76	2822780
ENSG00000108312	UBTF	2822689
ENSG00000197050	ZNF420	2822382
ENSG00000116898	MRPS15	2822349
ENSG00000107551	RASSF4	2822333
ENSG00000152969	JAKMIP1	2822329
ENSG00000138639	ARHGAP24	2821959
ENSG00000197283	SYNGAP1	2820370
ENSG00000163075	CFAP221	2820292
ENSG00000104299	INTS9	2820125
ENSG00000105737	GRIK5	2817604
ENSG00000170113	NIPA1	2817481
ENSG00000101367	MAPRE1	2817124
ENSG00000178585	CTNNBIP1	2816843
ENSG00000278053	DDX52	2816409
ENSG00000162687	KCNT2	2815838
ENSG00000125458	NT5C	2815746
ENSG00000198146	ZNF770	2815638
ENSG00000100150	DEPDC5	2815419
ENSG00000134215	VAV3	2813181
ENSG00000107897	ACBD5	2813045
ENSG00000186480	INSIG1	2812415
ENSG00000163257	DCAF16	2811322
ENSG00000140105	WARS1	2811267
ENSG00000145246	ATP10D	2810749
ENSG00000124523	SIRT5	2810656
ENSG00000082515	MRPL22	2810113
ENSG00000156531	PHF6	2809930
ENSG00000168993	CPLX1	2809615
ENSG00000184985	SORCS2	2809185
ENSG00000114503	NCBP2	2808078
ENSG00000002016	RAD52	2807358
ENSG00000186642	PDE2A	2807113
ENSG00000091640	SPAG7	2806901
ENSG00000187609	EXD3	2806546
ENSG00000155085	AK9	2806093
ENSG00000241258	CRCP	2805885
ENSG00000090857	PDPR	2805590
ENSG00000132823	OSER1	2805160
ENSG00000153214	TMEM87B	2804456
ENSG00000145632	PLK2	2803739
ENSG00000134899	ERCC5	2803678
ENSG00000124571	XPO5	2803359
ENSG00000164951	PDP1	2803204
ENSG00000164414	SLC35A1	2802660
ENSG00000091127	PUS7	2802311
ENSG00000012232	EXTL3	2802007
ENSG00000063245	EPN1	2801912
ENSG00000128340	RAC2	2801889
ENSG00000156017	CARNMT1	2801748
ENSG00000161217	PCYT1A	2801711
ENSG00000107020	PLGRKT	2801366
ENSG00000115271	GCA	2801100
ENSG00000184182	UBE2F	2801098
ENSG00000196547	MAN2A2	2800709
ENSG00000102978	POLR2C	2800708
ENSG00000013275	PSMC4	2800435
ENSG00000165775	FUNDC2	2800078
ENSG00000128536	CDHR3	2799699
ENSG00000188290	HES4	2799378
ENSG00000155657	TTN	2798859
ENSG00000075303	SLC25A40	2798356
ENSG00000117154	IGSF21	2798134
ENSG00000004660	CAMKK1	2797982
ENSG00000113638	TTC33	2797792
ENSG00000112033	PPARD	2797351
ENSG00000120256	LRP11	2797268
ENSG00000007202	BLTP2	2797204
ENSG00000151657	KIN	2796373
ENSG00000196227	FAM217B	2795838
ENSG00000185619	PCGF3	2794791
ENSG00000168894	RNF181	2793321
ENSG00000180190	TDRP	2793270
ENSG00000073060	SCARB1	2792335
ENSG00000102119	EMD	2791768
ENSG00000167257	RNF214	2791511
ENSG00000183570	PCBP3	2790820
ENSG00000130363	RSPH3	2790343
ENSG00000188730	VWC2	2789870
ENSG00000172785	ZNG1A	2789737
ENSG00000221968	FADS3	2789487
ENSG00000163812	ZDHHC3	2788931
ENSG00000089351	GRAMD1A	2788813
ENSG00000170502	NUDT9	2788232
ENSG00000037757	MRI1	2787995
ENSG00000069974	RAB27A	2787682
ENSG00000124228	DDX27	2787489
ENSG00000196353	CPNE4	2787220
ENSG00000162623	TYW3	2786802
ENSG00000140280	LYSMD2	2786678
ENSG00000134987	WDR36	2785738
ENSG00000178252	WDR6	2785065
ENSG00000115170	ACVR1	2784563
ENSG00000165259	HDX	2784389
ENSG00000179399	GPC5	2783836
ENSG00000151553	FHIP2A	2781979
ENSG00000188385	JAKMIP3	2781565
ENSG00000108773	KAT2A	2780748
ENSG00000101052	IFT52	2780514
ENSG00000240303	ACAD11	2780182
ENSG00000077782	FGFR1	2780108
ENSG00000140650	PMM2	2779817
ENSG00000137824	RMDN3	2778909
ENSG00000214046	SMIM7	2778452
ENSG00000172824	CES4A	2777183
ENSG00000128791	TWSG1	2776960
ENSG00000136451	VEZF1	2776216
ENSG00000154127	UBASH3B	2774733
ENSG00000166337	TAF10	2774482
ENSG00000136213	CHST12	2773749
ENSG00000131263	RLIM	2772399
ENSG00000104886	PLEKHJ1	2770834
ENSG00000185359	HGS	2770697
ENSG00000004478	FKBP4	2769944
ENSG00000196526	AFAP1	2769141
ENSG00000166402	TUB	2768286
ENSG00000111684	LPCAT3	2767840
ENSG00000145703	IQGAP2	2767766
ENSG00000159131	GART	2767455
ENSG00000138380	CARF	2767060
ENSG00000101310	SEC23B	2766696
ENSG00000112425	EPM2A	2766468
ENSG00000164307	ERAP1	2766464
ENSG00000095485	CWF19L1	2764794
ENSG00000154114	TBCEL	2764389
ENSG00000100376	FAM118A	2764050
ENSG00000184992	BRI3BP	2762706
ENSG00000154262	ABCA6	2762441
ENSG00000116857	TMEM9	2761998
ENSG00000103319	EEF2K	2761301
ENSG00000181982	CCDC149	2761248
ENSG00000110031	LPXN	2761234
ENSG00000163964	PIGX	2761133
ENSG00000105793	GTPBP10	2761062
ENSG00000123094	RASSF8	2760952
ENSG00000155959	VBP1	2760709
ENSG00000185052	SLC24A3	2760210
ENSG00000163170	BOLA3	2759351
ENSG00000205060	SLC35B4	2759345
ENSG00000162585	FAAP20	2759323
ENSG00000091490	SEL1L3	2758930
ENSG00000153237	CCDC148	2758613
ENSG00000138386	NAB1	2758394
ENSG00000148824	MTG1	2758228
ENSG00000164402	SEPTIN8	2758009
ENSG00000115234	SNX17	2757485
ENSG00000188343	CIBAR1	2757485
ENSG00000119698	PPP4R4	2757082
ENSG00000099256	PRTFDC1	2755772
ENSG00000161533	ACOX1	2755682
ENSG00000125629	INSIG2	2755180
ENSG00000198954	KIFBP	2755167
ENSG00000115350	POLE4	2754853
ENSG00000108883	EFTUD2	2754695
ENSG00000143515	ATP8B2	2754474
ENSG00000138769	CDKL2	2754099
ENSG00000015475	BID	2754066
ENSG00000140995	DEF8	2753730
ENSG00000153234	NR4A2	2753679
ENSG00000105379	ETFB	2753499
ENSG00000137309	HMGA1	2753438
ENSG00000121957	GPSM2	2753142
ENSG00000143119	CD53	2753045
ENSG00000015592	STMN4	2752327
ENSG00000145920	CPLX2	2752309
ENSG00000135299	ANKRD6	2752268
ENSG00000107874	CUEDC2	2752227
ENSG00000198690	FAN1	2751678
ENSG00000169499	PLEKHA2	2751421
ENSG00000088888	MAVS	2751138
ENSG00000221890	NPTXR	2749735
ENSG00000183617	MRPL54	2748806
ENSG00000072422	RHOBTB1	2748508
ENSG00000164902	PHAX	2748495
ENSG00000105270	CLIP3	2748439
ENSG00000171368	TPPP	2748413
ENSG00000105939	ZC3HAV1	2747708
ENSG00000197858	GPAA1	2747210
ENSG00000159917	ZNF235	2746808
ENSG00000143379	SETDB1	2746561
ENSG00000004139	SARM1	2746375
ENSG00000206561	COLQ	2746277
ENSG00000172992	DCAKD	2746218
ENSG00000204264	PSMB8	2746105
ENSG00000171097	KYAT1	2745909
ENSG00000141639	MAPK4	2745472
ENSG00000163617	CCDC191	2744120
ENSG00000143337	TOR1AIP1	2743731
ENSG00000135315	CEP162	2742430
ENSG00000113100	CDH9	2742328
ENSG00000132510	KDM6B	2741869
ENSG00000105855	ITGB8	2741643
ENSG00000044524	EPHA3	2741556
ENSG00000197451	HNRNPAB	2741085
ENSG00000125875	TBC1D20	2740892
ENSG00000198920	KIAA0753	2739926
ENSG00000167699	GLOD4	2739894
ENSG00000160255	ITGB2	2739803
ENSG00000100359	SGSM3	2739794
ENSG00000108590	MED31	2737975
ENSG00000141337	ARSG	2737870
ENSG00000103429	BFAR	2737666
ENSG00000134086	VHL	2737269
ENSG00000171612	SLC25A33	2736980
ENSG00000166839	ANKDD1A	2736519
ENSG00000090097	PCBP4	2735730
ENSG00000128294	TPST2	2735020
ENSG00000110925	CSRNP2	2734985
ENSG00000106546	AHR	2734715
ENSG00000163161	ERCC3	2734506
ENSG00000185885	IFITM1	2733734
ENSG00000145391	SETD7	2733107
ENSG00000111911	HINT3	2732477
ENSG00000076242	MLH1	2732258
ENSG00000157103	SLC6A1	2732236
ENSG00000067334	DNTTIP2	2731567
ENSG00000119640	ACYP1	2731241
ENSG00000006625	GGCT	2731169
ENSG00000257093	DENND11	2730997
ENSG00000163624	CDS1	2730008
ENSG00000105063	PPP6R1	2729371
ENSG00000168952	STXBP6	2728621
ENSG00000174939	ASPHD1	2728447
ENSG00000106086	PLEKHA8	2727582
ENSG00000198814	GK	2727484
ENSG00000124587	PEX6	2726642
ENSG00000197013	ZNF429	2726058
ENSG00000142185	TRPM2	2725412
ENSG00000080189	SLC35C2	2725253
ENSG00000075884	ARHGAP15	2725018
ENSG00000042429	MED17	2724939
ENSG00000140553	UNC45A	2724814
ENSG00000125505	MBOAT7	2724738
ENSG00000171566	PLRG1	2724097
ENSG00000177888	ZBTB41	2723885
ENSG00000133243	BTBD2	2723651
ENSG00000028310	BRD9	2723549
ENSG00000147121	KRBOX4	2721801
ENSG00000213983	AP1G2	2721478
ENSG00000172171	TEFM	2720935
ENSG00000081014	AP4E1	2720098
ENSG00000141378	PTRH2	2719237
ENSG00000141449	GREB1L	2719123
ENSG00000164904	ALDH7A1	2718126
ENSG00000143847	PPFIA4	2717426
ENSG00000163798	SLC4A1AP	2716551
ENSG00000162910	MRPL55	2716534
ENSG00000185344	ATP6V0A2	2716370
ENSG00000074964	ARHGEF10L	2716247
ENSG00000170074	FAM153A	2715809
ENSG00000008056	SYN1	2715472
ENSG00000066855	MTFR1	2715083
ENSG00000147676	MAL2	2714136
ENSG00000136933	RABEPK	2714032
ENSG00000106733	NMRK1	2713753
ENSG00000167740	CYB5D2	2713723
ENSG00000170836	PPM1D	2713394
ENSG00000107872	FBXL15	2712817
ENSG00000123595	RAB9A	2712685
ENSG00000072954	TMEM38A	2712581
ENSG00000151332	MBIP	2712335
ENSG00000128590	DNAJB9	2712061
ENSG00000197106	SLC6A17	2711888
ENSG00000182208	MOB2	2711555
ENSG00000144909	OSBPL11	2711382
ENSG00000180992	MRPL14	2710230
ENSG00000153395	LPCAT1	2709955
ENSG00000285437	POLR2J3_ENSG00000285437	2709852
ENSG00000099139	PCSK5	2709781
ENSG00000126945	HNRNPH2	2708762
ENSG00000122515	ZMIZ2	2708589
ENSG00000151778	SERP2	2708282
ENSG00000162408	NOL9	2708090
ENSG00000143443	C1orf56	2707967
ENSG00000181991	MRPS11	2707824
ENSG00000184402	SS18L1	2707725
ENSG00000047634	SCML1	2707616
ENSG00000170949	ZNF160	2706829
ENSG00000156875	MFSD14A	2706478
ENSG00000243335	KCTD7	2705492
ENSG00000235194	PPP1R3E	2705233
ENSG00000177105	RHOG	2705042
ENSG00000136367	ZFHX2	2704390
ENSG00000071859	FAM50A	2704158
ENSG00000171189	GRIK1	2704127
ENSG00000103653	CSK	2703818
ENSG00000179021	C3orf38	2703646
ENSG00000181035	SLC25A42	2702902
ENSG00000278259	MYO19	2702864
ENSG00000093000	NUP50	2702755
ENSG00000165084	C8orf34	2702704
ENSG00000106484	MEST	2702270
ENSG00000158186	MRAS	2702229
ENSG00000163935	SFMBT1	2701544
ENSG00000183137	CEP57L1	2701348
ENSG00000105339	DENND3	2701129
ENSG00000204713	TRIM27	2700827
ENSG00000175928	LRRN1	2700685
ENSG00000239306	RBM14	2700666
ENSG00000173950	XXYLT1	2700256
ENSG00000118503	TNFAIP3	2700065
ENSG00000166340	TPP1	2699378
ENSG00000104872	PIH1D1	2698254
ENSG00000172817	CYP7B1	2697323
ENSG00000137817	PARP6	2696997
ENSG00000107317	PTGDS	2696991
ENSG00000163444	TMEM183A	2696894
ENSG00000145817	YIPF5	2696704
ENSG00000166170	BAG5	2696657
ENSG00000111752	PHC1	2696136
ENSG00000165300	SLITRK5	2696037
ENSG00000148339	SLC25A25	2694947
ENSG00000155561	NUP205	2694552
ENSG00000214338	SOGA3	2694444
ENSG00000104880	ARHGEF18	2694071
ENSG00000163719	MTMR14	2693988
ENSG00000241697	TMEFF1	2693030
ENSG00000102290	PCDH11X	2692774
ENSG00000055070	SZRD1	2691669
ENSG00000106868	SUSD1	2691248
ENSG00000163882	POLR2H	2691094
ENSG00000102053	ZC3H12B	2690931
ENSG00000183808	RBM12B	2690621
ENSG00000140859	KIFC3	2690600
ENSG00000122203	KIAA1191	2690445
ENSG00000187676	B3GLCT	2690062
ENSG00000129691	ASH2L	2689916
ENSG00000105792	CFAP69	2689829
ENSG00000166275	BORCS7	2688702
ENSG00000116704	SLC35D1	2688538
ENSG00000082014	SMARCD3	2688137
ENSG00000197586	ENTPD6	2688030
ENSG00000119720	NRDE2	2687227
ENSG00000077514	POLD3	2687187
ENSG00000168917	SLC35G2	2686888
ENSG00000175701	MTLN	2686313
ENSG00000188859	FAM78B	2686221
ENSG00000067829	IDH3G	2685472
ENSG00000162769	FLVCR1	2685222
ENSG00000109861	CTSC	2684434
ENSG00000105053	VRK3	2684072
ENSG00000132952	USPL1	2683099
ENSG00000101846	STS	2682657
ENSG00000151948	GLT1D1	2682479
ENSG00000162520	SYNC	2682182
ENSG00000100284	TOM1	2680711
ENSG00000267680	ZNF224	2680313
ENSG00000187398	LUZP2	2680129
ENSG00000131408	NR1H2	2679728
ENSG00000178498	DTX3	2679039
ENSG00000139278	GLIPR1	2678888
ENSG00000080854	IGSF9B	2678468
ENSG00000225830	ERCC6	2678456
ENSG00000135372	NAT10	2678224
ENSG00000126861	OMG	2676943
ENSG00000182348	ZNF804B	2676878
ENSG00000161021	MAML1	2676417
ENSG00000135314	KHDC1	2676376
ENSG00000197530	MIB2	2676110
ENSG00000100814	CCNB1IP1	2675815
ENSG00000115421	PAPOLG	2675669
ENSG00000103550	KNOP1	2675612
ENSG00000204152	TIMM23B	2675373
ENSG00000198695	MT-ND6	2674990
ENSG00000158545	ZC3H18	2674766
ENSG00000101084	RAB5IF	2674415
ENSG00000177054	ZDHHC13	2674187
ENSG00000169609	C15orf40	2673141
ENSG00000169718	DUS1L	2672724
ENSG00000070950	RAD18	2672417
ENSG00000175581	MRPL48	2672200
ENSG00000113749	HRH2	2671601
ENSG00000167553	TUBA1C	2671417
ENSG00000099875	MKNK2	2670563
ENSG00000123143	PKN1	2669244
ENSG00000268043	NBPF12	2669138
ENSG00000197302	KRBOX5	2668528
ENSG00000100288	CHKB	2666890
ENSG00000117505	DR1	2666809
ENSG00000175745	NR2F1	2666341
ENSG00000067533	RRP15	2665560
ENSG00000108309	RUNDC3A	2665269
ENSG00000142657	PGD	2664192
ENSG00000197818	SLC9A8	2664051
ENSG00000124201	ZNFX1	2662872
ENSG00000122870	BICC1	2662797
ENSG00000116688	MFN2	2662509
ENSG00000009780	FAM76A	2662394
ENSG00000171206	TRIM8	2662107
ENSG00000139514	SLC7A1	2661741
ENSG00000188976	NOC2L	2661622
ENSG00000113583	C5orf15	2661471
ENSG00000010278	CD9	2661181
ENSG00000162694	EXTL2	2661064
ENSG00000198873	GRK5	2660797
ENSG00000215845	TSTD1	2660501
ENSG00000184524	CEND1	2660496
ENSG00000114626	ABTB1	2660307
ENSG00000155508	CNOT8	2660268
ENSG00000185477	GPRIN3	2660227
ENSG00000168944	CEP120	2659904
ENSG00000150961	SEC24D	2659826
ENSG00000119760	SUPT7L	2659759
ENSG00000037749	MFAP3	2659602
ENSG00000100629	CEP128	2659153
ENSG00000163093	BBS5	2659138
ENSG00000148719	DNAJB12	2658328
ENSG00000141543	EIF4A3	2658215
ENSG00000163781	TOPBP1	2657802
ENSG00000198821	CD247	2657432
ENSG00000173914	RBM4B	2656699
ENSG00000233276	GPX1	2656445
ENSG00000140157	NIPA2	2656359
ENSG00000197372	ZNF675	2656169
ENSG00000065621	GSTO2	2656154
ENSG00000197312	DDI2	2655482
ENSG00000167118	URM1	2655334
ENSG00000157191	NECAP2	2654333
ENSG00000179456	ZBTB18	2654216
ENSG00000161010	MRNIP	2653767
ENSG00000178965	ERICH3	2653689
ENSG00000188803	SHISA6	2653254
ENSG00000223865	HLA-DPB1	2652519
ENSG00000104980	TIMM44	2651370
ENSG00000112996	MRPS30	2651120
ENSG00000117533	VAMP4	2650407
ENSG00000146856	AGBL3	2650322
ENSG00000100575	TIMM9	2649982
ENSG00000099864	PALM	2649866
ENSG00000126581	BECN1	2649432
ENSG00000085871	MGST2	2649390
ENSG00000155966	AFF2	2649117
ENSG00000125966	MMP24	2648977
ENSG00000171148	TADA3	2648650
ENSG00000149262	INTS4	2648290
ENSG00000131381	RBSN	2648220
ENSG00000135845	PIGC	2648129
ENSG00000137161	CNPY3	2648129
ENSG00000160131	VMA21	2648119
ENSG00000114405	C3orf14	2647341
ENSG00000198453	ZNF568	2647162
ENSG00000043143	JADE2	2647148
ENSG00000144306	SCRN3	2646400
ENSG00000182872	RBM10	2646250
ENSG00000138613	APH1B	2646076
ENSG00000172172	MRPL13	2645131
ENSG00000119682	AREL1	2643762
ENSG00000105605	CACNG7	2642754
ENSG00000254505	CHMP4A	2642676
ENSG00000130204	TOMM40	2642250
ENSG00000125375	DMAC2L	2640700
ENSG00000164221	CCDC112	2640690
ENSG00000168701	TMEM208	2640631
ENSG00000146072	TNFRSF21	2639998
ENSG00000151135	TMEM263	2639820
ENSG00000148429	USP6NL	2638019
ENSG00000081923	ATP8B1	2637295
ENSG00000258947	TUBB3	2636497
ENSG00000044459	CNTLN	2636054
ENSG00000225663	MCRIP1	2635150
ENSG00000163281	GNPDA2	2635010
ENSG00000157600	TMEM164	2634670
ENSG00000157823	AP3S2	2634304
ENSG00000154118	JPH3	2634239
ENSG00000124275	MTRR	2634174
ENSG00000226124	FTCDNL1	2633238
ENSG00000166685	COG1	2633135
ENSG00000213145	CRIP1	2632823
ENSG00000172339	ALG14	2632623
ENSG00000173905	GOLIM4	2632153
ENSG00000005059	MCUB	2632132
ENSG00000158966	CACHD1	2632121
ENSG00000116586	LAMTOR2	2631148
ENSG00000125834	STK35	2630673
ENSG00000177971	IMP3	2629789
ENSG00000172500	FIBP	2629150
ENSG00000118971	CCND2	2629075
ENSG00000155115	GTF3C6	2628989
ENSG00000006071	ABCC8	2628980
ENSG00000096872	IFT74	2628863
ENSG00000070010	UFD1	2628832
ENSG00000213465	ARL2	2628465
ENSG00000106367	AP1S1	2628315
ENSG00000013561	RNF14	2627883
ENSG00000116285	ERRFI1	2627679
ENSG00000138764	CCNG2	2627500
ENSG00000141424	SLC39A6	2627030
ENSG00000092068	SLC7A8	2625897
ENSG00000205129	C4orf47	2625207
ENSG00000121691	CAT	2624898
ENSG00000174227	PIGG	2624740
ENSG00000107937	GTPBP4	2623533
ENSG00000148153	INIP	2623437
ENSG00000169169	CPT1C	2623318
ENSG00000163864	NMNAT3	2623122
ENSG00000100416	TRMU	2623077
ENSG00000214944	ARHGEF28	2622852
ENSG00000088247	KHSRP	2621315
ENSG00000160469	BRSK1	2621015
ENSG00000120158	RCL1	2619401
ENSG00000131069	ACSS2	2619289
ENSG00000082293	COL19A1	2618359
ENSG00000155329	ZCCHC10	2618235
ENSG00000172661	WASHC2C	2617540
ENSG00000183580	FBXL7	2617433
ENSG00000116117	PARD3B	2617267
ENSG00000169249	ZRSR2	2616996
ENSG00000135778	NTPCR	2616742
ENSG00000156232	WHAMM	2616690
ENSG00000164654	MIOS	2616472
ENSG00000180611	MB21D2	2616385
ENSG00000186017	ZNF566	2615743
ENSG00000125246	CLYBL	2615686
ENSG00000157350	ST3GAL2	2614865
ENSG00000184905	TCEAL2	2614790
ENSG00000109265	CRACD	2614736
ENSG00000133789	SWAP70	2614631
ENSG00000123358	NR4A1	2614161
ENSG00000106399	RPA3	2614025
ENSG00000185219	ZNF445	2614014
ENSG00000104450	SPAG1	2613909
ENSG00000138796	HADH	2612858
ENSG00000123179	EBPL	2612537
ENSG00000181744	DIPK2A	2612488
ENSG00000008838	MED24	2612184
ENSG00000196872	CRACDL	2611548
ENSG00000126264	HCST	2611187
ENSG00000180104	EXOC3	2611171
ENSG00000175874	CREG2	2610840
ENSG00000123600	METTL8	2610054
ENSG00000181788	SIAH2	2609520
ENSG00000155897	ADCY8	2609465
ENSG00000116544	DLGAP3	2609315
ENSG00000123545	NDUFAF4	2609033
ENSG00000164118	CEP44	2608990
ENSG00000127125	PPCS	2608983
ENSG00000160991	ORAI2	2608602
ENSG00000106278	PTPRZ1	2608583
ENSG00000184708	EIF4ENIF1	2608373
ENSG00000197702	PARVA	2607631
ENSG00000115266	APC2	2607078
ENSG00000143499	SMYD2	2607031
ENSG00000136848	DAB2IP	2606938
ENSG00000135775	COG2	2605954
ENSG00000177082	WDR73	2605877
ENSG00000172301	COPRS	2605442
ENSG00000124383	MPHOSPH10	2605118
ENSG00000105088	OLFM2	2604995
ENSG00000070669	ASNS	2604951
ENSG00000188313	PLSCR1	2603863
ENSG00000112130	RNF8	2603782
ENSG00000176903	PNMA1	2603515
ENSG00000032444	PNPLA6	2602257
ENSG00000165802	NSMF	2601379
ENSG00000161654	LSM12	2600834
ENSG00000148655	LRMDA	2600688
ENSG00000090530	P3H2	2599402
ENSG00000145476	CYP4V2	2598644
ENSG00000169504	CLIC4	2597959
ENSG00000197150	ABCB8	2597670
ENSG00000163389	POGLUT1	2597632
ENSG00000214013	GANC	2597309
ENSG00000103264	FBXO31	2596884
ENSG00000144583	MARCHF4	2596579
ENSG00000109846	CRYAB	2596325
ENSG00000072657	TRHDE	2595907
ENSG00000096717	SIRT1	2595889
ENSG00000123575	FAM199X	2594332
ENSG00000198795	ZNF521	2594116
ENSG00000185262	UBALD2	2593889
ENSG00000121289	CEP89	2593839
ENSG00000178761	FAM219B	2593703
ENSG00000175768	TOMM5	2593691
ENSG00000170542	SERPINB9	2593642
ENSG00000111962	UST	2593394
ENSG00000070610	GBA2	2593317
ENSG00000197498	RPF2	2592914
ENSG00000085998	POMGNT1	2592762
ENSG00000054690	PLEKHH1	2591915
ENSG00000179241	LDLRAD3	2591557
ENSG00000196850	PPTC7	2591390
ENSG00000099250	NRP1	2591291
ENSG00000067048	DDX3Y	2591144
ENSG00000122644	ARL4A	2590939
ENSG00000140463	BBS4	2590428
ENSG00000148688	RPP30	2590384
ENSG00000130703	OSBPL2	2590310
ENSG00000166446	CDYL2	2589858
ENSG00000131591	C1orf159	2588956
ENSG00000165023	DIRAS2	2588720
ENSG00000090520	DNAJB11	2588268
ENSG00000093217	XYLB	2586637
ENSG00000173681	BCLAF3	2586225
ENSG00000119041	GTF3C3	2584948
ENSG00000103202	NME4	2584523
ENSG00000145808	ADAMTS19	2583709
ENSG00000107521	HPS1	2583578
ENSG00000113916	BCL6	2583410
ENSG00000104129	DNAJC17	2583310
ENSG00000152128	TMEM163	2582458
ENSG00000157193	LRP8	2582419
ENSG00000104671	DCTN6	2580303
ENSG00000176485	PLAAT3	2580088
ENSG00000021762	OSBPL5	2580026
ENSG00000087087	SRRT	2579754
ENSG00000175197	DDIT3	2579712
ENSG00000145388	METTL14	2579474
ENSG00000115758	ODC1	2579370
ENSG00000213654	GPSM3	2579360
ENSG00000117425	PTCH2	2579285
ENSG00000108826	MRPL27	2579056
ENSG00000158552	ZFAND2B	2579014
ENSG00000120458	MSANTD2	2578942
ENSG00000196507	TCEAL3	2578459
ENSG00000129946	SHC2	2577646
ENSG00000075407	ZNF37A	2577403
ENSG00000135776	ABCB10	2577295
ENSG00000242372	EIF6	2576876
ENSG00000165283	STOML2	2576700
ENSG00000132535	DLG4	2576156
ENSG00000196459	TRAPPC2	2575873
ENSG00000148123	PLPPR1	2575260
ENSG00000180011	PTGR3	2575088
ENSG00000164306	PRIMPOL	2573839
ENSG00000143995	MEIS1	2573827
ENSG00000164574	GALNT10	2572627
ENSG00000114021	NIT2	2572573
ENSG00000206559	ZCWPW2	2571859
ENSG00000164024	METAP1	2571815
ENSG00000140398	NEIL1	2571548
ENSG00000138363	ATIC	2571266
ENSG00000198198	SZT2	2570892
ENSG00000148334	PTGES2	2570787
ENSG00000263465	SRSF8	2570303
ENSG00000131778	CHD1L	2570070
ENSG00000171262	FAM98B	2569542
ENSG00000100714	MTHFD1	2568408
ENSG00000072310	SREBF1	2568402
ENSG00000186314	PRELID2	2568304
ENSG00000124766	SOX4	2568023
ENSG00000141644	MBD1	2567778
ENSG00000156599	ZDHHC5	2567718
ENSG00000147654	EBAG9	2567613
ENSG00000127774	EMC6	2566663
ENSG00000107249	GLIS3	2566498
ENSG00000123095	BHLHE41	2566409
ENSG00000112787	FBRSL1	2566054
ENSG00000163249	CCNYL1	2565559
ENSG00000196510	ANAPC7	2565130
ENSG00000198837	DENND4B	2564213
ENSG00000196455	PIK3R4	2564067
ENSG00000168461	RAB31	2563964
ENSG00000137992	DBT	2562828
ENSG00000164896	FASTK	2562349
ENSG00000125877	ITPA	2562033
ENSG00000266094	RASSF5	2561334
ENSG00000155330	C16orf87	2560600
ENSG00000140044	JDP2	2560206
ENSG00000128596	CCDC136	2559995
ENSG00000155893	PXYLP1	2559655
ENSG00000223496	EXOSC6	2559643
ENSG00000204463	BAG6	2558855
ENSG00000187699	C2orf88	2558749
ENSG00000037042	TUBG2	2557986
ENSG00000180353	HCLS1	2557980
ENSG00000186448	ZNF197	2557946
ENSG00000109065	NAT9	2557707
ENSG00000145779	TNFAIP8	2556300
ENSG00000138375	SMARCAL1	2556195
ENSG00000154781	CCDC174	2555738
ENSG00000124155	PIGT	2555694
ENSG00000138286	FAM149B1	2555420
ENSG00000169359	SLC33A1	2555405
ENSG00000103174	NAGPA	2555138
ENSG00000144057	ST6GAL2	2555061
ENSG00000152457	DCLRE1C	2554918
ENSG00000132581	SDF2	2553719
ENSG00000132604	TERF2	2553586
ENSG00000172943	PHF8	2553457
ENSG00000158169	FANCC	2553344
ENSG00000167548	KMT2D	2553067
ENSG00000123178	SPRYD7	2552818
ENSG00000101940	WDR13	2552553
ENSG00000005801	ZNF195	2552431
ENSG00000206530	CFAP44	2551904
ENSG00000171444	MCC	2551790
ENSG00000181790	ADGRB1	2551783
ENSG00000139921	TMX1	2551660
ENSG00000066135	KDM4A	2551479
ENSG00000179085	DPM3	2551405
ENSG00000172663	TMEM134	2551023
ENSG00000166797	CIAO2A	2550532
ENSG00000127220	ABHD8	2550251
ENSG00000108106	UBE2S	2550210
ENSG00000105127	AKAP8	2549694
ENSG00000181322	NME9	2549554
ENSG00000224531	SMIM13	2548993
ENSG00000265354	TIMM23	2548564
ENSG00000121057	AKAP1	2548323
ENSG00000167549	CORO6	2548175
ENSG00000107147	KCNT1	2547970
ENSG00000169228	RAB24	2547778
ENSG00000007080	CCDC124	2547686
ENSG00000277586	NEFL	2547573
ENSG00000159063	ALG8	2546975
ENSG00000102760	RGCC	2545588
ENSG00000133056	PIK3C2B	2545567
ENSG00000109775	UFSP2	2544734
ENSG00000136732	GYPC	2544654
ENSG00000105618	PRPF31	2544502
ENSG00000104888	SLC17A7	2544293
ENSG00000189308	LIN54	2543878
ENSG00000157423	HYDIN	2543550
ENSG00000111218	PRMT8	2543404
ENSG00000100418	DESI1	2543338
ENSG00000111877	MCM9	2542961
ENSG00000079739	PGM1	2542892
ENSG00000239672	NME1	2541600
ENSG00000111269	CREBL2	2541192
ENSG00000085662	AKR1B1	2541115
ENSG00000130921	MTRFR	2541113
ENSG00000171492	LRRC8D	2540824
ENSG00000100307	CBX7	2540265
ENSG00000165566	AMER2	2540021
ENSG00000155304	HSPA13	2539777
ENSG00000140015	KCNH5	2539485
ENSG00000144504	ANKMY1	2539334
ENSG00000134072	CAMK1	2539052
ENSG00000086289	EPDR1	2538916
ENSG00000166557	TMED3	2538913
ENSG00000161298	ZNF382	2538904
ENSG00000117091	CD48	2538650
ENSG00000168490	PHYHIP	2538585
ENSG00000090263	MRPS33	2538289
ENSG00000118939	UCHL3	2538217
ENSG00000054983	GALC	2538043
ENSG00000169914	OTUD3	2537285
ENSG00000063244	U2AF2	2537028
ENSG00000119725	ZNF410	2536571
ENSG00000169733	RFNG	2535995
ENSG00000173511	VEGFB	2535692
ENSG00000145431	PDGFC	2535600
ENSG00000144134	RABL2A	2535538
ENSG00000156313	RPGR	2535469
ENSG00000080200	CRYBG3	2535283
ENSG00000168273	UQCC5	2534876
ENSG00000104635	SLC39A14	2534805
ENSG00000164172	MOCS2	2534140
ENSG00000153786	ZDHHC7	2533699
ENSG00000099365	STX1B	2533556
ENSG00000110987	BCL7A	2533326
ENSG00000158805	ZNF276	2533234
ENSG00000132383	RPA1	2532809
ENSG00000163608	NEPRO	2532454
ENSG00000155906	RMND1	2532439
ENSG00000142207	URB1	2531756
ENSG00000115207	GTF3C2	2531728
ENSG00000134970	TMED7	2531617
ENSG00000137038	DMAC1	2530640
ENSG00000189227	C15orf61	2529995
ENSG00000169925	BRD3	2529438
ENSG00000198046	ZNF667	2529176
ENSG00000169919	GUSB	2529033
ENSG00000135249	RINT1	2528146
ENSG00000005175	RPAP3	2527784
ENSG00000186687	LYRM7	2526242
ENSG00000118965	WDR35	2526079
ENSG00000160179	ABCG1	2526046
ENSG00000142186	SCYL1	2525728
ENSG00000149218	ENDOD1	2525630
ENSG00000076344	RGS11	2524362
ENSG00000130224	LRCH2	2524360
ENSG00000135002	RFK	2524187
ENSG00000165630	PRPF18	2523921
ENSG00000231887	PRH1	2523860
ENSG00000163513	TGFBR2	2523681
ENSG00000165359	INTS6L	2523442
ENSG00000169696	ASPSCR1	2522639
ENSG00000113407	TARS1	2522487
ENSG00000185442	FAM174B	2522467
ENSG00000112394	SLC16A10	2522344
ENSG00000136720	HS6ST1	2522333
ENSG00000180287	PLD5	2522196
ENSG00000083844	ZNF264	2522149
ENSG00000160352	ZNF714	2521950
ENSG00000174903	RAB1B	2521339
ENSG00000184743	ATL3	2521238
ENSG00000076984	MAP2K7	2521051
ENSG00000107099	DOCK8	2520256
ENSG00000275835	TUBGCP5	2520139
ENSG00000120784	ZFP30	2519710
ENSG00000139636	LMBR1L	2518296
ENSG00000240065	PSMB9	2518156
ENSG00000133216	EPHB2	2517098
ENSG00000197045	GMFB	2516384
ENSG00000182952	HMGN4	2516263
ENSG00000005075	POLR2J	2516087
ENSG00000105649	RAB3A	2515960
ENSG00000100422	CERK	2515680
ENSG00000156042	CFAP70	2515198
ENSG00000164162	ANAPC10	2514068
ENSG00000215788	TNFRSF25	2513532
ENSG00000188677	PARVB	2512936
ENSG00000104967	NOVA2	2511874
ENSG00000168591	TMUB2	2511628
ENSG00000130024	PHF10	2510967
ENSG00000116668	SWT1	2510588
ENSG00000089159	PXN	2510470
ENSG00000125753	VASP	2510202
ENSG00000188747	NOXA1	2509731
ENSG00000152256	PDK1	2509623
ENSG00000176956	LY6H	2508937
ENSG00000139131	YARS2	2508034
ENSG00000189306	RRP7A	2507968
ENSG00000244405	ETV5	2507381
ENSG00000251322	SHANK3	2507180
ENSG00000108797	CNTNAP1	2506961
ENSG00000214575	CPEB1	2506786
ENSG00000108509	CAMTA2	2506585
ENSG00000136878	USP20	2506581
ENSG00000249242	TMEM150C	2506389
ENSG00000103423	DNAJA3	2506075
ENSG00000204371	EHMT2	2505725
ENSG00000137522	RNF121	2505347
ENSG00000131848	ZSCAN5A	2505011
ENSG00000156802	ATAD2	2504902
ENSG00000077092	RARB	2503920
ENSG00000125447	GGA3	2503807
ENSG00000182979	MTA1	2503632
ENSG00000172183	ISG20	2503057
ENSG00000167930	FAM234A	2502543
ENSG00000108384	RAD51C	2502019
ENSG00000205209	SCGB2B2	2501880
ENSG00000119227	PIGZ	2501774
ENSG00000005884	ITGA3	2501363
ENSG00000155393	HEATR3	2501102
ENSG00000125266	EFNB2	2500398
ENSG00000102103	PQBP1	2500184
ENSG00000206077	ZDHHC11B	2500089
ENSG00000134748	PRPF38A	2500085
ENSG00000175104	TRAF6	2499993
ENSG00000167671	UBXN6	2499717
ENSG00000105429	MEGF8	2497788
ENSG00000156973	PDE6D	2497570
ENSG00000053918	KCNQ1	2497564
ENSG00000084072	PPIE	2497542
ENSG00000167371	PRRT2	2497401
ENSG00000130714	POMT1	2496855
ENSG00000146574	CCZ1B	2496671
ENSG00000051620	HEBP2	2496616
ENSG00000156374	PCGF6	2496493
ENSG00000134250	NOTCH2	2496394
ENSG00000112964	GHR	2495895
ENSG00000145041	DCAF1	2495618
ENSG00000027075	PRKCH	2495243
ENSG00000102007	PLP2	2494754
ENSG00000189339	SLC35E2B	2492736
ENSG00000151131	NOPCHAP1	2492327
ENSG00000168275	COA6	2492084
ENSG00000163516	ANKZF1	2491379
ENSG00000108639	SYNGR2	2491296
ENSG00000198963	RORB	2491037
ENSG00000125841	NRSN2	2490809
ENSG00000125648	SLC25A23	2490758
ENSG00000047662	FAM184B	2490029
ENSG00000185973	TMLHE	2489951
ENSG00000114544	SLC41A3	2489742
ENSG00000068654	POLR1A	2489267
ENSG00000157617	C2CD2	2489115
ENSG00000127993	RBM48	2488994
ENSG00000187122	SLIT1	2488906
ENSG00000168291	PDHB	2487637
ENSG00000152214	RIT2	2487574
ENSG00000177181	RIMKLA	2486663
ENSG00000158669	GPAT4	2486624
ENSG00000162994	CLHC1	2486579
ENSG00000185736	ADARB2	2486240
ENSG00000167220	HDHD2	2485776
ENSG00000155438	NIFK	2485140
ENSG00000141384	TAF4B	2483970
ENSG00000171291	ZNF439	2483594
ENSG00000087250	MT3	2483250
ENSG00000105700	KXD1	2482287
ENSG00000152942	RAD17	2481446
ENSG00000187094	CCK	2481354
ENSG00000179526	SHARPIN	2481167
ENSG00000176393	RNPEP	2480872
ENSG00000148450	MSRB2	2480806
ENSG00000132005	RFX1	2480761
ENSG00000178882	RFLNA	2480678
ENSG00000166971	AKTIP	2480576
ENSG00000234127	TRIM26	2480092
ENSG00000149136	SSRP1	2479662
ENSG00000186501	TMEM222	2479295
ENSG00000185924	RTN4RL1	2479227
ENSG00000125656	CLPP	2479087
ENSG00000164076	CAMKV	2478716
ENSG00000086189	DIMT1	2478643
ENSG00000183624	HMCES	2478569
ENSG00000165675	ENOX2	2478349
ENSG00000132872	SYT4	2477619
ENSG00000141013	GAS8	2476278
ENSG00000107959	PITRM1	2476021
ENSG00000165055	METTL2B	2475261
ENSG00000120738	EGR1	2473838
ENSG00000123643	SLC36A1	2473677
ENSG00000158290	CUL4B	2473508
ENSG00000118620	ZNF430	2472498
ENSG00000106123	EPHB6	2472206
ENSG00000160908	ZNF394	2470712
ENSG00000160753	RUSC1	2469313
ENSG00000244694	PTCHD4	2468990
ENSG00000182022	CHST15	2468690
ENSG00000136295	TTYH3	2468564
ENSG00000188107	EYS	2467525
ENSG00000227507	LTB	2467092
ENSG00000204899	MZT1	2465496
ENSG00000198270	TMEM116	2465094
ENSG00000198771	RCSD1	2465089
ENSG00000030419	IKZF2	2464543
ENSG00000182628	SKA2	2464539
ENSG00000171951	SCG2	2464534
ENSG00000075426	FOSL2	2464229
ENSG00000119471	HSDL2	2464211
ENSG00000136891	TEX10	2463739
ENSG00000121481	RNF2	2463625
ENSG00000081177	EXD2	2462943
ENSG00000085231	AK6	2462738
ENSG00000196605	ZNF846	2462252
ENSG00000160190	SLC37A1	2461634
ENSG00000150756	ATPSCKMT	2460514
ENSG00000173926	MARCHF3	2459911
ENSG00000148444	COMMD3	2459619
ENSG00000154640	BTG3	2458853
ENSG00000136807	CDK9	2458447
ENSG00000187135	VSTM2B	2458146
ENSG00000144401	METTL21A	2457372
ENSG00000239305	RNF103	2457304
ENSG00000100916	BRMS1L	2456771
ENSG00000089199	CHGB	2455919
ENSG00000139998	RAB15	2455795
ENSG00000102241	HTATSF1	2455574
ENSG00000091513	TF	2454539
ENSG00000006118	TMEM132A	2454232
ENSG00000147439	BIN3	2453014
ENSG00000198721	ECI2	2452922
ENSG00000240038	AMY2B	2451275
ENSG00000011021	CLCN6	2451090
ENSG00000089091	DZANK1	2450587
ENSG00000152763	DNAI4	2450526
ENSG00000213020	ZNF611	2450247
ENSG00000002549	LAP3	2449729
ENSG00000146083	RNF44	2449712
ENSG00000240344	PPIL3	2449111
ENSG00000185811	IKZF1	2448271
ENSG00000088682	COQ9	2447975
ENSG00000108262	GIT1	2447770
ENSG00000185942	NKAIN3	2447678
ENSG00000001497	LAS1L	2447287
ENSG00000138413	IDH1	2447260
ENSG00000196655	TRAPPC4	2447090
ENSG00000119977	TCTN3	2446977
ENSG00000185187	SIGIRR	2446839
ENSG00000151233	GXYLT1	2446069
ENSG00000006210	CX3CL1	2445552
ENSG00000108064	TFAM	2444903
ENSG00000164687	FABP5	2444354
ENSG00000183978	COA3	2444202
ENSG00000182768	NGRN	2444150
ENSG00000166676	TVP23A	2443799
ENSG00000106686	SPATA6L	2443077
ENSG00000144061	NPHP1	2442778
ENSG00000134461	ANKRD16	2442632
ENSG00000273611	ZNHIT3	2442609
ENSG00000104915	STX10	2442305
ENSG00000070501	POLB	2441699
ENSG00000164751	PEX2	2440502
ENSG00000082438	COBLL1	2440492
ENSG00000117748	RPA2	2439589
ENSG00000164048	ZNF589	2439534
ENSG00000085978	ATG16L1	2439390
ENSG00000138660	AP1AR	2439314
ENSG00000152464	RPP38	2439009
ENSG00000177150	FAM210A	2438798
ENSG00000177380	PPFIA3	2438644
ENSG00000183654	MARCHF11	2438638
ENSG00000124225	PMEPA1	2438419
ENSG00000164081	TEX264	2438195
ENSG00000109270	LAMTOR3	2438183
ENSG00000113328	CCNG1	2437930
ENSG00000176208	ATAD5	2437449
ENSG00000177830	CHID1	2436127
ENSG00000124006	OBSL1	2435539
ENSG00000087842	PIR	2435417
ENSG00000149600	COMMD7	2435072
ENSG00000066455	GOLGA5	2434430
ENSG00000125651	GTF2F1	2433355
ENSG00000183597	TANGO2	2432695
ENSG00000167114	SLC27A4	2432645
ENSG00000184117	NIPSNAP1	2432407
ENSG00000183837	PNMA3	2432357
ENSG00000002330	BAD	2432355
ENSG00000128050	PAICS	2432318
ENSG00000124786	SLC35B3	2432118
ENSG00000182272	B4GALNT4	2431917
ENSG00000125482	TTF1	2431462
ENSG00000162889	MAPKAPK2	2430927
ENSG00000169084	DHRSX_ENSG00000169084	2429557
ENSG00000276234	TADA2A	2429483
ENSG00000145337	PYURF	2429281
ENSG00000117222	RBBP5	2429059
ENSG00000108506	INTS2	2428635
ENSG00000164161	HHIP	2428588
ENSG00000099942	CRKL	2427827
ENSG00000128268	MGAT3	2427668
ENSG00000129235	TXNDC17	2427420
ENSG00000178035	IMPDH2	2427377
ENSG00000034152	MAP2K3	2426449
ENSG00000177302	TOP3A	2425471
ENSG00000185818	NAT8L	2424443
ENSG00000174684	B4GAT1	2424173
ENSG00000130021	PUDP	2423912
ENSG00000165934	CPSF2	2423724
ENSG00000273559	CWC25	2423518
ENSG00000104969	SGTA	2422817
ENSG00000153574	RPIA	2422355
ENSG00000124813	RUNX2	2422251
ENSG00000204619	PPP1R11	2421836
ENSG00000179715	PCED1B	2421801
ENSG00000101365	IDH3B	2421577
ENSG00000148943	LIN7C	2421509
ENSG00000134516	DOCK2	2421304
ENSG00000167964	RAB26	2421073
ENSG00000138785	INTS12	2421066
ENSG00000077458	FAM76B	2420201
ENSG00000153406	NMRAL1	2419800
ENSG00000091009	RBM27	2419407
ENSG00000171045	TSNARE1	2419362
ENSG00000082458	DLG3	2418605
ENSG00000075826	SEC31B	2418418
ENSG00000143157	POGK	2418134
ENSG00000099995	SF3A1	2418092
ENSG00000169116	PARM1	2416390
ENSG00000116478	HDAC1	2415571
ENSG00000128891	CCDC32	2415503
ENSG00000150760	DOCK1	2415054
ENSG00000020256	ZFP64	2414875
ENSG00000113460	BRIX1	2413742
ENSG00000177000	MTHFR	2413666
ENSG00000162607	USP1	2412979
ENSG00000177728	TMEM94	2412903
ENSG00000147459	DOCK5	2412771
ENSG00000181789	COPG1	2412080
ENSG00000041515	MYO16	2411998
ENSG00000154124	OTULIN	2411669
ENSG00000148399	DPH7	2411261
ENSG00000142920	AZIN2	2410250
ENSG00000095380	NANS	2410131
ENSG00000162631	NTNG1	2409228
ENSG00000166912	MTMR10	2408976
ENSG00000165966	PDZRN4	2408461
ENSG00000204271	SPIN3	2408094
ENSG00000164758	MED30	2407546
ENSG00000187098	MITF	2406847
ENSG00000069493	CLEC2D	2406777
ENSG00000148175	STOM	2406770
ENSG00000189144	ZNF573	2406766
ENSG00000148798	INA	2406644
ENSG00000011105	TSPAN9	2406635
ENSG00000115514	TXNDC9	2406503
ENSG00000150977	RILPL2	2406459
ENSG00000119042	SATB2	2406392
ENSG00000205683	DPF3	2406208
ENSG00000177646	ACAD9	2405539
ENSG00000146376	ARHGAP18	2404846
ENSG00000140471	LINS1	2404434
ENSG00000087157	PGS1	2404339
ENSG00000130787	HIP1R	2404068
ENSG00000182158	CREB3L2	2403500
ENSG00000196363	WDR5	2403115
ENSG00000159228	CBR1	2402978
ENSG00000066248	NGEF	2402265
ENSG00000104369	JPH1	2402167
ENSG00000274070	CASTOR2	2402023
ENSG00000134508	CABLES1	2401917
ENSG00000130311	DDA1	2401873
ENSG00000166888	STAT6	2401372
ENSG00000180891	CUEDC1	2401242
ENSG00000166582	CENPV	2401033
ENSG00000025039	RRAGD	2401004
ENSG00000103381	CPPED1	2400852
ENSG00000159176	CSRP1	2399952
ENSG00000018408	WWTR1	2399706
ENSG00000197063	MAFG	2399663
ENSG00000119953	SMNDC1	2399307
ENSG00000110237	ARHGEF17	2398789
ENSG00000134871	COL4A2	2398331
ENSG00000109445	ZNF330	2398120
ENSG00000163082	SGPP2	2397089
ENSG00000174915	PTDSS2	2396473
ENSG00000180096	SEPTIN1	2396004
ENSG00000142156	COL6A1	2395877
ENSG00000168924	LETM1	2395187
ENSG00000213246	SUPT4H1	2395028
ENSG00000182809	CRIP2	2394354
ENSG00000139826	ABHD13	2394317
ENSG00000167971	CASKIN1	2394206
ENSG00000180964	TCEAL8	2393945
ENSG00000068831	RASGRP2	2393922
ENSG00000148290	SURF1	2393788
ENSG00000125686	MED1	2393433
ENSG00000013364	MVP	2393160
ENSG00000136842	TMOD1	2393045
ENSG00000103642	LACTB	2392462
ENSG00000115902	SLC1A4	2392129
ENSG00000115641	FHL2	2391786
ENSG00000133193	FAM104A	2391319
ENSG00000168876	ANKRD49	2390612
ENSG00000004700	RECQL	2390305
ENSG00000143195	ILDR2	2390060
ENSG00000185513	L3MBTL1	2389976
ENSG00000143793	C1orf35	2389889
ENSG00000114383	TUSC2	2389444
ENSG00000110711	AIP	2389316
ENSG00000162441	LZIC	2389059
ENSG00000099219	ERMP1	2387672
ENSG00000125503	PPP1R12C	2387296
ENSG00000196126	HLA-DRB1	2386612
ENSG00000214087	ARL16	2386605
ENSG00000151065	DCP1B	2385884
ENSG00000204370	SDHD	2385131
ENSG00000108578	BLMH	2385082
ENSG00000152620	NADK2	2385014
ENSG00000131473	ACLY	2384970
ENSG00000121297	TSHZ3	2384812
ENSG00000162928	PEX13	2384750
ENSG00000175482	POLD4	2384653
ENSG00000169727	GPS1	2383605
ENSG00000065427	KARS1	2383590
ENSG00000110756	HPS5	2383396
ENSG00000144034	TPRKB	2383230
ENSG00000162065	TBC1D24	2383068
ENSG00000111490	TBC1D30	2382866
ENSG00000161551	ZNF577	2382680
ENSG00000162174	ASRGL1	2382596
ENSG00000090006	LTBP4	2382426
ENSG00000145050	MANF	2382028
ENSG00000116353	MECR	2381615
ENSG00000107554	DNMBP	2381211
ENSG00000065357	DGKA	2380856
ENSG00000154727	GABPA	2380758
ENSG00000120699	EXOSC8	2380588
ENSG00000175792	RUVBL1	2380377
ENSG00000143493	INTS7	2380123
ENSG00000133111	RFXAP	2379929
ENSG00000107614	TRDMT1	2379912
ENSG00000175182	FAM131A	2379454
ENSG00000167216	KATNAL2	2378948
ENSG00000151500	THYN1	2378842
ENSG00000179603	GRM8	2377476
ENSG00000133321	PLAAT4	2377302
ENSG00000203727	SAMD5	2375889
ENSG00000005194	CIAPIN1	2375729
ENSG00000162783	IER5	2375371
ENSG00000120656	TAF12	2374874
ENSG00000100027	YPEL1	2373813
ENSG00000136444	RSAD1	2373718
ENSG00000152952	PLOD2	2373439
ENSG00000213626	LBH	2372727
ENSG00000120437	ACAT2	2372670
ENSG00000085491	SLC25A24	2372638
ENSG00000168010	ATG16L2	2371524
ENSG00000154258	ABCA9	2370343
ENSG00000178053	MLF1	2370342
ENSG00000205544	TMEM256	2369677
ENSG00000105771	SMG9	2369626
ENSG00000149658	YTHDF1	2369482
ENSG00000108406	DHX40	2369085
ENSG00000167619	TMEM145	2368517
ENSG00000251247	ZNF345	2368397
ENSG00000174483	BBS1	2367862
ENSG00000157110	RBPMS	2367734
ENSG00000137492	THAP12	2367341
ENSG00000132613	MTSS2	2366934
ENSG00000162222	TTC9C	2366499
ENSG00000157873	TNFRSF14	2366375
ENSG00000117143	UAP1	2365649
ENSG00000104833	TUBB4A	2365581
ENSG00000197345	MRPL21	2365102
ENSG00000077420	APBB1IP	2364910
ENSG00000148908	RGS10	2363762
ENSG00000248487	ABHD14A	2362688
ENSG00000064666	CNN2	2361206
ENSG00000163069	SGCB	2361061
ENSG00000147799	ARHGAP39	2360924
ENSG00000118160	SLC8A2	2360741
ENSG00000178607	ERN1	2360562
ENSG00000122965	RBM19	2360238
ENSG00000175324	LSM1	2359893
ENSG00000187193	MT1X	2359012
ENSG00000167515	TRAPPC2L	2358440
ENSG00000104064	GABPB1	2358286
ENSG00000110852	CLEC2B	2358040
ENSG00000115841	RMDN2	2357593
ENSG00000084073	ZMPSTE24	2357316
ENSG00000105894	PTN	2356831
ENSG00000136811	ODF2	2356153
ENSG00000066697	MSANTD3	2356030
ENSG00000142453	CARM1	2355628
ENSG00000137494	ANKRD42	2355025
ENSG00000152556	PFKM	2354928
ENSG00000031823	RANBP3	2354369
ENSG00000205758	CRYZL1	2354316
ENSG00000175073	VCPIP1	2353840
ENSG00000140403	DNAJA4	2353671
ENSG00000105058	FAM32A	2353418
ENSG00000102024	PLS3	2352963
ENSG00000166033	HTRA1	2352833
ENSG00000197579	TOPORS	2352612
ENSG00000066117	SMARCD1	2351978
ENSG00000155792	DEPTOR	2350268
ENSG00000161904	LEMD2	2349202
ENSG00000135686	KLHL36	2348940
ENSG00000174996	KLC2	2348398
ENSG00000104897	SF3A2	2348253
ENSG00000165752	STK32C	2347360
ENSG00000157657	ZNF618	2347207
ENSG00000062598	ELMO2	2346273
ENSG00000129675	ARHGEF6	2345988
ENSG00000103184	SEC14L5	2345815
ENSG00000168116	KIAA1586	2345800
ENSG00000113763	UNC5A	2345709
ENSG00000256771	ZNF253	2345617
ENSG00000176986	SEC24C	2345597
ENSG00000122591	HYCC1	2345581
ENSG00000145685	LHFPL2	2344678
ENSG00000115232	ITGA4	2344209
ENSG00000221946	FXYD7	2344084
ENSG00000196123	MATCAP1	2343777
ENSG00000163412	EIF4E3	2343653
ENSG00000181852	RNF41	2343405
ENSG00000169255	B3GALNT1	2343012
ENSG00000106635	BCL7B	2342816
ENSG00000205593	DENND6B	2342734
ENSG00000108852	MPP2	2342475
ENSG00000168824	NSG1	2342457
ENSG00000122674	CCZ1	2341519
ENSG00000181619	GPR135	2341446
ENSG00000125912	NCLN	2341406
ENSG00000166689	PLEKHA7	2341192
ENSG00000132326	PER2	2340925
ENSG00000163453	IGFBP7	2340614
ENSG00000057252	SOAT1	2340562
ENSG00000165115	KIF27	2339420
ENSG00000077279	DCX	2338656
ENSG00000173898	SPTBN2	2338336
ENSG00000171453	POLR1C	2336832
ENSG00000204287	HLA-DRA	2336824
ENSG00000205250	E2F4	2336747
ENSG00000151881	TMEM267	2336396
ENSG00000270170	NCBP2AS2	2336071
ENSG00000120526	NUDCD1	2335811
ENSG00000168830	HTR1E	2335768
ENSG00000008853	RHOBTB2	2335742
ENSG00000049245	VAMP3	2335563
ENSG00000198598	MMP17	2335448
ENSG00000205189	ZBTB10	2335029
ENSG00000176946	THAP4	2334799
ENSG00000116133	DHCR24	2334534
ENSG00000108788	MLX	2334066
ENSG00000130822	PNCK	2334034
ENSG00000144048	DUSP11	2333333
ENSG00000238083	LRRC37A2	2332869
ENSG00000100445	SDR39U1	2331688
ENSG00000130653	PNPLA7	2331527
ENSG00000162076	FLYWCH2	2331219
ENSG00000029153	BMAL2	2331145
ENSG00000056050	HPF1	2330781
ENSG00000129460	NGDN	2330659
ENSG00000173402	DAG1	2330536
ENSG00000023041	ZDHHC6	2330384
ENSG00000196369	SRGAP2B	2329943
ENSG00000025708	TYMP	2329792
ENSG00000180694	TMEM64	2329694
ENSG00000101882	NKAP	2329598
ENSG00000109107	ALDOC	2329335
ENSG00000121350	PYROXD1	2329270
ENSG00000167881	SRP68	2328134
ENSG00000121931	LRIF1	2327927
ENSG00000124772	CPNE5	2326605
ENSG00000169660	HEXD	2326407
ENSG00000162946	DISC1	2325425
ENSG00000120278	PLEKHG1	2324810
ENSG00000112715	VEGFA	2324529
ENSG00000004142	POLDIP2	2324424
ENSG00000134109	EDEM1	2324215
ENSG00000130303	BST2	2323813
ENSG00000119632	IFI27L2	2323806
ENSG00000139926	FRMD6	2322964
ENSG00000112977	DAP	2322546
ENSG00000145191	EIF2B5	2322336
ENSG00000119125	GDA	2320977
ENSG00000171160	MORN4	2320935
ENSG00000167380	ZNF226	2320645
ENSG00000105711	SCN1B	2320536
ENSG00000107371	EXOSC3	2319787
ENSG00000095209	TMEM38B	2319629
ENSG00000117640	MTFR1L	2318520
ENSG00000141698	NT5C3B	2318305
ENSG00000086589	RBM22	2317727
ENSG00000215218	UBE2QL1	2317545
ENSG00000167904	TMEM68	2317475
ENSG00000085514	PILRA	2317335
ENSG00000072818	ACAP1	2317321
ENSG00000156787	TBC1D31	2317239
ENSG00000165097	KDM1B	2317066
ENSG00000039650	PNKP	2316895
ENSG00000052749	RRP12	2316556
ENSG00000183513	COA5	2316464
ENSG00000069998	HDHD5	2316460
ENSG00000083457	ITGAE	2315699
ENSG00000139180	NDUFA9	2314876
ENSG00000126456	IRF3	2314713
ENSG00000136319	TTC5	2314542
ENSG00000175567	UCP2	2314372
ENSG00000198208	RPS6KL1	2314050
ENSG00000198948	MFAP3L	2313940
ENSG00000100372	SLC25A17	2313576
ENSG00000174514	MFSD4A	2313266
ENSG00000183018	SPNS2	2312881
ENSG00000182173	TSEN54	2312837
ENSG00000065491	TBC1D22B	2312811
ENSG00000105829	BET1	2312464
ENSG00000074706	IPCEF1	2312342
ENSG00000126464	PRR12	2312229
ENSG00000186814	ZSCAN30	2312112
ENSG00000117262	GPR89A	2311801
ENSG00000169189	NSMCE1	2311273
ENSG00000174943	KCTD13	2311102
ENSG00000130150	MOSPD2	2309904
ENSG00000146409	SLC18B1	2309868
ENSG00000181610	MRPS23	2309640
ENSG00000158615	PPP1R15B	2309242
ENSG00000198393	ZNF26	2309076
ENSG00000158747	NBL1	2308857
ENSG00000130164	LDLR	2308627
ENSG00000113657	DPYSL3	2308456
ENSG00000171298	GAA	2308079
ENSG00000153832	FBXO36	2306855
ENSG00000198556	ZNF789	2305844
ENSG00000162669	HFM1	2305265
ENSG00000144749	LRIG1	2305035
ENSG00000198026	ZNF335	2304419
ENSG00000072121	ZFYVE26	2304079
ENSG00000147586	MRPS28	2303741
ENSG00000181817	LSM10	2303659
ENSG00000001561	ENPP4	2303550
ENSG00000022567	SLC45A4	2303305
ENSG00000187531	SIRT7	2302633
ENSG00000016864	GLT8D1	2302159
ENSG00000135899	SP110	2302075
ENSG00000071243	ING3	2302064
ENSG00000124541	RRP36	2301767
ENSG00000142082	SIRT3	2301093
ENSG00000122574	WIPF3	2300505
ENSG00000103056	SMPD3	2300441
ENSG00000204568	MRPS18B	2300402
ENSG00000023697	DERA	2300216
ENSG00000160963	COL26A1	2300142
ENSG00000087263	OGFOD1	2299629
ENSG00000049656	CLPTM1L	2299383
ENSG00000108528	SLC25A11	2298581
ENSG00000168246	UBTD2	2298440
ENSG00000135338	LCA5	2297873
ENSG00000174521	TTC9B	2297824
ENSG00000013503	POLR3B	2297732
ENSG00000100258	LMF2	2297554
ENSG00000173208	ABCD2	2296498
ENSG00000119661	DNAL1	2295707
ENSG00000160049	DFFA	2295579
ENSG00000237289	CKMT1B	2294836
ENSG00000108960	MMD	2294823
ENSG00000225190	PLEKHM1	2294748
ENSG00000165410	CFL2	2294703
ENSG00000119139	TJP2	2294541
ENSG00000166477	LEO1	2294402
ENSG00000103855	CD276	2294199
ENSG00000176749	CDK5R1	2293618
ENSG00000099785	MARCHF2	2293482
ENSG00000162702	ZNF281	2293320
ENSG00000171174	RBKS	2292668
ENSG00000135119	RNFT2	2291784
ENSG00000100227	POLDIP3	2291379
ENSG00000163116	STPG2	2291058
ENSG00000132321	IQCA1	2290410
ENSG00000134291	TMEM106C	2290243
ENSG00000104812	GYS1	2289925
ENSG00000103253	HAGHL	2289775
ENSG00000144867	SRPRB	2289757
ENSG00000181192	DHTKD1	2289520
ENSG00000178074	C2orf69	2288892
ENSG00000116062	MSH6	2288459
ENSG00000177383	MAGEF1	2288238
ENSG00000181751	MACIR	2287340
ENSG00000183426	NPIPA1	2286318
ENSG00000179387	ELMOD2	2286283
ENSG00000119929	CUTC	2286201
ENSG00000196365	LONP1	2285473
ENSG00000198000	NOL8	2285139
ENSG00000127080	IPPK	2285114
ENSG00000157625	TAB3	2285001
ENSG00000134343	ANO3	2284627
ENSG00000177731	FLII	2284518
ENSG00000136870	ZNF189	2283913
ENSG00000137269	LRRC1	2283711
ENSG00000185742	C11orf87	2282748
ENSG00000169857	AVEN	2282459
ENSG00000155366	RHOC	2282105
ENSG00000052723	SIKE1	2282053
ENSG00000081059	TCF7	2281871
ENSG00000072849	DERL2	2281551
ENSG00000050820	BCAR1	2281501
ENSG00000152642	GPD1L	2279666
ENSG00000103126	AXIN1	2279358
ENSG00000140598	EFL1	2279311
ENSG00000148985	PGAP2	2278663
ENSG00000172586	CHCHD1	2278553
ENSG00000069702	TGFBR3	2278274
ENSG00000196998	WDR45	2278119
ENSG00000077312	SNRPA	2277762
ENSG00000151176	PLBD2	2277074
ENSG00000172890	NADSYN1	2276890
ENSG00000171960	PPIH	2276868
ENSG00000177239	MAN1B1	2276492
ENSG00000102524	TNFSF13B	2276256
ENSG00000106012	IQCE	2276077
ENSG00000128573	FOXP2	2275603
ENSG00000142459	EVI5L	2275478
ENSG00000116741	RGS2	2275013
ENSG00000196576	PLXNB2	2274894
ENSG00000237440	ZNF737	2274678
ENSG00000102901	CENPT	2274649
ENSG00000134533	RERG	2274631
ENSG00000139977	NAA30	2274545
ENSG00000196116	TDRD7	2274402
ENSG00000136522	MRPL47	2274290
ENSG00000129595	EPB41L4A	2274283
ENSG00000100347	SAMM50	2274137
ENSG00000173786	CNP	2273883
ENSG00000239900	ADSL	2273705
ENSG00000246705	H2AJ	2273424
ENSG00000179115	FARSA	2273338
ENSG00000185621	LMLN	2273153
ENSG00000141314	RHBDL3	2272950
ENSG00000250510	GPR162	2272228
ENSG00000174173	TRMT10C	2272199
ENSG00000186063	AIDA	2271900
ENSG00000185880	TRIM69	2271688
ENSG00000186310	NAP1L3	2271628
ENSG00000100151	PICK1	2271188
ENSG00000149716	LTO1_ENSG00000149716	2270831
ENSG00000126001	CEP250	2270604
ENSG00000204392	LSM2	2270539
ENSG00000069943	PIGB	2270519
ENSG00000099940	SNAP29	2270357
ENSG00000109103	UNC119	2269344
ENSG00000116337	AMPD2	2268590
ENSG00000137822	TUBGCP4	2268395
ENSG00000155827	RNF20	2267287
ENSG00000121073	SLC35B1	2266836
ENSG00000172053	QARS1	2266731
ENSG00000188021	UBQLN2	2266689
ENSG00000151967	SCHIP1	2266381
ENSG00000104870	FCGRT	2265737
ENSG00000100167	SEPTIN3	2265631
ENSG00000111364	DDX55	2265628
ENSG00000120800	UTP20	2264869
ENSG00000231389	HLA-DPA1	2264469
ENSG00000134058	CDK7	2263976
ENSG00000048544	MRPS10	2263958
ENSG00000091656	ZFHX4	2263777
ENSG00000248333	CDK11B	2263397
ENSG00000166123	GPT2	2263105
ENSG00000197943	PLCG2	2262766
ENSG00000136802	LRRC8A	2262685
ENSG00000133731	IMPA1	2262002
ENSG00000273748	ENSG00000273748.1	2261960
ENSG00000121753	ADGRB2	2261722
ENSG00000107968	MAP3K8	2261658
ENSG00000185864	NPIPB4	2261636
ENSG00000166750	SLFN5	2261211
ENSG00000163659	TIPARP	2261088
ENSG00000143740	SNAP47	2260995
ENSG00000146281	PM20D2	2260343
ENSG00000185009	AP3M1	2260027
ENSG00000123146	ADGRE5	2259646
ENSG00000119812	FAM98A	2259530
ENSG00000127585	FBXL16	2258777
ENSG00000166938	DIS3L	2258331
ENSG00000106089	STX1A	2258246
ENSG00000135956	TMEM127	2258228
ENSG00000103260	METRN	2257371
ENSG00000124785	NRN1	2257347
ENSG00000007541	PIGQ	2256190
ENSG00000188321	ZNF559	2255313
ENSG00000133256	PDE6B	2254887
ENSG00000170881	RNF139	2254607
ENSG00000130348	QRSL1	2254479
ENSG00000112304	ACOT13	2253655
ENSG00000101751	POLI	2253635
ENSG00000185963	BICD2	2253567
ENSG00000160094	ZNF362	2252695
ENSG00000142002	DPP9	2252202
ENSG00000132170	PPARG	2251883
ENSG00000111249	CUX2	2251809
ENSG00000151503	NCAPD3	2251529
ENSG00000170876	TMEM43	2250843
ENSG00000073670	ADAM11	2250753
ENSG00000120837	NFYB	2250735
ENSG00000102882	MAPK3	2250118
ENSG00000161681	SHANK1	2249301
ENSG00000100426	ZBED4	2248967
ENSG00000213341	CHUK	2248274
ENSG00000157212	PAXIP1	2247787
ENSG00000108387	SEPTIN4	2247325
ENSG00000134049	IER3IP1	2246033
ENSG00000143126	CELSR2	2245891
ENSG00000101199	ARFGAP1	2245717
ENSG00000162517	PEF1	2245606
ENSG00000197779	ZNF81	2245481
ENSG00000139537	CCDC65	2245342
ENSG00000163312	HELQ	2245285
ENSG00000068971	PPP2R5B	2244539
ENSG00000181234	TMEM132C	2244405
ENSG00000116661	FBXO2	2244322
ENSG00000144524	COPS7B	2243389
ENSG00000070614	NDST1	2243087
ENSG00000102897	LYRM1	2242958
ENSG00000130119	GNL3L	2242928
ENSG00000139625	MAP3K12	2242784
ENSG00000111652	COPS7A	2242559
ENSG00000105755	ETHE1	2242541
ENSG00000164168	TMEM184C	2242465
ENSG00000062582	MRPS24	2241838
ENSG00000183066	WBP2NL	2241384
ENSG00000166228	PCBD1	2241038
ENSG00000104731	KLHDC4	2241020
ENSG00000215193	PEX26	2240744
ENSG00000204356	NELFE	2240599
ENSG00000158315	RHBDL2	2240579
ENSG00000100604	CHGA	2240497
ENSG00000196083	IL1RAP	2238935
ENSG00000124181	PLCG1	2238836
ENSG00000141098	GFOD2	2238413
ENSG00000127952	STYXL1	2238024
ENSG00000011677	GABRA3	2238011
ENSG00000104312	RIPK2	2237980
ENSG00000166902	MRPL16	2237890
ENSG00000188517	COL25A1	2237862
ENSG00000101246	ARFRP1	2235689
ENSG00000112297	CRYBG1	2235443
ENSG00000242265	PEG10	2235242
ENSG00000101871	MID1	2234791
ENSG00000010295	IFFO1	2234737
ENSG00000170185	USP38	2234633
ENSG00000105705	SUGP1	2234303
ENSG00000075035	WSCD2	2234051
ENSG00000113552	GNPDA1	2233939
ENSG00000179151	EDC3	2233710
ENSG00000128641	MYO1B	2233340
ENSG00000185829	ARL17A	2232706
ENSG00000172794	RAB37	2232686
ENSG00000105552	BCAT2	2232485
ENSG00000187189	TSPYL4	2231178
ENSG00000204160	ZDHHC18	2231152
ENSG00000104728	ARHGEF10	2230363
ENSG00000130584	ZBTB46	2230343
ENSG00000176386	CDC26	2230066
ENSG00000151806	GUF1	2229888
ENSG00000181467	RAP2B	2229760
ENSG00000087008	ACOX3	2228782
ENSG00000135093	USP30	2228017
ENSG00000102678	FGF9	2228002
ENSG00000182601	HS3ST4	2227713
ENSG00000112294	ALDH5A1	2227665
ENSG00000165929	TC2N	2227488
ENSG00000019505	SYT13	2227240
ENSG00000147471	PLPBP	2227090
ENSG00000166262	FAM227B	2226738
ENSG00000156162	DPY19L4	2226251
ENSG00000135297	MTO1	2225364
ENSG00000015133	CCDC88C	2224904
ENSG00000215717	TMEM167B	2224561
ENSG00000166197	NOLC1	2224324
ENSG00000104907	TRMT1	2223552
ENSG00000170325	PRDM10	2223538
ENSG00000143093	STRIP1	2223348
ENSG00000236279	CLEC2L	2222811
ENSG00000108861	DUSP3	2222799
ENSG00000106628	POLD2	2222316
ENSG00000130165	ELOF1	2222300
ENSG00000162627	SNX7	2221811
ENSG00000186732	MPPED1	2221477
ENSG00000250722	SELENOP	2221335
ENSG00000242173	ARHGDIG	2221071
ENSG00000131165	CHMP1A	2220110
ENSG00000075213	SEMA3A	2220108
ENSG00000100324	TAB1	2220014
ENSG00000115827	DCAF17	2219241
ENSG00000109854	HTATIP2	2218919
ENSG00000085721	RRN3	2218760
ENSG00000167797	CDK2AP2	2218742
ENSG00000063322	MED29	2218431
ENSG00000173153	ESRRA	2218412
ENSG00000009790	TRAF3IP3	2218265
ENSG00000196535	MYO18A	2217926
ENSG00000143319	ISG20L2	2217161
ENSG00000196208	GREB1	2216759
ENSG00000172081	MOB3A	2216231
ENSG00000106536	POU6F2	2215924
ENSG00000133119	RFC3	2215378
ENSG00000059145	UNKL	2215270
ENSG00000105723	GSK3A	2214366
ENSG00000115275	MOGS	2211979
ENSG00000186377	CYP4X1	2211811
ENSG00000116852	KIF21B	2211446
ENSG00000167191	GPRC5B	2211046
ENSG00000106266	SNX8	2210837
ENSG00000006007	GDE1	2210304
ENSG00000188227	ZNF793	2210294
ENSG00000121486	TRMT1L	2210091
ENSG00000153975	ZUP1	2209923
ENSG00000184271	POU6F1	2209619
ENSG00000119392	GLE1	2208528
ENSG00000111696	NT5DC3	2208432
ENSG00000064687	ABCA7	2208060
ENSG00000124596	OARD1	2207688
ENSG00000166199	ALKBH3	2207653
ENSG00000008128	CDK11A	2206590
ENSG00000158435	CNOT11	2206259
ENSG00000204852	TCTN1	2206133
ENSG00000135919	SERPINE2	2205857
ENSG00000152422	XRCC4	2205702
ENSG00000184083	FAM120C	2205273
ENSG00000241127	YAE1	2205239
ENSG00000163832	ELP6	2204832
ENSG00000171421	MRPL36	2204626
ENSG00000198466	ZNF587	2204489
ENSG00000162231	NXF1	2203484
ENSG00000164181	ELOVL7	2203332
ENSG00000137960	GIPC2	2202431
ENSG00000165660	ABRAXAS2	2202060
ENSG00000162927	PUS10	2202009
ENSG00000184164	CRELD2	2201645
ENSG00000146966	DENND2A	2201525
ENSG00000114779	ABHD14B	2201316
ENSG00000162971	TYW5	2201302
ENSG00000125450	NUP85	2201265
ENSG00000136897	MRPL50	2200904
ENSG00000158526	TSR2	2200805
ENSG00000179335	CLK3	2200521
ENSG00000088727	KIF9	2200467
ENSG00000174944	P2RY14	2200302
ENSG00000168566	SNRNP48	2200238
ENSG00000086848	ALG9	2199306
ENSG00000103888	CEMIP	2199071
ENSG00000167657	DAPK3	2198991
ENSG00000156873	PHKG2	2198855
ENSG00000100084	HIRA	2198724
ENSG00000124380	SNRNP27	2198599
ENSG00000103051	COG4	2198026
ENSG00000165233	CARD19	2198010
ENSG00000153879	CEBPG	2197954
ENSG00000167614	TTYH1	2197473
ENSG00000239704	CDRT4	2197208
ENSG00000135519	KCNH3	2196205
ENSG00000123136	DDX39A	2195943
ENSG00000175110	MRPS22	2195908
ENSG00000169740	ZNF32	2195754
ENSG00000178988	MRFAP1L1	2195281
ENSG00000174840	PDE12	2195237
ENSG00000138942	RNF185	2194997
ENSG00000136868	SLC31A1	2194797
ENSG00000185189	NRBP2	2194092
ENSG00000170677	SOCS6	2193439
ENSG00000143674	MAP3K21	2193185
ENSG00000075240	GRAMD4	2193180
ENSG00000163945	UVSSA	2192264
ENSG00000160813	PPP1R35	2192093
ENSG00000130699	TAF4	2191621
ENSG00000137171	KLC4	2191090
ENSG00000103269	RHBDL1	2190810
ENSG00000128191	DGCR8	2190522
ENSG00000146147	MLIP	2190030
ENSG00000151748	SAV1	2189946
ENSG00000159921	GNE	2189843
ENSG00000105419	MEIS3	2189720
ENSG00000136908	DPM2	2189674
ENSG00000176473	WDR25	2188067
ENSG00000141456	PELP1	2187817
ENSG00000186834	HEXIM1	2187003
ENSG00000167074	TEF	2186612
ENSG00000197724	PHF2	2185567
ENSG00000166548	TK2	2185477
ENSG00000092445	TYRO3	2185108
ENSG00000124733	MEA1	2183624
ENSG00000133627	ACTR3B	2183214
ENSG00000165512	ZNF22	2183159
ENSG00000124243	BCAS4	2182886
ENSG00000101773	RBBP8	2181734
ENSG00000178927	CYBC1	2181200
ENSG00000125149	PHAF1	2181107
ENSG00000152503	TRIM36	2180662
ENSG00000163755	HPS3	2180069
ENSG00000053371	AKR7A2	2179922
ENSG00000129187	DCTD	2179685
ENSG00000005469	CROT	2179451
ENSG00000257365	FNTB	2179239
ENSG00000103495	MAZ	2178985
ENSG00000115165	CYTIP	2178697
ENSG00000138336	TET1	2178428
ENSG00000197885	NKIRAS1	2177882
ENSG00000126522	ASL	2177219
ENSG00000173193	PARP14	2176947
ENSG00000183036	PCP4	2176708
ENSG00000177034	MTX3	2176462
ENSG00000136718	IMP4	2176407
ENSG00000181061	HIGD1A	2176094
ENSG00000109814	UGDH	2175335
ENSG00000175600	SUGCT	2174270
ENSG00000113532	ST8SIA4	2174151
ENSG00000197863	ZNF790	2174028
ENSG00000153179	RASSF3	2173504
ENSG00000115137	DNAJC27	2173100
ENSG00000169087	HSPBAP1	2172700
ENSG00000123130	ACOT9	2172410
ENSG00000173409	ARV1	2171049
ENSG00000130413	STK33	2170968
ENSG00000172465	TCEAL1	2170808
ENSG00000272333	KMT2B	2169693
ENSG00000110693	SOX6	2168468
ENSG00000175595	ERCC4	2168299
ENSG00000107738	VSIR	2167458
ENSG00000198276	UCKL1	2166694
ENSG00000013523	ANGEL1	2166480
ENSG00000143457	GOLPH3L	2166126
ENSG00000179542	SLITRK4	2165879
ENSG00000046889	PREX2	2165874
ENSG00000080839	RBL1	2165247
ENSG00000214021	TTLL3	2164842
ENSG00000172878	METAP1D	2164450
ENSG00000163344	PMVK	2164439
ENSG00000168101	NUDT16L1	2164356
ENSG00000101160	CTSZ	2163272
ENSG00000106605	BLVRA	2163210
ENSG00000122126	OCRL	2162526
ENSG00000133393	CEP20	2160288
ENSG00000069535	MAOB	2160285
ENSG00000101298	SNPH	2160120
ENSG00000110934	BIN2	2159776
ENSG00000173457	PPP1R14B	2159710
ENSG00000167461	RAB8A	2159438
ENSG00000255112	CHMP1B	2159362
ENSG00000266338	NBPF15	2159178
ENSG00000005302	MSL3	2159176
ENSG00000115042	FAHD2A	2158785
ENSG00000204128	C2orf72	2158363
ENSG00000142347	MYO1F	2158297
ENSG00000007174	DNAH9	2158041
ENSG00000172572	PDE3A	2157920
ENSG00000178028	DMAP1	2157745
ENSG00000130475	FCHO1	2157599
ENSG00000170791	CHCHD7	2157590
ENSG00000116521	SCAMP3	2157546
ENSG00000142149	HUNK	2156961
ENSG00000165689	ENTR1	2156799
ENSG00000276644	DACH1	2156150
ENSG00000166135	HIF1AN	2156127
ENSG00000157483	MYO1E	2156044
ENSG00000165819	METTL3	2155366
ENSG00000103043	VAC14	2155175
ENSG00000154237	LRRK1	2154829
ENSG00000256061	DNAAF4	2154736
ENSG00000089154	GCN1	2154283
ENSG00000137200	CMTR1	2154248
ENSG00000066926	FECH	2153999
ENSG00000139197	PEX5	2153389
ENSG00000204388	HSPA1B	2152547
ENSG00000005007	UPF1	2151796
ENSG00000139645	ANKRD52	2151233
ENSG00000137414	FAM8A1	2150530
ENSG00000100983	GSS	2149660
ENSG00000138617	PARP16	2149086
ENSG00000174796	THAP6	2148992
ENSG00000166352	IFTAP	2148496
ENSG00000101452	DHX35	2148124
ENSG00000140365	COMMD4	2147593
ENSG00000158089	GALNT14	2147241
ENSG00000171163	ZNF692	2147104
ENSG00000157045	NTAN1	2147099
ENSG00000115486	GGCX	2146982
ENSG00000161091	MFSD12	2146969
ENSG00000130935	NOL11	2146934
ENSG00000139620	KANSL2	2145930
ENSG00000176293	ZNF135	2145630
ENSG00000163013	FBXO41	2144216
ENSG00000205220	PSMB10	2144185
ENSG00000117133	RPF1	2143361
ENSG00000044446	PHKA2	2143360
ENSG00000184209	SNRNP35	2142649
ENSG00000113578	FGF1	2142325
ENSG00000168002	POLR2G	2142076
ENSG00000091483	FH	2141911
ENSG00000168803	ADAL	2141814
ENSG00000118432	CNR1	2141338
ENSG00000111271	ACAD10	2141139
ENSG00000132821	VSTM2L	2140495
ENSG00000126709	IFI6	2139998
ENSG00000162433	AK4	2139203
ENSG00000227051	C14orf132	2138941
ENSG00000262246	CORO7	2138860
ENSG00000142208	AKT1	2138586
ENSG00000169710	FASN	2138327
ENSG00000143149	ALDH9A1	2138121
ENSG00000164211	STARD4	2137995
ENSG00000091879	ANGPT2	2137795
ENSG00000177663	IL17RA	2137440
ENSG00000156218	ADAMTSL3	2135879
ENSG00000088035	ALG6	2135541
ENSG00000253710	ALG11	2135082
ENSG00000122335	SERAC1	2135001
ENSG00000106080	FKBP14	2134385
ENSG00000171202	TMEM126A	2134072
ENSG00000161202	DVL3	2132912
ENSG00000158806	NPM2	2132614
ENSG00000155636	RBM45	2132139
ENSG00000082516	GEMIN5	2130879
ENSG00000203485	INF2	2130793
ENSG00000110315	RNF141	2130710
ENSG00000128298	BAIAP2L2	2130380
ENSG00000182307	C8orf33	2130024
ENSG00000105879	CBLL1	2129933
ENSG00000183955	KMT5A	2129637
ENSG00000213930	GALT	2128599
ENSG00000183323	CCDC125	2128537
ENSG00000113140	SPARC	2128052
ENSG00000119636	BBOF1	2127937
ENSG00000103061	SLC7A6OS	2127907
ENSG00000131732	ZCCHC9	2127902
ENSG00000079974	RABL2B	2127874
ENSG00000156860	FBRS	2126101
ENSG00000058600	POLR3E	2125699
ENSG00000175352	NRIP3	2124926
ENSG00000121058	COIL	2123518
ENSG00000186047	DLEU7	2123422
ENSG00000197324	LRP10	2123346
ENSG00000146085	MMUT	2122670
ENSG00000168032	ENTPD3	2122396
ENSG00000188786	MTF1	2122195
ENSG00000167889	MGAT5B	2121991
ENSG00000117602	RCAN3	2121633
ENSG00000164244	PRRC1	2121399
ENSG00000171094	ALK	2120172
ENSG00000111252	SH2B3	2120146
ENSG00000151353	TMEM18	2119820
ENSG00000187778	MCRS1	2119528
ENSG00000115414	FN1	2119463
ENSG00000154945	ANKRD40	2119459
ENSG00000138459	SLC35A5	2119404
ENSG00000077080	ACTL6B	2119203
ENSG00000154529	CNTNAP3B	2119132
ENSG00000151812	SLC35F4	2118719
ENSG00000185862	EVI2B	2118593
ENSG00000081181	ARG2	2118547
ENSG00000183718	TRIM52	2118016
ENSG00000151239	TWF1	2117632
ENSG00000164542	MATCAP2	2117215
ENSG00000163611	SPICE1	2116975
ENSG00000104973	MED25	2116372
ENSG00000137338	PGBD1	2116359
ENSG00000103257	SLC7A5	2116295
ENSG00000213625	LEPROT	2116285
ENSG00000101473	ACOT8	2115742
ENSG00000169432	SCN9A	2114608
ENSG00000136250	AOAH	2114331
ENSG00000112902	SEMA5A	2113966
ENSG00000132274	TRIM22	2113798
ENSG00000198729	PPP1R14C	2113774
ENSG00000180901	KCTD2	2113662
ENSG00000132570	PCBD2	2113592
ENSG00000175634	RPS6KB2	2113068
ENSG00000146648	EGFR	2112217
ENSG00000254087	LYN	2112151
ENSG00000187601	MAGEH1	2110949
ENSG00000005882	PDK2	2110919
ENSG00000087903	RFX2	2110440
ENSG00000153246	PLA2R1	2109530
ENSG00000075651	PLD1	2109444
ENSG00000143486	EIF2D	2109442
ENSG00000204856	FAM216A	2108676
ENSG00000066827	ZFAT	2108199
ENSG00000174775	HRAS	2108120
ENSG00000100599	RIN3	2107905
ENSG00000138621	PPCDC	2107804
ENSG00000149485	FADS1	2107708
ENSG00000174145	NWD2	2107579
ENSG00000167680	SEMA6B	2106482
ENSG00000162384	CZIB	2105823
ENSG00000122477	LRRC39	2105471
ENSG00000180263	FGD6	2104848
ENSG00000142327	RNPEPL1	2104778
ENSG00000127452	FBXL12	2104244
ENSG00000134115	CNTN6	2104179
ENSG00000114805	PLCH1	2104028
ENSG00000121897	LIAS	2103677
ENSG00000129244	ATP1B2	2103563
ENSG00000182916	TCEAL7	2103429
ENSG00000120868	APAF1	2102907
ENSG00000110108	TMEM109	2102686
ENSG00000109519	GRPEL1	2102669
ENSG00000179119	SPTY2D1	2102473
ENSG00000106785	TRIM14	2102219
ENSG00000102225	CDK16	2101239
ENSG00000108641	B9D1	2100899
ENSG00000143603	KCNN3	2100665
ENSG00000156587	UBE2L6	2100488
ENSG00000000457	SCYL3	2100311
ENSG00000147535	PLPP5	2099921
ENSG00000177301	KCNA2	2098773
ENSG00000023445	BIRC3	2098320
ENSG00000143633	C1orf131	2098082
ENSG00000182871	COL18A1	2097913
ENSG00000139428	MMAB	2097798
ENSG00000174332	GLIS1	2097516
ENSG00000181924	COA4	2097184
ENSG00000012174	MBTPS2	2096942
ENSG00000150540	HNMT	2096734
ENSG00000165688	PMPCA	2096317
ENSG00000068028	RASSF1	2096154
ENSG00000113569	NUP155	2096125
ENSG00000165152	PGAP4	2095933
ENSG00000143418	CERS2	2094584
ENSG00000227500	SCAMP4	2094126
ENSG00000110442	COMMD9	2093515
ENSG00000129472	RAB2B	2093390
ENSG00000196437	ZNF569	2092499
ENSG00000164305	CASP3	2091898
ENSG00000166454	ATMIN	2091534
ENSG00000184677	ZBTB40	2091496
ENSG00000204991	SPIRE2	2090630
ENSG00000171724	VAT1L	2090569
ENSG00000179988	PSTK	2090493
ENSG00000176769	TCERG1L	2090267
ENSG00000137547	MRPL15	2090226
ENSG00000196562	SULF2	2089410
ENSG00000135926	TMBIM1	2089188
ENSG00000152359	POC5	2089182
ENSG00000086504	MRPL28	2088939
ENSG00000105397	TYK2	2088538
ENSG00000173818	ENDOV	2088522
ENSG00000101457	DNTTIP1	2088140
ENSG00000116678	LEPR	2088129
ENSG00000184602	SNN	2087251
ENSG00000110848	CD69	2085867
ENSG00000067182	TNFRSF1A	2085748
ENSG00000167674	HDGFL2	2085640
ENSG00000112679	DUSP22	2084869
ENSG00000155016	CYP2U1	2084738
ENSG00000198858	R3HDM4	2084729
ENSG00000105197	TIMM50	2084494
ENSG00000198521	ZNF43	2084229
ENSG00000181007	ZFP82	2084102
ENSG00000121851	POLR3GL	2083725
ENSG00000105656	ELL	2083538
ENSG00000100360	IFT27	2083258
ENSG00000164128	NPY1R	2083253
ENSG00000085274	MYNN	2082989
ENSG00000110400	NECTIN1	2082981
ENSG00000122696	SLC25A51	2081520
ENSG00000059691	GATB	2081437
ENSG00000169992	NLGN2	2081204
ENSG00000150768	DLAT	2080868
ENSG00000147155	EBP	2080822
ENSG00000175606	TMEM70	2080740
ENSG00000008283	CYB561	2080734
ENSG00000184194	GPR173	2080680
ENSG00000186577	SMIM29	2080275
ENSG00000176715	ACSF3	2080137
ENSG00000107789	MINPP1	2079650
ENSG00000203791	EEF1AKMT2	2079384
ENSG00000184828	ZBTB7C	2078080
ENSG00000094631	HDAC6	2077013
ENSG00000196569	LAMA2	2076949
ENSG00000243660	ZNF487	2076355
ENSG00000139637	MYG1	2075836
ENSG00000082512	TRAF5	2074885
ENSG00000112149	CD83	2074716
ENSG00000104432	IL7	2074434
ENSG00000167778	SPRYD3	2073092
ENSG00000066468	FGFR2	2073026
ENSG00000071246	VASH1	2072873
ENSG00000156136	DCK	2072340
ENSG00000165832	TRUB1	2071076
ENSG00000133678	TMEM254	2070834
ENSG00000102158	MAGT1	2070484
ENSG00000196976	LAGE3	2070195
ENSG00000198642	KLHL9	2069585
ENSG00000109062	NHERF1	2069524
ENSG00000008735	MAPK8IP2	2069052
ENSG00000171246	NPTX1	2068977
ENSG00000135636	DYSF	2068953
ENSG00000140688	RUSF1	2067315
ENSG00000204564	C6orf136	2067027
ENSG00000151575	TEX9	2066930
ENSG00000167555	ZNF528	2066890
ENSG00000135272	MDFIC	2066252
ENSG00000091592	NLRP1	2066223
ENSG00000176834	VSIG10	2065451
ENSG00000159479	MED8	2065083
ENSG00000165792	METTL17	2065060
ENSG00000128185	DGCR6L	2064641
ENSG00000130758	MAP3K10	2064276
ENSG00000133641	C12orf29	2063872
ENSG00000196954	CASP4	2063706
ENSG00000090020	SLC9A1	2063580
ENSG00000077522	ACTN2	2063484
ENSG00000102543	CDADC1	2062467
ENSG00000131467	PSME3	2061744
ENSG00000158109	TPRG1L	2061379
ENSG00000100532	CGRRF1	2060743
ENSG00000124194	GDAP1L1	2060686
ENSG00000263956	NBPF11	2060385
ENSG00000204576	PRR3	2060241
ENSG00000198945	L3MBTL3	2059455
ENSG00000130203	APOE	2059337
ENSG00000105255	FSD1	2059005
ENSG00000151116	UEVLD	2058545
ENSG00000106992	AK1	2058354
ENSG00000169592	INO80E	2058217
ENSG00000122483	CCDC18	2057925
ENSG00000091622	PITPNM3	2057746
ENSG00000249437	NAIP	2057354
ENSG00000081665	ZNF506	2057281
ENSG00000136371	MTHFS	2056874
ENSG00000070182	SPTB	2056238
ENSG00000132406	TMEM128	2055948
ENSG00000196636	SDHAF3	2055856
ENSG00000186625	KATNA1	2055488
ENSG00000051009	FHIP1B	2055402
ENSG00000049130	KITLG	2055021
ENSG00000105948	TTC26	2054953
ENSG00000155660	PDIA4	2054842
ENSG00000198356	GET3	2054808
ENSG00000117395	EBNA1BP2	2054216
ENSG00000049449	RCN1	2053811
ENSG00000181045	SLC26A11	2052361
ENSG00000101574	METTL4	2051550
ENSG00000221955	SLC12A8	2051503
ENSG00000170743	SYT9	2051447
ENSG00000118849	RARRES1	2051402
ENSG00000139289	PHLDA1	2051047
ENSG00000181404	WASHC1	2050474
ENSG00000072195	SPEG	2050270
ENSG00000106009	BRAT1	2050222
ENSG00000095906	NUBP2	2049570
ENSG00000149582	TMEM25	2049386
ENSG00000175414	ARL10	2049008
ENSG00000106799	TGFBR1	2048744
ENSG00000169217	CD2BP2	2048526
ENSG00000171953	ATPAF2	2048493
ENSG00000140259	MFAP1	2048483
ENSG00000176142	TMEM39A	2048210
ENSG00000182541	LIMK2	2048011
ENSG00000166046	TCP11L2	2047585
ENSG00000117543	DPH5	2047265
ENSG00000165997	ARL5B	2047224
ENSG00000053501	USE1	2046916
ENSG00000103528	SYT17	2046201
ENSG00000165194	PCDH19	2045836
ENSG00000110011	DNAJC4	2045634
ENSG00000132664	POLR3F	2045487
ENSG00000185917	SETD4	2044906
ENSG00000135439	AGAP2	2044598
ENSG00000105520	PLPPR2	2044556
ENSG00000120333	MRPS14	2044524
ENSG00000163754	GYG1	2044521
ENSG00000166908	PIP4K2C	2044382
ENSG00000185591	SP1	2044039
ENSG00000039560	RAI14	2043457
ENSG00000197798	FAM118B	2043373
ENSG00000145919	BOD1	2043294
ENSG00000137331	IER3	2043223
ENSG00000035141	FAM136A	2041618
ENSG00000187720	THSD4	2041165
ENSG00000105443	CYTH2	2041163
ENSG00000108829	LRRC59	2040816
ENSG00000136699	SMPD4	2040731
ENSG00000171811	CFAP46	2040430
ENSG00000128039	SRD5A3	2040291
ENSG00000121775	TMEM39B	2040233
ENSG00000213995	NAXD	2039977
ENSG00000185920	PTCH1	2039898
ENSG00000174851	YIF1A	2039741
ENSG00000139641	ESYT1	2039731
ENSG00000141524	TMC6	2039429
ENSG00000184545	DUSP8	2039032
ENSG00000104946	TBC1D17	2038984
ENSG00000173039	RELA	2038927
ENSG00000128059	PPAT	2038918
ENSG00000278845	MRPL45	2038454
ENSG00000160783	PMF1	2038136
ENSG00000133935	ERG28	2037247
ENSG00000100263	RHBDD3	2036538
ENSG00000130382	MLLT1	2035303
ENSG00000099284	MACROH2A2	2035195
ENSG00000120832	MTERF2	2034462
ENSG00000167861	HID1	2034458
ENSG00000099954	CECR2	2034200
ENSG00000153714	LURAP1L	2034058
ENSG00000136682	ZNG1B	2033997
ENSG00000135596	MICAL1	2033490
ENSG00000168685	IL7R	2033289
ENSG00000084093	REST	2033271
ENSG00000156603	MED19	2032521
ENSG00000152133	GPATCH11	2032432
ENSG00000059573	ALDH18A1	2031947
ENSG00000135426	TESPA1	2031872
ENSG00000100417	PMM1	2031119
ENSG00000198055	GRK6	2031005
ENSG00000185222	TCEAL9	2030402
ENSG00000116221	MRPL37	2029892
ENSG00000166173	LARP6	2029825
ENSG00000114026	OGG1	2029403
ENSG00000134539	KLRD1	2029221
ENSG00000166025	AMOTL1	2029125
ENSG00000137936	BCAR3	2029023
ENSG00000182359	KBTBD3	2028555
ENSG00000137713	PPP2R1B	2028304
ENSG00000135974	C2orf49	2028304
ENSG00000116194	ANGPTL1	2027349
ENSG00000090372	STRN4	2026428
ENSG00000148572	NRBF2	2026327
ENSG00000135269	TES	2026149
ENSG00000180902	D2HGDH	2026111
ENSG00000102878	HSF4	2025692
ENSG00000169689	CENPX	2025411
ENSG00000129484	PARP2	2024949
ENSG00000107566	ERLIN1	2024649
ENSG00000136144	RCBTB1	2024456
ENSG00000182132	KCNIP1	2024432
ENSG00000110801	PSMD9	2024410
ENSG00000187068	C3orf70	2024046
ENSG00000134285	FKBP11	2023804
ENSG00000070495	JMJD6	2023709
ENSG00000150667	FSIP1	2022883
ENSG00000170264	FAM161A	2022673
ENSG00000167969	ECI1	2022637
ENSG00000174547	MRPL11	2022202
ENSG00000130309	COLGALT1	2022066
ENSG00000244274	DBNDD2	2021846
ENSG00000148843	PDCD11	2021646
ENSG00000164934	DCAF13	2021470
ENSG00000256537	SMIM10L1	2021303
ENSG00000186462	NAP1L2	2020921
ENSG00000166073	GPR176	2020421
ENSG00000106348	IMPDH1	2020193
ENSG00000112667	DNPH1	2020152
ENSG00000103599	IQCH	2020041
ENSG00000166436	TRIM66	2020008
ENSG00000166889	PATL1	2019978
ENSG00000131791	PRKAB2	2019872
ENSG00000095574	IKZF5	2019536
ENSG00000204257	HLA-DMA	2018206
ENSG00000135148	TRAFD1	2018177
ENSG00000091436	MAP3K20	2018087
ENSG00000237441	RGL2	2017721
ENSG00000079387	SENP1	2017607
ENSG00000189367	KIAA0408	2015735
ENSG00000070540	WIPI1	2015734
ENSG00000137760	ALKBH8	2015603
ENSG00000101407	TTI1	2015341
ENSG00000164252	AGGF1	2014767
ENSG00000137364	TPMT	2014582
ENSG00000100211	CBY1	2014158
ENSG00000078246	TULP3	2013849
ENSG00000023608	SNAPC1	2013112
ENSG00000090674	MCOLN1	2012026
ENSG00000198851	CD3E	2011694
ENSG00000007264	MATK	2011693
ENSG00000144712	CAND2	2011620
ENSG00000100379	KCTD17	2011577
ENSG00000029534	ANK1	2011216
ENSG00000164398	ACSL6	2010867
ENSG00000186297	GABRA5	2010834
ENSG00000116717	GADD45A	2010356
ENSG00000163126	ANKRD23	2009122
ENSG00000144597	EAF1	2009118
ENSG00000127870	RNF6	2008889
ENSG00000117016	RIMS3	2008863
ENSG00000121653	MAPK8IP1	2008027
ENSG00000103496	STX4	2005458
ENSG00000142303	ADAMTS10	2005093
ENSG00000056972	TRAF3IP2	2005036
ENSG00000100209	HSCB	2004243
ENSG00000151136	ABTB3	2004171
ENSG00000147872	PLIN2	2003885
ENSG00000173276	ZBTB21	2003782
ENSG00000144118	RALB	2003397
ENSG00000117152	RGS4	2003342
ENSG00000143436	MRPL9	2003284
ENSG00000140521	POLG	2001601
ENSG00000013619	MAMLD1	2001011
ENSG00000113758	DBN1	2000361
ENSG00000165029	ABCA1	1999727
ENSG00000077454	LRCH4	1999334
ENSG00000132329	RAMP1	1999129
ENSG00000130764	LRRC47	1998188
ENSG00000134202	GSTM3	1998023
ENSG00000121905	HPCA	1997486
ENSG00000110080	ST3GAL4	1997247
ENSG00000101146	RAE1	1996949
ENSG00000114450	GNB4	1996787
ENSG00000189050	RNFT1	1996495
ENSG00000204231	RXRB	1996388
ENSG00000135966	TGFBRAP1	1996149
ENSG00000149654	CDH22	1995675
ENSG00000184465	WDR27	1995209
ENSG00000129055	ANAPC13	1995089
ENSG00000155380	SLC16A1	1994525
ENSG00000145545	SRD5A1	1994300
ENSG00000204316	MRPL38	1994234
ENSG00000145780	FEM1C	1993758
ENSG00000140479	PCSK6	1993358
ENSG00000009950	MLXIPL	1992173
ENSG00000127081	ZNF484	1991843
ENSG00000127463	EMC1	1991520
ENSG00000172273	HINFP	1991235
ENSG00000110200	ANAPC15	1991050
ENSG00000140548	ZNF710	1990955
ENSG00000103811	CTSH	1990944
ENSG00000103549	RNF40	1990309
ENSG00000145287	PLAC8	1989549
ENSG00000188092	GPR89B	1989485
ENSG00000163156	SCNM1	1989471
ENSG00000126768	TIMM17B	1989160
ENSG00000100865	CINP	1989042
ENSG00000102385	DRP2	1988997
ENSG00000214026	MRPL23	1988909
ENSG00000115425	PECR	1988886
ENSG00000164331	ANKRA2	1987989
ENSG00000100626	GALNT16	1987283
ENSG00000169193	CCDC126	1987246
ENSG00000141452	RMC1	1987215
ENSG00000075975	MKRN2	1987206
ENSG00000204386	NEU1	1987075
ENSG00000133316	WDR74	1987027
ENSG00000028116	VRK2	1986261
ENSG00000186635	ARAP1	1986260
ENSG00000101004	NINL	1985920
ENSG00000185808	PIGP	1985716
ENSG00000158050	DUSP2	1985654
ENSG00000147457	CHMP7	1985488
ENSG00000164535	DAGLB	1985443
ENSG00000100744	GSKIP	1985035
ENSG00000181450	ZNF678	1984771
ENSG00000072315	TRPC5	1984657
ENSG00000076662	ICAM3	1984329
ENSG00000116783	TNNI3K	1984018
ENSG00000266074	BAHCC1	1983667
ENSG00000204310	AGPAT1	1983562
ENSG00000160961	ZNF333	1983364
ENSG00000196418	ZNF124	1982892
ENSG00000015479	MATR3_ENSG00000015479	1982549
ENSG00000136379	ABHD17C	1982195
ENSG00000070087	PFN2	1981728
ENSG00000164124	TMEM144	1981491
ENSG00000143772	ITPKB	1981462
ENSG00000042088	TDP1	1981420
ENSG00000103274	NUBP1	1980361
ENSG00000121406	ZNF549	1979822
ENSG00000172366	MCRIP2	1979571
ENSG00000107438	PDLIM1	1979457
ENSG00000131669	NINJ1	1978569
ENSG00000170734	POLH	1978521
ENSG00000183475	ASB7	1978135
ENSG00000196632	WNK3	1977890
ENSG00000107201	RIGI	1977634
ENSG00000186376	ZNF75D	1977492
ENSG00000165861	ZFYVE1	1976686
ENSG00000144827	ABHD10	1976484
ENSG00000162129	CLPB	1976134
ENSG00000172725	CORO1B	1975978
ENSG00000179918	SEPHS2	1975508
ENSG00000186350	RXRA	1974733
ENSG00000162772	ATF3	1974584
ENSG00000075223	SEMA3C	1973846
ENSG00000014164	ZC3H3	1973287
ENSG00000112796	ENPP5	1973115
ENSG00000213064	SFT2D2	1972875
ENSG00000186532	SMYD4	1972777
ENSG00000143110	C1orf162	1972522
ENSG00000075618	FSCN1	1972459
ENSG00000149428	HYOU1	1972169
ENSG00000174705	SH3PXD2B	1972033
ENSG00000130962	PRRG1	1971345
ENSG00000250067	YJEFN3	1970517
ENSG00000130749	ZC3H4	1970351
ENSG00000180626	ZNF594	1970050
ENSG00000138381	ASNSD1	1970008
ENSG00000135452	TSPAN31	1969949
ENSG00000152193	OBI1	1969665
ENSG00000159348	CYB5R1	1969420
ENSG00000036672	USP2	1969303
ENSG00000125247	TMTC4	1969271
ENSG00000161013	MGAT4B	1969195
ENSG00000048392	RRM2B	1968953
ENSG00000123064	DDX54	1968474
ENSG00000182870	GALNT9	1968261
ENSG00000116983	HPCAL4	1967906
ENSG00000106013	ANKRD7	1967614
ENSG00000140090	SLC24A4	1967130
ENSG00000115946	PNO1	1967086
ENSG00000117151	CTBS	1966462
ENSG00000128683	GAD1	1964850
ENSG00000104756	KCTD9	1964564
ENSG00000266967	AARSD1	1964098
ENSG00000148335	NTMT1	1962987
ENSG00000168772	CXXC4	1962164
ENSG00000139719	VPS33A	1961846
ENSG00000130826	DKC1	1961468
ENSG00000135446	CDK4	1961353
ENSG00000134077	THUMPD3	1961167
ENSG00000119616	FCF1	1960866
ENSG00000177963	RIC8A	1960847
ENSG00000089818	NECAP1	1960717
ENSG00000177425	PAWR	1960578
ENSG00000269743	SLC25A53	1960498
ENSG00000186918	ZNF395	1960415
ENSG00000136026	CKAP4	1960127
ENSG00000169181	GSG1L	1960073
ENSG00000112031	MTRF1L	1959380
ENSG00000082213	C5orf22	1959277
ENSG00000124659	TBCC	1958956
ENSG00000162645	GBP2	1958613
ENSG00000182326	C1S	1957890
ENSG00000141293	SKAP1	1957761
ENSG00000101400	SNTA1	1957547
ENSG00000111667	USP5	1957489
ENSG00000147168	IL2RG	1956485
ENSG00000099904	ZDHHC8	1956451
ENSG00000154719	MRPL39	1956278
ENSG00000172031	EPHX4	1956192
ENSG00000188706	ZDHHC9	1956058
ENSG00000137193	PIM1	1955723
ENSG00000188033	ZNF490	1955423
ENSG00000117153	KLHL12	1955167
ENSG00000144655	CSRNP1	1955102
ENSG00000119431	HDHD3	1954985
ENSG00000162188	GNG3	1954963
ENSG00000159214	CCDC24	1954234
ENSG00000081138	CDH7	1954095
ENSG00000106397	PLOD3	1953466
ENSG00000188986	NELFB	1953179
ENSG00000197140	ADAM32	1952953
ENSG00000137103	TMEM8B	1952556
ENSG00000084652	TXLNA	1952471
ENSG00000105357	MYH14	1951964
ENSG00000189060	H1-0	1951935
ENSG00000070814	TCOF1	1951878
ENSG00000152056	AP1S3	1951814
ENSG00000171992	SYNPO	1951785
ENSG00000047648	ARHGAP6	1951728
ENSG00000174136	RGMB	1951692
ENSG00000138738	PRDM5	1951402
ENSG00000171608	PIK3CD	1951146
ENSG00000158793	NIT1	1951020
ENSG00000107672	NSMCE4A	1950329
ENSG00000120049	KCNIP2	1949776
ENSG00000167397	VKORC1	1949520
ENSG00000135521	LTV1	1949461
ENSG00000219481	NBPF1	1949365
ENSG00000119446	RBM18	1949110
ENSG00000170903	MSANTD4	1948903
ENSG00000156709	AIFM1	1948383
ENSG00000180008	SOCS4	1948173
ENSG00000114646	CSPG5	1948165
ENSG00000006062	MAP3K14	1947908
ENSG00000136710	CCDC115	1947433
ENSG00000132837	DMGDH	1947323
ENSG00000167528	ZNF641	1946923
ENSG00000173227	SYT12	1946694
ENSG00000165782	PIP4P1	1946654
ENSG00000116128	BCL9	1946393
ENSG00000175467	SART1	1946346
ENSG00000155265	GOLGA7B	1946246
ENSG00000128335	APOL2	1946110
ENSG00000118257	NRP2	1945712
ENSG00000148308	GTF3C5	1945623
ENSG00000182636	NDN	1945438
ENSG00000123131	PRDX4	1945382
ENSG00000104774	MAN2B1	1944883
ENSG00000011332	DPF1	1944228
ENSG00000176018	LYSMD3	1943984
ENSG00000049239	H6PD	1943924
ENSG00000127334	DYRK2	1943552
ENSG00000143514	TP53BP2	1942597
ENSG00000198915	RASGEF1A	1941947
ENSG00000102271	KLHL4	1941735
ENSG00000179051	RCC2	1940996
ENSG00000060718	COL11A1	1940402
ENSG00000105483	CARD8	1940320
ENSG00000171004	HS6ST2	1940296
ENSG00000184500	PROS1	1940163
ENSG00000178149	DALRD3	1940157
ENSG00000274523	RCC1L	1939968
ENSG00000235162	C12orf75	1939141
ENSG00000221926	TRIM16	1938991
ENSG00000046647	GEMIN8	1938941
ENSG00000154813	DPH3	1938587
ENSG00000198440	ZNF583	1938476
ENSG00000204131	NHSL2	1938146
ENSG00000139233	LLPH	1938085
ENSG00000007255	TRAPPC6A	1938021
ENSG00000104722	NEFM	1937653
ENSG00000038210	PI4K2B	1937628
ENSG00000185753	CXorf38	1937282
ENSG00000145022	TCTA	1937196
ENSG00000136877	FPGS	1937194
ENSG00000072506	HSD17B10	1936622
ENSG00000171488	LRRC8C	1936548
ENSG00000133315	MACROD1	1936413
ENSG00000151458	ANKRD50	1935909
ENSG00000187210	GCNT1	1935701
ENSG00000214029	ZNF891	1935563
ENSG00000167693	NXN	1935535
ENSG00000158941	CCAR2	1935440
ENSG00000100106	TRIOBP	1935338
ENSG00000111907	TPD52L1	1935169
ENSG00000089847	ANKRD24	1935065
ENSG00000063176	SPHK2	1934897
ENSG00000198520	ARMH1	1933829
ENSG00000145194	ECE2	1933724
ENSG00000102699	PARP4	1933567
ENSG00000241360	PDXP	1933299
ENSG00000203778	FAM229B	1932983
ENSG00000088992	TESC	1932981
ENSG00000107819	SFXN3	1932913
ENSG00000174233	ADCY6	1932800
ENSG00000129990	SYT5	1932782
ENSG00000127561	SYNGR3	1932721
ENSG00000169682	SPNS1	1932454
ENSG00000130287	NCAN	1932350
ENSG00000143537	ADAM15	1931880
ENSG00000147789	ZNF7	1931708
ENSG00000182240	BACE2	1931171
ENSG00000158717	RNF166	1931006
ENSG00000196214	ZNF766	1930764
ENSG00000168918	INPP5D	1930749
ENSG00000100433	KCNK10	1930714
ENSG00000145088	EAF2	1930568
ENSG00000188211	NCR3LG1	1930545
ENSG00000160201	U2AF1	1930462
ENSG00000001036	FUCA2	1930318
ENSG00000155324	GRAMD2B	1929916
ENSG00000128833	MYO5C	1929448
ENSG00000054277	OPN3	1929281
ENSG00000154548	SRSF12	1929076
ENSG00000156990	RPUSD3	1928975
ENSG00000112144	CILK1	1928918
ENSG00000067646	ZFY	1928498
ENSG00000173451	THAP2	1928478
ENSG00000285713	ENSG00000285713.1	1928238
ENSG00000204920	ZNF155	1928158
ENSG00000134910	STT3A	1927594
ENSG00000188316	ENO4	1926113
ENSG00000197961	ZNF121	1925898
ENSG00000118242	MREG	1925880
ENSG00000167272	POP5	1925755
ENSG00000177432	NAP1L5	1925684
ENSG00000182552	RWDD4	1925596
ENSG00000148459	PDSS1	1925350
ENSG00000101220	ADISSP	1925200
ENSG00000134824	FADS2	1924826
ENSG00000167775	CD320	1924349
ENSG00000126790	L3HYPDH	1923759
ENSG00000106683	LIMK1	1923662
ENSG00000100034	PPM1F	1923635
ENSG00000172349	IL16	1923233
ENSG00000143368	SF3B4	1922988
ENSG00000100897	DCAF11	1922943
ENSG00000116874	WARS2	1922641
ENSG00000211584	SLC48A1	1921424
ENSG00000167566	NCKAP5L	1921306
ENSG00000152104	PTPN14	1921182
ENSG00000185608	MRPL40	1920998
ENSG00000186951	PPARA	1920604
ENSG00000088256	GNA11	1920389
ENSG00000165124	SVEP1	1920382
ENSG00000139508	SLC46A3	1920173
ENSG00000125611	CHCHD5	1920093
ENSG00000173267	SNCG	1919720
ENSG00000063015	SEZ6	1919671
ENSG00000099804	CDC34	1919653
ENSG00000139200	PIANP	1919257
ENSG00000144579	CTDSP1	1919025
ENSG00000142867	BCL10	1918891
ENSG00000117480	FAAH	1918342
ENSG00000095319	NUP188	1918148
ENSG00000100483	VCPKMT	1917636
ENSG00000155034	FBXL18	1916561
ENSG00000150456	EEF1AKMT1	1916320
ENSG00000053372	MRTO4	1916045
ENSG00000204237	OXLD1	1915840
ENSG00000177868	SVBP	1915795
ENSG00000041802	LSG1	1915360
ENSG00000143819	EPHX1	1915228
ENSG00000134597	RBMX2	1915027
ENSG00000142396	ERVK3-1	1914630
ENSG00000092871	RFFL	1914556
ENSG00000153820	SPHKAP	1914316
ENSG00000171135	JAGN1	1914261
ENSG00000070778	PTPN21	1914183
ENSG00000141026	MED9	1913886
ENSG00000043462	LCP2	1913016
ENSG00000179796	LRRC3B	1912873
ENSG00000114473	IQCG	1912870
ENSG00000109832	DDX25	1912869
ENSG00000103316	CRYM	1912684
ENSG00000085415	SEH1L	1912586
ENSG00000185432	METTL7A	1912104
ENSG00000184261	KCNK12	1912068
ENSG00000184557	SOCS3	1911911
ENSG00000006634	DBF4	1911910
ENSG00000104936	DMPK	1911874
ENSG00000112759	SLC29A1	1911854
ENSG00000113356	POLR3G	1911129
ENSG00000172977	KAT5	1910853
ENSG00000176046	NUPR1	1910722
ENSG00000197362	ZNF786	1910628
ENSG00000178573	MAF	1910094
ENSG00000180448	ARHGAP45	1909808
ENSG00000123191	ATP7B	1909682
ENSG00000136158	SPRY2	1909582
ENSG00000084444	FAM234B	1909454
ENSG00000108963	DPH1	1908739
ENSG00000105963	ADAP1	1908029
ENSG00000130830	MPP1	1907607
ENSG00000167578	RAB4B	1907365
ENSG00000130881	LRP3	1906245
ENSG00000167685	ZNF444	1906167
ENSG00000140950	MEAK7	1906163
ENSG00000163818	LZTFL1	1905889
ENSG00000118046	STK11	1905784
ENSG00000155090	KLF10	1905511
ENSG00000110851	PRDM4	1905496
ENSG00000146112	PPP1R18	1905305
ENSG00000241370	RPP21	1904791
ENSG00000242616	GNG10	1904776
ENSG00000119669	IRF2BPL	1904110
ENSG00000112659	CUL9	1904088
ENSG00000197162	ZNF785	1904086
ENSG00000160714	UBE2Q1	1903856
ENSG00000147485	PXDNL	1903848
ENSG00000121680	PEX16	1903373
ENSG00000119383	PTPA	1902000
ENSG00000148229	POLE3	1901388
ENSG00000011007	ELOA	1901023
ENSG00000184144	CNTN2	1900901
ENSG00000140332	TLE3	1900117
ENSG00000217930	PAM16	1900029
ENSG00000116685	KIAA2013	1900013
ENSG00000149809	TM7SF2	1899730
ENSG00000185215	TNFAIP2	1899625
ENSG00000157224	CLDN12	1899052
ENSG00000109099	PMP22	1898635
ENSG00000173327	MAP3K11	1898533
ENSG00000185163	DDX51	1897454
ENSG00000019144	PHLDB1	1896926
ENSG00000105767	CADM4	1896799
ENSG00000148343	MIGA2	1896384
ENSG00000162407	PLPP3	1896009
ENSG00000178531	CTXN1	1895179
ENSG00000106526	ACTR3C	1894829
ENSG00000112357	PEX7	1894218
ENSG00000117479	SLC19A2	1894125
ENSG00000065534	MYLK	1893423
ENSG00000074527	NTN4	1893245
ENSG00000087111	PIGS	1892920
ENSG00000215440	NPEPL1	1892842
ENSG00000085563	ABCB1	1892743
ENSG00000108679	LGALS3BP	1891806
ENSG00000145198	VWA5B2	1891725
ENSG00000177706	FAM20C	1891415
ENSG00000186417	GLDN	1891285
ENSG00000165072	MAMDC2	1890247
ENSG00000079616	KIF22	1889469
ENSG00000163382	NAXE	1888992
ENSG00000147180	ZNF711	1888866
ENSG00000104885	DOT1L	1888521
ENSG00000243646	IL10RB	1888345
ENSG00000100601	ALKBH1	1888097
ENSG00000174652	ZNF266	1887857
ENSG00000186141	POLR3C	1887786
ENSG00000155100	OTUD6B	1887683
ENSG00000013583	HEBP1	1887616
ENSG00000178996	SNX18	1887543
ENSG00000145220	LYAR	1886340
ENSG00000138028	CGREF1	1885772
ENSG00000161642	ZNF385A	1885191
ENSG00000110583	NAA40	1885111
ENSG00000108591	DRG2	1883898
ENSG00000121380	BCL2L14	1883790
ENSG00000228300	FAM174C	1883134
ENSG00000140545	MFGE8	1882337
ENSG00000053438	NNAT	1882011
ENSG00000187608	ISG15	1881902
ENSG00000272602	ZNF595	1880840
ENSG00000155755	TMEM237	1880347
ENSG00000170291	ELP5	1880078
ENSG00000169758	TMEM266	1880008
ENSG00000130733	YIPF2	1880007
ENSG00000163900	TMEM41A	1879896
ENSG00000163297	ANTXR2	1879791
ENSG00000119203	CPSF3	1879500
ENSG00000124370	MCEE	1878485
ENSG00000196387	ZNF140	1878410
ENSG00000099194	SCD	1878112
ENSG00000125520	SLC2A4RG	1877915
ENSG00000174446	SNAPC5	1877028
ENSG00000188404	SELL	1875814
ENSG00000100226	GTPBP1	1875712
ENSG00000197019	SERTAD1	1875485
ENSG00000171793	CTPS1	1875467
ENSG00000172732	MUS81	1875030
ENSG00000182836	PLCXD3	1874845
ENSG00000078967	UBE2D4	1874717
ENSG00000197070	ARRDC1	1873802
ENSG00000169131	ZNF354A	1873192
ENSG00000071889	FAM3A	1873186
ENSG00000117481	NSUN4	1873153
ENSG00000128159	TUBGCP6	1872476
ENSG00000181215	C4orf50	1871563
ENSG00000170340	B3GNT2	1871245
ENSG00000164897	TMUB1	1871219
ENSG00000186416	NKRF	1870885
ENSG00000078596	ITM2A	1870636
ENSG00000197808	ZNF461	1870563
ENSG00000164483	SAMD3	1870548
ENSG00000124171	PARD6B	1870045
ENSG00000117620	SLC35A3	1869987
ENSG00000204427	ABHD16A	1869774
ENSG00000125744	RTN2	1869549
ENSG00000168301	KCTD6	1868386
ENSG00000105849	POLR1F	1868219
ENSG00000100564	PIGH	1867636
ENSG00000125741	OPA3	1867555
ENSG00000112592	TBP	1867496
ENSG00000242802	AP5Z1	1866692
ENSG00000165795	NDRG2	1866244
ENSG00000183337	BCOR	1866035
ENSG00000133640	LRRIQ1	1865491
ENSG00000150510	FAM124A	1865155
ENSG00000164631	ZNF12	1865139
ENSG00000104626	ERI1	1864895
ENSG00000123992	DNPEP	1864854
ENSG00000168569	TMEM223	1864575
ENSG00000095713	CRTAC1	1863406
ENSG00000104356	POP1	1863230
ENSG00000254685	FPGT	1862388
ENSG00000187790	FANCM	1862133
ENSG00000197020	ZNF100	1862046
ENSG00000187535	IFT140	1862015
ENSG00000174799	CEP135	1861603
ENSG00000167286	CD3D	1861513
ENSG00000071655	MBD3	1861338
ENSG00000139725	RHOF	1860671
ENSG00000135454	B4GALNT1	1860614
ENSG00000198876	DCAF12	1860611
ENSG00000153930	ANKFN1	1860129
ENSG00000169439	SDC2	1859687
ENSG00000130517	PGPEP1	1859105
ENSG00000107951	MTPAP	1858439
ENSG00000166105	GLB1L3	1857978
ENSG00000164309	CMYA5	1857864
ENSG00000104497	SNX16	1857246
ENSG00000108551	RASD1	1856815
ENSG00000196263	ZNF471	1856650
ENSG00000204869	IGFL4	1856262
ENSG00000114988	LMAN2L	1856090
ENSG00000185278	ZBTB37	1855719
ENSG00000137814	HAUS2	1855161
ENSG00000184924	PTRHD1	1854632
ENSG00000121864	ZNF639	1854347
ENSG00000124784	RIOK1	1853951
ENSG00000086475	SEPHS1	1853739
ENSG00000182362	YBEY	1853104
ENSG00000103460	TOX3	1852372
ENSG00000198498	TMA16	1852005
ENSG00000102468	HTR2A	1851975
ENSG00000137221	TJAP1	1851649
ENSG00000112038	OPRM1	1851585
ENSG00000167325	RRM1	1851487
ENSG00000163870	TPRA1	1851121
ENSG00000157778	PSMG3	1851064
ENSG00000162390	ACOT11	1849932
ENSG00000151445	VIPAS39	1849886
ENSG00000047230	CTPS2	1849586
ENSG00000139266	MARCHF9	1849096
ENSG00000124782	RREB1	1849069
ENSG00000099822	HCN2	1848825
ENSG00000126254	RBM42	1848725
ENSG00000183317	EPHA10	1848366
ENSG00000090971	NAT14	1848173
ENSG00000100473	COCH	1848146
ENSG00000262655	SPON1	1848062
ENSG00000125848	FLRT3	1847549
ENSG00000084636	COL16A1	1846981
ENSG00000131148	EMC8	1846579
ENSG00000164978	NUDT2	1846532
ENSG00000275832	ARHGAP23	1846293
ENSG00000136010	ALDH1L2	1846161
ENSG00000163220	S100A9	1846118
ENSG00000138642	HERC6	1846035
ENSG00000124762	CDKN1A	1845922
ENSG00000147130	ZMYM3	1845491
ENSG00000197748	CFAP43	1845268
ENSG00000159409	CELF3	1845048
ENSG00000151773	CCDC122	1844997
ENSG00000180155	LYNX1	1844390
ENSG00000145555	MYO10	1844216
ENSG00000127337	YEATS4	1843770
ENSG00000169715	MT1E	1843381
ENSG00000128228	SDF2L1	1843218
ENSG00000186517	ARHGAP30	1843097
ENSG00000134815	DHX34	1842779
ENSG00000011422	PLAUR	1842185
ENSG00000175854	SWI5	1841919
ENSG00000240682	ISY1	1841676
ENSG00000144840	RABL3	1841492
ENSG00000139318	DUSP6	1841248
ENSG00000189042	ZNF567	1841246
ENSG00000221909	FAM200A	1840614
ENSG00000162139	NEU3	1839504
ENSG00000173145	NOC3L	1839309
ENSG00000134809	TIMM10	1838511
ENSG00000135622	SEMA4F	1838453
ENSG00000099814	CEP170B	1837421
ENSG00000172247	C1QTNF4	1837326
ENSG00000187730	GABRD	1837318
ENSG00000081721	DUSP12	1837153
ENSG00000124574	ABCC10	1837009
ENSG00000006468	ETV1	1836877
ENSG00000094880	CDC23	1836776
ENSG00000117266	CDK18	1836254
ENSG00000114739	ACVR2B	1835559
ENSG00000162413	KLHL21	1834977
ENSG00000163346	PBXIP1	1834413
ENSG00000183943	PRKX	1834142
ENSG00000163053	SLC16A14	1834048
ENSG00000139517	LNX2	1833925
ENSG00000181894	ZNF329	1833924
ENSG00000083635	NUFIP1	1833731
ENSG00000137040	RANBP6	1832554
ENSG00000205238	SPDYE2	1832061
ENSG00000122481	RWDD3	1830987
ENSG00000176476	SGF29	1830276
ENSG00000136271	DDX56	1829285
ENSG00000172209	GPR22	1829026
ENSG00000186522	SEPTIN10	1828933
ENSG00000144771	LRTM1	1828913
ENSG00000162512	SDC3	1827999
ENSG00000091409	ITGA6	1827570
ENSG00000129245	FXR2	1827491
ENSG00000141101	NOB1	1827223
ENSG00000081386	ZNF510	1826966
ENSG00000187498	COL4A1	1826596
ENSG00000100296	THOC5	1826504
ENSG00000155275	TRMT44	1826363
ENSG00000176595	KBTBD11	1826278
ENSG00000103160	HSDL1	1824969
ENSG00000119328	ABITRAM	1824780
ENSG00000182481	KPNA2	1824489
ENSG00000103353	UBFD1	1824464
ENSG00000160570	DEDD2	1824079
ENSG00000153551	CMTM7	1823184
ENSG00000162341	TPCN2	1823169
ENSG00000126088	UROD	1822772
ENSG00000198910	L1CAM	1822331
ENSG00000023572	GLRX2	1821905
ENSG00000189171	S100A13	1820806
ENSG00000169598	DFFB	1820791
ENSG00000181220	ZNF746	1820386
ENSG00000183207	RUVBL2	1820193
ENSG00000149927	DOC2A	1820094
ENSG00000065717	TLE2	1819986
ENSG00000008130	NADK	1819904
ENSG00000126461	SCAF1	1819505
ENSG00000176165	FOXG1	1819489
ENSG00000121060	TRIM25	1819276
ENSG00000177225	GATD1	1818780
ENSG00000070761	CFAP20	1818500
ENSG00000105245	NUMBL	1817946
ENSG00000161791	FMNL3	1817635
ENSG00000121104	FAM117A	1817623
ENSG00000161381	PLXDC1	1817610
ENSG00000160072	ATAD3B	1817602
ENSG00000162972	MAIP1	1817591
ENSG00000123560	PLP1	1817346
ENSG00000076201	PTPN23	1816878
ENSG00000105854	PON2	1816410
ENSG00000169752	NRG4	1816410
ENSG00000186222	BLOC1S4	1815979
ENSG00000116954	RRAGC	1815889
ENSG00000258986	TMEM179	1815330
ENSG00000182866	LCK	1814416
ENSG00000172380	GNG12	1813565
ENSG00000176105	YES1	1813134
ENSG00000171451	DSEL	1812985
ENSG00000213123	DYNLT2B	1812928
ENSG00000184470	TXNRD2	1812468
ENSG00000151498	ACAD8	1812319
ENSG00000154065	ANKRD29	1811853
ENSG00000137274	BPHL	1811640
ENSG00000122783	CYREN	1811398
ENSG00000120685	PROSER1	1809725
ENSG00000105516	DBP	1809713
ENSG00000184281	TSSC4	1808651
ENSG00000173442	EHBP1L1	1808258
ENSG00000163807	KIAA1143	1807747
ENSG00000146842	TMEM209	1807447
ENSG00000149575	SCN2B	1807429
ENSG00000121578	B4GALT4	1806857
ENSG00000130244	FAM98C	1806408
ENSG00000186352	ANKRD37	1806143
ENSG00000152990	ADGRA3	1805692
ENSG00000147100	SLC16A2	1805657
ENSG00000146006	LRRTM2	1805450
ENSG00000139044	B4GALNT3	1804819
ENSG00000132313	MRPL35	1804674
ENSG00000116016	EPAS1	1804047
ENSG00000101343	CRNKL1	1803552
ENSG00000114554	PLXNA1	1803129
ENSG00000187902	SHISA7	1802474
ENSG00000162419	GMEB1	1802373
ENSG00000227057	WDR46	1802365
ENSG00000196923	PDLIM7	1801872
ENSG00000105671	DDX49	1801634
ENSG00000108666	C17orf75	1801513
ENSG00000160326	SLC2A6	1801378
ENSG00000038427	VCAN	1801069
ENSG00000178075	GRAMD1C	1800804
ENSG00000197124	ZNF682	1800173
ENSG00000151576	QTRT2	1800130
ENSG00000122512	PMS2	1799499
ENSG00000167363	FN3K	1799154
ENSG00000170322	NFRKB	1798820
ENSG00000167985	SDHAF2	1798303
ENSG00000198131	ZNF544	1797878
ENSG00000108176	DNAJC12	1797231
ENSG00000167645	YIF1B	1796730
ENSG00000223802	CERS1	1796509
ENSG00000285053	ENSG00000285053.1	1796262
ENSG00000162641	AKNAD1	1795628
ENSG00000165389	SPTSSA	1795616
ENSG00000152078	TLCD4	1795481
ENSG00000139679	LPAR6	1795124
ENSG00000091732	ZC3HC1	1794898
ENSG00000158158	CNNM4	1794824
ENSG00000101363	MANBAL	1794501
ENSG00000100003	SEC14L2	1794425
ENSG00000117791	MTARC2	1793784
ENSG00000122694	GLIPR2	1793248
ENSG00000168872	DDX19A	1792510
ENSG00000130347	RTN4IP1	1792286
ENSG00000111145	ELK3	1792142
ENSG00000162714	ZNF496	1791564
ENSG00000179240	GVQW3	1791343
ENSG00000186660	ZFP91	1791228
ENSG00000197852	INKA2	1791155
ENSG00000117461	PIK3R3	1791101
ENSG00000164105	SAP30	1791009
ENSG00000179144	GIMAP7	1790797
ENSG00000115041	KCNIP3	1790381
ENSG00000005844	ITGAL	1790243
ENSG00000118308	IRAG2	1789830
ENSG00000215018	COL28A1	1789149
ENSG00000135838	NPL	1788846
ENSG00000178665	ZNF713	1787659
ENSG00000244187	TMEM141	1786971
ENSG00000013288	MAN2B2	1786849
ENSG00000254004	ZNF260	1786814
ENSG00000136273	HUS1	1786722
ENSG00000183474	GTF2H2C	1786627
ENSG00000167186	COQ7	1786125
ENSG00000154832	CXXC1	1785955
ENSG00000148218	ALAD	1784798
ENSG00000170959	DCDC1	1784751
ENSG00000114491	UMPS	1783565
ENSG00000105287	PRKD2	1782406
ENSG00000249209	ENSG00000249209.2	1782218
ENSG00000196187	TMEM63A	1781401
ENSG00000157601	MX1	1780914
ENSG00000007520	TSR3	1780675
ENSG00000158863	FHIP2B	1779736
ENSG00000135929	CYP27A1	1779678
ENSG00000123411	IKZF4	1778297
ENSG00000068097	HEATR6	1778292
ENSG00000109794	FAM149A	1778121
ENSG00000147655	RSPO2	1777770
ENSG00000100410	PHF5A	1777465
ENSG00000130005	GAMT	1777325
ENSG00000104154	SLC30A4	1777120
ENSG00000131459	GFPT2	1776904
ENSG00000136997	MYC	1776053
ENSG00000136161	RCBTB2	1775944
ENSG00000174243	DDX23	1775584
ENSG00000178852	EFCAB13	1775561
ENSG00000112245	PTP4A1	1775463
ENSG00000097046	CDC7	1775090
ENSG00000064545	TMEM161A	1775039
ENSG00000145979	TBC1D7	1774833
ENSG00000168283	BMI1	1774623
ENSG00000128578	STRIP2	1774503
ENSG00000136816	TOR1B	1774327
ENSG00000108604	SMARCD2	1774246
ENSG00000112218	GPR63	1773765
ENSG00000144736	SHQ1	1773118
ENSG00000158106	RHPN1	1772413
ENSG00000100522	GNPNAT1	1771667
ENSG00000103168	TAF1C	1771432
ENSG00000185000	DGAT1	1771336
ENSG00000165548	TMEM63C	1771318
ENSG00000213658	LAT	1771046
ENSG00000179361	ARID3B	1770884
ENSG00000132254	ARFIP2	1769680
ENSG00000167637	ZNF283	1768679
ENSG00000166478	ZNF143	1768583
ENSG00000110090	CPT1A	1767916
ENSG00000166452	AKIP1	1767592
ENSG00000198728	LDB1	1767132
ENSG00000196074	SYCP2	1766701
ENSG00000170854	RIOX2	1766650
ENSG00000006744	ELAC2	1766622
ENSG00000115461	IGFBP5	1765599
ENSG00000066322	ELOVL1	1765030
ENSG00000178381	ZFAND2A	1764466
ENSG00000141668	CBLN2	1764301
ENSG00000172375	C2CD2L	1764123
ENSG00000111679	PTPN6	1763942
ENSG00000174428	GTF2IRD2B	1763576
ENSG00000079432	CIC	1763398
ENSG00000128626	MRPS12	1762493
ENSG00000119917	IFIT3	1762182
ENSG00000067842	ATP2B3	1761764
ENSG00000188818	ZDHHC11	1761705
ENSG00000269237	ENSG00000269237.1	1761661
ENSG00000118600	RXYLT1	1761616
ENSG00000161243	FBXO27	1761512
ENSG00000101624	CEP76	1761492
ENSG00000189319	FAM53B	1761463
ENSG00000140009	ESR2	1761204
ENSG00000131779	PEX11B	1760969
ENSG00000198925	ATG9A	1760510
ENSG00000123297	TSFM	1759981
ENSG00000134697	GNL2	1759396
ENSG00000131759	RARA	1759102
ENSG00000131188	PRR7	1758997
ENSG00000080603	SRCAP	1758954
ENSG00000240857	RDH14	1758929
ENSG00000149761	NUDT22	1758530
ENSG00000065675	PRKCQ	1757661
ENSG00000181038	METTL23	1757121
ENSG00000169221	TBC1D10B	1755851
ENSG00000104863	LIN7B	1755482
ENSG00000174165	ZDHHC24	1755401
ENSG00000184515	BEX5	1754934
ENSG00000049323	LTBP1	1754892
ENSG00000179029	TMEM107	1753229
ENSG00000070159	PTPN3	1752699
ENSG00000132361	CLUH	1752501
ENSG00000011600	TYROBP	1751991
ENSG00000146909	NOM1	1751709
ENSG00000104043	ATP8B4	1751560
ENSG00000111737	RAB35	1751557
ENSG00000203950	RTL8A	1750702
ENSG00000163694	RBM47	1750576
ENSG00000141933	TPGS1	1750460
ENSG00000175787	ZNF169	1750297
ENSG00000267855	NDUFA7	1750167
ENSG00000172009	THOP1	1750051
ENSG00000101977	MCF2	1749955
ENSG00000089060	SLC8B1	1749876
ENSG00000187522	HSPA14	1749761
ENSG00000247596	TWF2	1749623
ENSG00000204220	PFDN6	1749605
ENSG00000144229	THSD7B	1749128
ENSG00000100413	POLR3H	1748591
ENSG00000132330	SCLY	1748310
ENSG00000135124	P2RX4	1748296
ENSG00000189058	APOD	1748292
ENSG00000177542	SLC25A22	1748200
ENSG00000115963	RND3	1748020
ENSG00000132561	MATN2	1748006
ENSG00000173545	ZNF622	1747938
ENSG00000164818	DNAAF5	1747873
ENSG00000165757	JCAD	1747699
ENSG00000163873	GRIK3	1746582
ENSG00000142686	C1orf216	1746574
ENSG00000205765	RIMOC1	1746157
ENSG00000175264	CHST1	1746139
ENSG00000173762	CD7	1745321
ENSG00000010626	LRRC23	1745154
ENSG00000143811	PYCR2	1745052
ENSG00000141582	CBX4	1744854
ENSG00000198863	RUNDC1	1744796
ENSG00000147874	HAUS6	1744229
ENSG00000243716	NPIPB5	1743654
ENSG00000112640	PPP2R5D	1743116
ENSG00000071575	TRIB2	1742891
ENSG00000152782	PANK1	1742170
ENSG00000214706	IFRD2	1742155
ENSG00000111845	PAK1IP1	1741735
ENSG00000126950	TMEM35A	1741465
ENSG00000171984	SHLD1	1741323
ENSG00000037241	RPL26L1	1740266
ENSG00000197753	LHFPL5	1739964
ENSG00000171928	TVP23B	1739945
ENSG00000149483	TMEM138	1739188
ENSG00000168026	TTC21A	1738999
ENSG00000111554	MDM1	1738980
ENSG00000113456	RAD1	1738948
ENSG00000173559	NABP1	1738401
ENSG00000144659	SLC25A38	1738253
ENSG00000107021	TBC1D13	1738185
ENSG00000100938	GMPR2	1738145
ENSG00000095370	SH2D3C	1738066
ENSG00000143314	MRPL24	1738007
ENSG00000160917	CPSF4	1736965
ENSG00000110047	EHD1	1736826
ENSG00000213928	IRF9	1735521
ENSG00000079215	SLC1A3	1735001
ENSG00000168067	MAP4K2	1734963
ENSG00000120756	PLS1	1734640
ENSG00000179588	ZFPM1	1733982
ENSG00000136826	KLF4	1733963
ENSG00000145604	SKP2	1733470
ENSG00000079313	REXO1	1733152
ENSG00000126391	FRMD8	1732333
ENSG00000137413	TAF8	1732236
ENSG00000116514	RNF19B	1731239
ENSG00000053328	METTL24	1731107
ENSG00000116017	ARID3A	1730634
ENSG00000157693	TMEM268	1730433
ENSG00000112763	BTN2A1	1730246
ENSG00000015285	WAS	1730222
ENSG00000149577	SIDT2	1730111
ENSG00000162976	SLC66A3	1728880
ENSG00000183527	PSMG1	1728626
ENSG00000123360	PDE1B	1728483
ENSG00000182013	PNMA8A	1728285
ENSG00000011083	SLC6A7	1727930
ENSG00000160408	ST6GALNAC6	1726592
ENSG00000169047	IRS1	1726387
ENSG00000160191	PDE9A	1726323
ENSG00000072864	NDE1	1725917
ENSG00000136940	PDCL	1725902
ENSG00000172728	FUT10	1725470
ENSG00000162614	NEXN	1724788
ENSG00000204954	UQCC6	1724772
ENSG00000164068	RNF123	1724632
ENSG00000103037	SETD6	1724467
ENSG00000126583	PRKCG	1724283
ENSG00000130023	ERMARD	1723820
ENSG00000033050	ABCF2	1723819
ENSG00000119723	COQ6	1723732
ENSG00000108423	TUBD1	1723687
ENSG00000065485	PDIA5	1723393
ENSG00000158683	PKD1L1	1723298
ENSG00000007516	BAIAP3	1722871
ENSG00000149131	SERPING1	1722609
ENSG00000174928	C3orf33	1722354
ENSG00000100124	ANKRD54	1722250
ENSG00000184887	BTBD6	1722168
ENSG00000131653	TRAF7	1722075
ENSG00000181396	OGFOD3	1721774
ENSG00000164620	RELL2	1721551
ENSG00000188732	FAM221A	1721535
ENSG00000079335	CDC14A	1720941
ENSG00000008311	AASS	1720774
ENSG00000237190	CDKN2AIPNL	1720603
ENSG00000166822	TMEM170A	1719836
ENSG00000076067	RBMS2	1719265
ENSG00000076944	STXBP2	1719087
ENSG00000136783	NIPSNAP3A	1718964
ENSG00000196247	ZNF107	1718673
ENSG00000164627	KIF6	1718587
ENSG00000165895	ARHGAP42	1718406
ENSG00000112309	B3GAT2	1718289
ENSG00000173599	PC	1717370
ENSG00000135077	HAVCR2	1717164
ENSG00000160712	IL6R	1716999
ENSG00000103042	SLC38A7	1716855
ENSG00000203618	GP1BB	1716847
ENSG00000135324	MRAP2	1716707
ENSG00000177426	TGIF1	1716269
ENSG00000179933	C14orf119	1716064
ENSG00000161981	SNRNP25	1715946
ENSG00000079308	TNS1	1715390
ENSG00000145451	GLRA3	1714985
ENSG00000242220	TCP10L	1714857
ENSG00000089101	CFAP61	1714176
ENSG00000168394	TAP1	1713668
ENSG00000163430	FSTL1	1713468
ENSG00000226742	HSBP1L1	1713176
ENSG00000151849	CENPJ	1713149
ENSG00000171502	COL24A1	1713047
ENSG00000112473	SLC39A7	1712979
ENSG00000174453	VWC2L	1712773
ENSG00000101974	ATP11C	1712757
ENSG00000168899	VAMP5	1712495
ENSG00000213760	ATP6V1G2	1711819
ENSG00000164877	MICALL2	1711787
ENSG00000133107	TRPC4	1711666
ENSG00000166169	POLL	1711584
ENSG00000102302	FGD1	1711261
ENSG00000009830	POMT2	1711054
ENSG00000204070	SYS1	1710580
ENSG00000120913	PDLIM2	1710479
ENSG00000106305	AIMP2	1710446
ENSG00000078549	ADCYAP1R1	1710402
ENSG00000148848	ADAM12	1710281
ENSG00000130479	MAP1S	1710026
ENSG00000197461	PDGFA	1709862
ENSG00000162736	NCSTN	1709735
ENSG00000011009	LYPLA2	1709654
ENSG00000107960	STN1	1709403
ENSG00000129473	BCL2L2	1708936
ENSG00000133028	SCO1	1708849
ENSG00000166250	CLMP	1708219
ENSG00000139718	SETD1B	1708147
ENSG00000129521	EGLN3	1707647
ENSG00000257218	GATC	1707621
ENSG00000065268	WDR18	1707523
ENSG00000198185	ZNF334	1707436
ENSG00000165030	NFIL3	1706725
ENSG00000123737	EXOSC9	1706674
ENSG00000196150	ZNF250	1706580
ENSG00000171606	ZNF274	1706218
ENSG00000120693	SMAD9	1706202
ENSG00000147174	GCNA	1706131
ENSG00000100241	SBF1	1705998
ENSG00000114923	SLC4A3	1705825
ENSG00000085760	MTIF2	1705598
ENSG00000105472	CLEC11A	1705496
ENSG00000107185	RGP1	1704844
ENSG00000187105	HEATR4	1704717
ENSG00000162298	SYVN1	1704489
ENSG00000169991	IFFO2	1704355
ENSG00000185900	POMK	1703997
ENSG00000237651	C2orf74	1703822
ENSG00000117751	PPP1R8	1703385
ENSG00000124191	TOX2	1702975
ENSG00000129250	KIF1C	1702946
ENSG00000118785	SPP1	1702744
ENSG00000125257	ABCC4	1702714
ENSG00000163482	STK36	1702562
ENSG00000103490	PYCARD	1702224
ENSG00000154721	JAM2	1701578
ENSG00000101958	GLRA2	1701076
ENSG00000064012	CASP8	1700996
ENSG00000185022	MAFF	1700900
ENSG00000188739	RBM34	1700587
ENSG00000006194	ZNF263	1699629
ENSG00000105325	FZR1	1698960
ENSG00000140829	DHX38	1697723
ENSG00000188483	IER5L	1697305
ENSG00000149527	PLCH2	1696854
ENSG00000124098	FAM210B	1696809
ENSG00000158062	UBXN11	1696760
ENSG00000135900	MRPL44	1696568
ENSG00000188674	C2orf80	1696426
ENSG00000167987	VPS37C	1696335
ENSG00000155252	PI4K2A	1696117
ENSG00000151702	FLI1	1695723
ENSG00000096070	BRPF3	1695577
ENSG00000173452	TMEM196	1695134
ENSG00000125485	DDX31	1694899
ENSG00000070047	PHRF1	1694562
ENSG00000163219	ARHGAP25	1694377
ENSG00000182108	DEXI	1693835
ENSG00000065183	WDR3	1693672
ENSG00000155749	FLACC1	1693514
ENSG00000166987	MBD6	1693456
ENSG00000099290	WASHC2A	1693110
ENSG00000100395	L3MBTL2	1692925
ENSG00000179344	HLA-DQB1	1692653
ENSG00000126733	DACH2	1692327
ENSG00000064692	SNCAIP	1691980
ENSG00000173264	GPR137	1691675
ENSG00000104267	CA2	1691495
ENSG00000100299	ARSA	1691051
ENSG00000163159	VPS72	1690116
ENSG00000241399	CD302	1689457
ENSG00000111783	RFX4	1689168
ENSG00000135473	PAN2	1689153
ENSG00000147488	ST18	1688915
ENSG00000205090	TMEM240	1688472
ENSG00000167965	MLST8	1688140
ENSG00000182195	LDOC1	1688105
ENSG00000132275	RRP8	1687887
ENSG00000126749	EMG1	1687842
ENSG00000163485	ADORA1	1687719
ENSG00000136108	CKAP2	1687464
ENSG00000133265	HSPBP1	1687415
ENSG00000169871	TRIM56	1687040
ENSG00000146576	INTS15	1686624
ENSG00000198785	GRIN3A	1686570
ENSG00000141391	PRELID3A	1686132
ENSG00000153157	SYCP2L	1685952
ENSG00000161677	JOSD2	1685212
ENSG00000197444	OGDHL	1684596
ENSG00000205423	CNEP1R1	1684555
ENSG00000157368	IL34	1684495
ENSG00000160818	GPATCH4	1684345
ENSG00000141295	SCRN2	1684323
ENSG00000240184	PCDHGC3	1683379
ENSG00000158234	FAIM	1682751
ENSG00000133422	MORC2	1681942
ENSG00000186104	CYP2R1	1681315
ENSG00000125734	GPR108	1681046
ENSG00000142684	ZNF593	1681030
ENSG00000085117	CD82	1680389
ENSG00000115649	CNPPD1	1680329
ENSG00000114812	VIPR1	1680032
ENSG00000178971	CTC1	1678334
ENSG00000183891	TTC32	1678135
ENSG00000148814	LRRC27	1677999
ENSG00000205155	PSENEN	1677368
ENSG00000148300	REXO4	1676465
ENSG00000101384	JAG1	1675790
ENSG00000130202	NECTIN2	1675790
ENSG00000165684	SNAPC4	1675389
ENSG00000163406	SLC15A2	1674732
ENSG00000181072	CHRM2	1674585
ENSG00000250317	SMIM20	1674351
ENSG00000196843	ARID5A	1673937
ENSG00000101265	RASSF2	1673385
ENSG00000100075	SLC25A1	1672686
ENSG00000118960	HS1BP3	1669884
ENSG00000013016	EHD3	1669347
ENSG00000156206	CFAP161	1669260
ENSG00000213722	DDAH2	1669185
ENSG00000116237	ICMT	1668955
ENSG00000117305	HMGCL	1668661
ENSG00000136750	GAD2	1668548
ENSG00000165186	PTCHD1	1668183
ENSG00000170271	FAXDC2	1668162
ENSG00000169016	E2F6	1666818
ENSG00000159111	MRPL10	1666660
ENSG00000147224	PRPS1	1666405
ENSG00000073150	PANX2	1664695
ENSG00000139187	KLRG1	1664153
ENSG00000204308	RNF5	1663112
ENSG00000105708	ZNF14	1662937
ENSG00000197177	ADGRA1	1662639
ENSG00000072682	P4HA2	1661535
ENSG00000164106	SCRG1	1661321
ENSG00000164823	OSGIN2	1661307
ENSG00000132196	HSD17B7	1661302
ENSG00000004777	ARHGAP33	1660945
ENSG00000155307	SAMSN1	1660283
ENSG00000102383	ZDHHC15	1660077
ENSG00000140470	ADAMTS17	1659828
ENSG00000175463	TBC1D10C	1659275
ENSG00000130695	CEP85	1659198
ENSG00000110324	IL10RA	1658998
ENSG00000188603	CLN3	1658636
ENSG00000169019	COMMD8	1658589
ENSG00000140464	PML	1658325
ENSG00000099810	MTAP	1658089
ENSG00000101911	PRPS2	1657734
ENSG00000058804	NDC1	1657133
ENSG00000159674	SPON2	1656696
ENSG00000171943	SRGAP2C	1655895
ENSG00000162616	DNAJB4	1655646
ENSG00000058729	RIOK2	1655282
ENSG00000138658	ZGRF1	1654850
ENSG00000156469	MTERF3	1654838
ENSG00000176624	MEX3C	1654787
ENSG00000089820	ARHGAP4	1654748
ENSG00000106636	YKT6	1654730
ENSG00000115211	EIF2B4	1653559
ENSG00000006283	CACNA1G	1653506
ENSG00000138193	PLCE1	1653337
ENSG00000112378	PERP	1653265
ENSG00000102805	CLN5	1652655
ENSG00000258315	C17orf49	1652609
ENSG00000180116	C12orf40	1652427
ENSG00000140006	WDR89	1652166
ENSG00000103245	CIAO3	1652002
ENSG00000198252	STYX	1651959
ENSG00000242259	C22orf39	1651629
ENSG00000059769	DNAJC25	1651284
ENSG00000075131	TIPIN	1650748
ENSG00000133805	AMPD3	1650659
ENSG00000275342	PRAG1	1650423
ENSG00000133878	DUSP26	1650297
ENSG00000163626	COX18	1649130
ENSG00000146216	TTBK1	1649091
ENSG00000108961	RANGRF	1649087
ENSG00000117385	P3H1	1648890
ENSG00000164610	RP9	1648736
ENSG00000136205	TNS3	1647506
ENSG00000112561	TFEB	1647177
ENSG00000136960	ENPP2	1647091
ENSG00000180917	CMTR2	1647020
ENSG00000153443	UBALD1	1646470
ENSG00000180329	CCDC43	1645921
ENSG00000101353	MROH8	1645425
ENSG00000172432	GTPBP2	1644449
ENSG00000178605	GTPBP6_ENSG00000178605	1644285
ENSG00000177192	PUS1	1644190
ENSG00000156504	PABIR2	1644092
ENSG00000148671	ADIRF	1643248
ENSG00000152380	FAM151B	1643166
ENSG00000116396	KCNC4	1643129
ENSG00000153902	LGI4	1642753
ENSG00000123836	PFKFB2	1642574
ENSG00000084693	AGBL5	1641841
ENSG00000188596	CFAP54	1641607
ENSG00000087152	ATXN7L3	1641575
ENSG00000197056	ZMYM1	1640631
ENSG00000160688	FLAD1	1640546
ENSG00000283154	IQCJ-SCHIP1	1639839
ENSG00000111196	MAGOHB	1638525
ENSG00000107404	DVL1	1638468
ENSG00000010318	PHF7	1637705
ENSG00000189108	IL1RAPL2	1637695
ENSG00000165626	BEND7	1637543
ENSG00000161692	DBF4B	1637530
ENSG00000136297	MMD2	1636770
ENSG00000106290	TAF6	1636606
ENSG00000196639	HRH1	1635801
ENSG00000143622	RIT1	1635770
ENSG00000186862	PDZD7	1635476
ENSG00000143553	SNAPIN	1635326
ENSG00000214753	HNRNPUL2	1634400
ENSG00000109534	GAR1	1634247
ENSG00000131398	KCNC3	1633353
ENSG00000122584	NXPH1	1633298
ENSG00000163002	NUP35	1632944
ENSG00000164946	FREM1	1632612
ENSG00000073050	XRCC1	1632045
ENSG00000174871	CNIH2	1631664
ENSG00000186470	BTN3A2	1631432
ENSG00000175899	A2M	1631249
ENSG00000103005	USB1	1631125
ENSG00000153140	CETN3	1630408
ENSG00000104679	R3HCC1	1630184
ENSG00000076555	ACACB	1629932
ENSG00000181690	PLAG1	1629582
ENSG00000132376	INPP5K	1629463
ENSG00000182700	IGIP	1629110
ENSG00000204267	TAP2	1629049
ENSG00000110046	ATG2A	1629003
ENSG00000213015	ZNF580	1628857
ENSG00000149930	TAOK2	1628368
ENSG00000183077	AFMID	1628057
ENSG00000242028	HYPK	1627308
ENSG00000133460	SLC2A11	1626687
ENSG00000271601	LIX1L	1626210
ENSG00000167306	MYO5B	1625807
ENSG00000088298	EDEM2	1625776
ENSG00000168421	RHOH	1625679
ENSG00000169371	SNUPN	1625583
ENSG00000133985	TTC9	1624669
ENSG00000282278	ENSG00000282278.1	1624584
ENSG00000183092	BEGAIN	1624277
ENSG00000110906	KCTD10	1623678
ENSG00000174405	LIG4	1623341
ENSG00000162496	DHRS3	1623261
ENSG00000083807	SLC27A5	1623113
ENSG00000186174	BCL9L	1622581
ENSG00000168661	ZNF30	1622563
ENSG00000180479	ZNF571	1622336
ENSG00000184436	THAP7	1622047
ENSG00000243667	DNAAF10	1622043
ENSG00000223501	VPS52	1621813
ENSG00000176490	DIRAS1	1621603
ENSG00000134262	AP4B1	1621377
ENSG00000158042	MRPL17	1621342
ENSG00000117280	RAB29	1620988
ENSG00000112343	TRIM38	1620385
ENSG00000119711	ALDH6A1	1620168
ENSG00000154059	IMPACT	1620086
ENSG00000171772	SYCE1	1619650
ENSG00000221838	AP4M1	1619465
ENSG00000125967	NECAB3	1619140
ENSG00000165898	ISCA2	1618571
ENSG00000233757	ZNF892	1618227
ENSG00000100429	HDAC10	1618126
ENSG00000104856	RELB	1617735
ENSG00000172534	HCFC1	1617707
ENSG00000178031	ADAMTSL1	1617452
ENSG00000116151	MORN1	1617265
ENSG00000151876	FBXO4	1616764
ENSG00000172671	ZFAND4	1616448
ENSG00000160972	PPP1R16A	1616412
ENSG00000133574	GIMAP4	1616139
ENSG00000157890	MEGF11	1615911
ENSG00000105229	PIAS4	1615809
ENSG00000174945	AMZ1	1615711
ENSG00000164270	HTR4	1615441
ENSG00000174749	FAM241A	1615298
ENSG00000169490	TM2D2	1615223
ENSG00000147852	VLDLR	1615161
ENSG00000178307	TMEM11	1614928
ENSG00000269190	FBXO17	1614679
ENSG00000152910	CNTNAP4	1614360
ENSG00000121858	TNFSF10	1614301
ENSG00000156453	PCDH1	1614052
ENSG00000256087	ZNF432	1613883
ENSG00000183960	KCNH8	1613512
ENSG00000164117	FBXO8	1613473
ENSG00000126368	NR1D1	1613454
ENSG00000070444	MNT	1612933
ENSG00000196218	RYR1	1612776
ENSG00000019485	PRDM11	1612680
ENSG00000135144	DTX1	1612608
ENSG00000171307	ZDHHC16	1610888
ENSG00000262814	MRPL12	1610819
ENSG00000182253	SYNM	1610281
ENSG00000143374	TARS2	1610114
ENSG00000167721	TSR1	1610005
ENSG00000118307	DNAI7	1609971
ENSG00000051596	THOC3	1609180
ENSG00000144231	POLR2D	1609022
ENSG00000105726	ATP13A1	1608901
ENSG00000163607	GTPBP8	1608639
ENSG00000188725	SMIM15	1608521
ENSG00000273899	NOL12	1608298
ENSG00000167291	TBC1D16	1606935
ENSG00000172889	EGFL7	1606530
ENSG00000162300	ZFPL1	1606473
ENSG00000172336	POP7	1605836
ENSG00000256591	ENSG00000256591.5	1605831
ENSG00000204767	INSYN2B	1605676
ENSG00000169064	ZBBX	1605652
ENSG00000005448	WDR54	1605645
ENSG00000100346	CACNA1I	1604403
ENSG00000186132	C2orf76	1604122
ENSG00000003096	KLHL13	1603614
ENSG00000171450	CDK5R2	1602940
ENSG00000042493	CAPG	1602535
ENSG00000114315	HES1	1601426
ENSG00000160410	SHKBP1	1601328
ENSG00000170293	CMTM8	1599722
ENSG00000130734	ATG4D	1599429
ENSG00000147124	ZNF41	1599327
ENSG00000111412	SPRING1	1599246
ENSG00000158850	B4GALT3	1599227
ENSG00000099715	PCDH11Y	1599103
ENSG00000198624	CCDC69	1598908
ENSG00000130821	SLC6A8	1598738
ENSG00000110171	TRIM3	1598650
ENSG00000136824	SMC2	1598007
ENSG00000178935	ZNF552	1597342
ENSG00000170419	VSTM2A	1597036
ENSG00000273841	TAF9	1596989
ENSG00000090382	LYZ	1596165
ENSG00000277972	CISD3	1595573
ENSG00000188486	H2AX	1595374
ENSG00000124203	ZNF831	1595327
ENSG00000165181	SHOC1	1595306
ENSG00000164930	FZD6	1595151
ENSG00000142765	SYTL1	1595099
ENSG00000106066	CPVL	1594331
ENSG00000168481	LGI3	1594120
ENSG00000196338	NLGN3	1592968
ENSG00000197375	SLC22A5	1592758
ENSG00000123329	ARHGAP9	1592615
ENSG00000164691	TAGAP	1592414
ENSG00000111261	MANSC1	1592404
ENSG00000060069	CTDP1	1592260
ENSG00000122140	MRPS2	1591667
ENSG00000183155	RABIF	1591517
ENSG00000183309	ZNF623	1591175
ENSG00000185250	PPIL6	1590933
ENSG00000164308	ERAP2	1590595
ENSG00000117318	ID3	1590476
ENSG00000147027	TMEM47	1590411
ENSG00000028137	TNFRSF1B	1590144
ENSG00000095397	WHRN	1590062
ENSG00000181315	ZNF322	1590047
ENSG00000006837	CDKL3	1589506
ENSG00000136875	PRPF4	1589094
ENSG00000007402	CACNA2D2	1588797
ENSG00000129255	MPDU1	1588301
ENSG00000055147	FAM114A2	1586748
ENSG00000140854	KATNB1	1586644
ENSG00000156140	ADAMTS3	1586195
ENSG00000168546	GFRA2	1585644
ENSG00000197780	TAF13	1584416
ENSG00000073605	GSDMB	1583224
ENSG00000256525	POLG2	1583035
ENSG00000107175	CREB3	1582774
ENSG00000106144	CASP2	1582618
ENSG00000132164	SLC6A11	1582175
ENSG00000104522	GFUS	1581134
ENSG00000067365	METTL22	1581089
ENSG00000163888	CAMK2N2	1580790
ENSG00000141753	IGFBP4	1580465
ENSG00000092330	TINF2	1579446
ENSG00000063761	ADCK1	1578831
ENSG00000101695	RNF125	1578320
ENSG00000162775	RBM15	1577929
ENSG00000161835	TAMALIN	1577548
ENSG00000197044	ZNF441	1577203
ENSG00000111328	CDK2AP1	1577134
ENSG00000179397	CATSPERE	1577038
ENSG00000148411	NACC2	1576579
ENSG00000240849	PEDS1	1576526
ENSG00000135801	TAF5L	1575707
ENSG00000213672	NCKIPSD	1575648
ENSG00000004975	DVL2	1575517
ENSG00000205336	ADGRG1	1575340
ENSG00000169635	HIC2	1574882
ENSG00000101665	SMAD7	1574434
ENSG00000167842	MIS12	1574142
ENSG00000109881	CCDC34	1574050
ENSG00000187715	KBTBD12	1574015
ENSG00000106789	CORO2A	1573914
ENSG00000177674	AGTRAP	1573575
ENSG00000166002	SMCO4	1573197
ENSG00000162522	KIAA1522	1573154
ENSG00000106477	CEP41	1572952
ENSG00000131475	VPS25	1572942
ENSG00000058799	YIPF1	1572524
ENSG00000142409	ZNF787	1572236
ENSG00000185947	ZNF267	1572100
ENSG00000188322	SBK1	1571430
ENSG00000165716	DIPK1B	1571281
ENSG00000063241	ISOC2	1569997
ENSG00000160214	RRP1	1569853
ENSG00000172888	ZNF621	1569457
ENSG00000132661	NXT1	1569346
ENSG00000141179	PCTP	1569321
ENSG00000172005	MAL	1568846
ENSG00000156381	ANKRD9	1568761
ENSG00000122733	PHF24	1568750
ENSG00000158716	DUSP23	1568478
ENSG00000184949	FAM227A	1567830
ENSG00000071894	CPSF1	1567391
ENSG00000187772	LIN28B	1566502
ENSG00000087269	NOP14	1565417
ENSG00000154914	USP43	1565075
ENSG00000103326	CAPN15	1564963
ENSG00000130349	MTRES1	1563929
ENSG00000160293	VAV2	1563637
ENSG00000112769	LAMA4	1563354
ENSG00000107731	UNC5B	1562508
ENSG00000105971	CAV2	1561958
ENSG00000178695	KCTD12	1561650
ENSG00000123815	COQ8B	1561589
ENSG00000170892	TSEN34	1560858
ENSG00000185340	GAS2L1	1560795
ENSG00000131115	ZNF227	1560716
ENSG00000082684	SEMA5B	1560484
ENSG00000171680	PLEKHG5	1560268
ENSG00000069188	SDK2	1560188
ENSG00000198908	GPRASP3	1560154
ENSG00000185615	PDIA2	1559980
ENSG00000198315	ZKSCAN8	1559412
ENSG00000256053	COA8	1559309
ENSG00000134569	LRP4	1559113
ENSG00000136270	TBRG4	1558770
ENSG00000090539	CHRD	1558764
ENSG00000160539	PLPP7	1558213
ENSG00000113361	CDH6	1558124
ENSG00000113810	SMC4	1558046
ENSG00000068120	COASY	1557948
ENSG00000077713	SLC25A43	1557828
ENSG00000167523	SPATA33	1557315
ENSG00000116824	CD2	1556971
ENSG00000197122	SRC	1556850
ENSG00000180573	H2AC6	1556575
ENSG00000198001	IRAK4	1556381
ENSG00000085644	ZNF213	1556290
ENSG00000138614	INTS14	1556169
ENSG00000066379	POLR1H	1556078
ENSG00000141076	UTP4	1554251
ENSG00000112773	TENT5A	1554109
ENSG00000157379	DHRS1	1553675
ENSG00000158813	EDA	1553379
ENSG00000108370	RGS9	1553012
ENSG00000183520	UTP11	1552633
ENSG00000269556	TMEM185A	1552529
ENSG00000180185	FAHD1	1552402
ENSG00000176597	B3GNT5	1552375
ENSG00000054392	HHAT	1551544
ENSG00000111799	COL12A1	1550686
ENSG00000074966	TXK	1550141
ENSG00000141560	FN3KRP	1549720
ENSG00000154370	TRIM11	1549184
ENSG00000126746	ZNF384	1549141
ENSG00000111341	MGP	1548993
ENSG00000268163	ENSG00000268163.1	1548770
ENSG00000049769	PPP1R3F	1548286
ENSG00000086544	ITPKC	1548075
ENSG00000160741	CRTC2	1547858
ENSG00000198121	LPAR1	1547720
ENSG00000154803	FLCN	1547668
ENSG00000101346	POFUT1	1546847
ENSG00000176401	EID2B	1546027
ENSG00000235453	SMIM27	1545669
ENSG00000285708	ENSG00000285708.1	1545479
ENSG00000122254	HS3ST2	1544983
ENSG00000104825	NFKBIB	1544888
ENSG00000196678	ERI2	1544814
ENSG00000002587	HS3ST1	1544755
ENSG00000100479	POLE2	1544681
ENSG00000171766	GATM	1543879
ENSG00000135678	CPM	1543866
ENSG00000173706	HEG1	1543660
ENSG00000115956	PLEK	1543618
ENSG00000124145	SDC4	1543589
ENSG00000088038	CNOT3	1543448
ENSG00000155530	LRGUK	1543407
ENSG00000156521	TYSND1	1542969
ENSG00000099949	LZTR1	1539913
ENSG00000196873	ZNG1C	1539880
ENSG00000126767	ELK1	1538970
ENSG00000203780	FANK1	1538542
ENSG00000067191	CACNB1	1538379
ENSG00000146828	SLC12A9	1538208
ENSG00000165506	DNAAF2	1537838
ENSG00000138669	PRKG2	1537802
ENSG00000187187	ZNF546	1537776
ENSG00000079999	KEAP1	1537257
ENSG00000146757	ZNF92	1537004
ENSG00000160695	VPS11	1536325
ENSG00000169446	MMGT1	1535839
ENSG00000164023	SGMS2	1535668
ENSG00000152926	ZNF117	1535235
ENSG00000189376	C8orf76	1535044
ENSG00000239697	TNFSF12	1535011
ENSG00000132541	RIDA	1534445
ENSG00000117036	ETV3	1534188
ENSG00000099992	TBC1D10A	1533717
ENSG00000239779	WBP1	1533468
ENSG00000146476	ARMT1	1533315
ENSG00000114790	ARHGEF26	1533152
ENSG00000170473	PYM1	1532854
ENSG00000184489	PTP4A3	1532475
ENSG00000128482	RNF112	1532465
ENSG00000152904	GGPS1	1532381
ENSG00000107816	LZTS2	1532237
ENSG00000114656	CFAP92	1532139
ENSG00000147813	NAPRT	1531610
ENSG00000101444	AHCY	1531377
ENSG00000188234	AGAP4	1531222
ENSG00000165915	SLC39A13	1531170
ENSG00000159753	CARMIL2	1529517
ENSG00000161265	U2AF1L4	1529488
ENSG00000140564	FURIN	1529401
ENSG00000204580	DDR1	1529388
ENSG00000146109	ABT1	1528802
ENSG00000128567	PODXL	1528137
ENSG00000162836	ACP6	1528092
ENSG00000094841	UPRT	1528058
ENSG00000104518	GSDMD	1527353
ENSG00000110042	DTX4	1527203
ENSG00000263874	LASP1NB	1527005
ENSG00000204304	PBX2	1526859
ENSG00000160113	NR2F6	1526429
ENSG00000149781	FERMT3	1526286
ENSG00000137831	UACA	1525894
ENSG00000119523	ALG2	1525240
ENSG00000205838	TTC23L	1524880
ENSG00000142794	NBPF3	1524594
ENSG00000110013	SIAE	1524498
ENSG00000010072	SPRTN	1524275
ENSG00000042813	ZPBP	1524173
ENSG00000116830	TTF2	1523894
ENSG00000189350	TOGARAM2	1523778
ENSG00000132467	UTP3	1523130
ENSG00000184702	SEPTIN5	1522727
ENSG00000079462	PAFAH1B3	1522380
ENSG00000166171	DPCD	1522052
ENSG00000184307	ZDHHC23	1521588
ENSG00000164512	ANKRD55	1521445
ENSG00000244045	TMEM199	1521280
ENSG00000204262	COL5A2	1521258
ENSG00000187840	EIF4EBP1	1521084
ENSG00000178163	ZNF518B	1520499
ENSG00000067445	TRO	1520380
ENSG00000004799	PDK4	1520218
ENSG00000198585	NUDT16	1520158
ENSG00000286190	ENSG00000286190.2	1520056
ENSG00000138629	UBL7	1519724
ENSG00000164674	SYTL3	1519065
ENSG00000109079	TNFAIP1	1517836
ENSG00000134780	DAGLA	1517640
ENSG00000012963	UBR7	1517156
ENSG00000243943	ZNF512	1516991
ENSG00000168778	TCTN2	1516574
ENSG00000132906	CASP9	1516484
ENSG00000116574	RHOU	1516186
ENSG00000149591	TAGLN	1516129
ENSG00000188171	ZNF626	1516072
ENSG00000160785	SLC25A44	1514765
ENSG00000177370	TIMM22	1514682
ENSG00000175895	PLEKHF2	1514277
ENSG00000105355	PLIN3	1514014
ENSG00000188283	ZNF383	1513901
ENSG00000108179	PPIF	1513756
ENSG00000168564	CDKN2AIP	1513689
ENSG00000134531	EMP1	1513632
ENSG00000165175	MID1IP1	1513334
ENSG00000173848	NET1	1513298
ENSG00000128309	MPST	1512727
ENSG00000156858	PRR14	1512674
ENSG00000181264	TLCD5	1512574
ENSG00000151470	C4orf33	1512365
ENSG00000075336	TIMM21	1512301
ENSG00000122642	FKBP9	1512017
ENSG00000141219	C17orf80	1511970
ENSG00000173846	PLK3	1511720
ENSG00000139579	NABP2	1511703
ENSG00000160767	ENTREP3	1511542
ENSG00000168556	ING2	1511478
ENSG00000084092	NOA1	1511266
ENSG00000158792	SPATA2L	1510317
ENSG00000137285	TUBB2B	1510186
ENSG00000188921	HACD4	1510119
ENSG00000067840	PDZD4	1509888
ENSG00000106714	CNTNAP3	1509476
ENSG00000160654	CD3G	1508515
ENSG00000162878	PKDCC	1507992
ENSG00000136404	TM6SF1	1507708
ENSG00000140905	GCSH	1507222
ENSG00000276023	DUSP14	1507211
ENSG00000101166	PRELID3B	1506980
ENSG00000139190	VAMP1	1506744
ENSG00000096080	MRPS18A	1506445
ENSG00000001460	STPG1	1506406
ENSG00000189007	ADAT2	1505930
ENSG00000122390	NAA60	1505875
ENSG00000141526	SLC16A3	1505668
ENSG00000180777	ANKRD30B	1505567
ENSG00000136827	TOR1A	1505549
ENSG00000119408	NEK6	1505448
ENSG00000196968	FUT11	1505210
ENSG00000000460	C1orf112	1505132
ENSG00000127311	HELB	1504785
ENSG00000154080	CHST9	1504498
ENSG00000174744	BRMS1	1504478
ENSG00000137806	NDUFAF1	1504323
ENSG00000258484	SPESP1	1503910
ENSG00000188687	SLC4A5	1503745
ENSG00000188659	SAXO2	1503597
ENSG00000181350	LRRC75A	1503379
ENSG00000117477	CCDC181	1502497
ENSG00000130305	NSUN5	1502432
ENSG00000138821	SLC39A8	1502102
ENSG00000134574	DDB2	1502096
ENSG00000150776	NKAPD1	1501646
ENSG00000160124	MIX23	1501032
ENSG00000023892	DEF6	1500717
ENSG00000149115	TNKS1BP1	1500302
ENSG00000181826	RELL1	1499251
ENSG00000105607	GCDH	1498931
ENSG00000100271	TTLL1	1498513
ENSG00000137857	DUOX1	1498426
ENSG00000175087	PDIK1L	1498354
ENSG00000124749	COL21A1	1497968
ENSG00000128594	LRRC4	1497712
ENSG00000001626	CFTR	1497620
ENSG00000102871	TRADD	1497445
ENSG00000133027	PEMT	1497363
ENSG00000169031	COL4A3	1497336
ENSG00000177548	RABEP2	1497250
ENSG00000164062	APEH	1496945
ENSG00000205903	ZNF316	1496693
ENSG00000166741	NNMT	1496592
ENSG00000163877	SNIP1	1496280
ENSG00000160211	G6PD	1496165
ENSG00000076053	RBM7	1496112
ENSG00000173465	ZNRD2	1495678
ENSG00000171823	FBXL14	1495501
ENSG00000114388	NPRL2	1495280
ENSG00000185483	ROR1	1495069
ENSG00000166788	SAAL1	1494671
ENSG00000077463	SIRT6	1494604
ENSG00000214216	IQCJ	1494508
ENSG00000197766	CFD	1494245
ENSG00000100982	PCIF1	1494104
ENSG00000146263	MMS22L	1494102
ENSG00000144647	POMGNT2	1493799
ENSG00000151640	DPYSL4	1493321
ENSG00000100504	PYGL	1493289
ENSG00000120915	EPHX2	1493064
ENSG00000182986	ZNF320	1492985
ENSG00000113108	APBB3	1492134
ENSG00000187024	PTRH1	1492071
ENSG00000204103	MAFB	1490516
ENSG00000146707	POMZP3	1489661
ENSG00000143061	IGSF3	1489502
ENSG00000163378	EOGT	1489398
ENSG00000144026	ZNF514	1489305
ENSG00000065911	MTHFD2	1489104
ENSG00000105875	WDR91	1488456
ENSG00000111664	GNB3	1488259
ENSG00000255529	POLR2M	1488180
ENSG00000141971	MVB12A	1488060
ENSG00000142046	TMEM91	1487685
ENSG00000171469	ZNF561	1486896
ENSG00000108819	PPP1R9B	1486709
ENSG00000160360	GPSM1	1486669
ENSG00000104044	OCA2	1486381
ENSG00000196189	SEMA4A	1485744
ENSG00000147576	ADHFE1	1485303
ENSG00000213533	STIMATE	1484741
ENSG00000129696	TTI2	1484589
ENSG00000159596	TMEM69	1484529
ENSG00000176444	CLK2	1484362
ENSG00000111231	GPN3	1484274
ENSG00000179292	TMEM151A	1484151
ENSG00000115226	FNDC4	1483225
ENSG00000163462	TRIM46	1482608
ENSG00000135549	PKIB	1482518
ENSG00000113368	LMNB1	1481569
ENSG00000185985	SLITRK2	1481072
ENSG00000165156	ZHX1	1480455
ENSG00000143570	SLC39A1	1479667
ENSG00000183060	LYSMD4	1479349
ENSG00000114841	DNAH1	1478642
ENSG00000170619	COMMD5	1478197
ENSG00000176055	MBLAC2	1477711
ENSG00000128203	ASPHD2	1477628
ENSG00000118096	IFT46	1477432
ENSG00000162813	BPNT1	1477351
ENSG00000204314	PRRT1	1477235
ENSG00000221963	APOL6	1477208
ENSG00000228623	ZNF883	1477193
ENSG00000118514	ALDH8A1	1476952
ENSG00000101190	TCFL5	1476758
ENSG00000162728	KCNJ9	1476615
ENSG00000197785	ATAD3A	1476490
ENSG00000175711	B3GNTL1	1476326
ENSG00000151014	NOCT	1476307
ENSG00000211445	GPX3	1476196
ENSG00000239642	MEIKIN	1476118
ENSG00000080561	MID2	1476106
ENSG00000110063	DCPS	1475957
ENSG00000116809	ZBTB17	1475947
ENSG00000130997	POLN	1475896
ENSG00000103512	NOMO1	1475572
ENSG00000204859	ZBTB48	1475220
ENSG00000128581	IFT22	1474956
ENSG00000169908	TM4SF1	1474523
ENSG00000086827	ZW10	1474277
ENSG00000162981	LRATD1	1474153
ENSG00000198783	ZNF830	1473980
ENSG00000187837	H1-2	1473660
ENSG00000140323	DISP2	1473499
ENSG00000135540	NHSL1	1473489
ENSG00000174307	PHLDA3	1472814
ENSG00000168411	RFWD3	1472593
ENSG00000171700	RGS19	1472176
ENSG00000132382	MYBBP1A	1471941
ENSG00000165092	ALDH1A1	1471829
ENSG00000214160	ALG3	1471479
ENSG00000156711	MAPK13	1470677
ENSG00000188878	FBF1	1469817
ENSG00000175573	C11orf68	1469127
ENSG00000004399	PLXND1	1469018
ENSG00000158869	FCER1G	1468714
ENSG00000115468	EFHD1	1468685
ENSG00000105341	DMAC2	1468538
ENSG00000083857	FAT1	1468521
ENSG00000066923	STAG3	1468453
ENSG00000127526	SLC35E1	1468194
ENSG00000168939	SPRY3	1467979
ENSG00000123395	ATG101	1467386
ENSG00000124251	TP53TG5	1467281
ENSG00000197114	ZGPAT	1466293
ENSG00000101443	WFDC2	1466222
ENSG00000214756	CSKMT	1466003
ENSG00000143546	S100A8	1465414
ENSG00000158286	RNF207	1465206
ENSG00000182749	PAQR7	1464762
ENSG00000138079	SLC3A1	1464663
ENSG00000006712	PAF1	1464346
ENSG00000170537	TMC7	1463573
ENSG00000152382	TADA1	1463254
ENSG00000112651	MRPL2	1462988
ENSG00000254469	XNDC1N	1462396
ENSG00000105171	POP4	1462327
ENSG00000105374	NKG7	1462183
ENSG00000187713	TMEM203	1462004
ENSG00000171865	RNASEH1	1461904
ENSG00000068323	TFE3	1461702
ENSG00000137343	ATAT1	1461517
ENSG00000005100	DHX33	1461329
ENSG00000185019	UBOX5	1460992
ENSG00000235109	ZSCAN31	1460519
ENSG00000198939	ZFP2	1460231
ENSG00000123338	NCKAP1L	1460108
ENSG00000105717	PBX4	1459973
ENSG00000197937	ZNF347	1459722
ENSG00000108828	VAT1	1459354
ENSG00000120896	SORBS3	1459288
ENSG00000184867	ARMCX2	1459194
ENSG00000180071	ANKRD18A	1459116
ENSG00000162144	CYB561A3	1458986
ENSG00000185551	NR2F2	1458764
ENSG00000184216	IRAK1	1458634
ENSG00000173614	NMNAT1	1458366
ENSG00000186230	ZNF749	1458362
ENSG00000160256	SLX9	1458274
ENSG00000130193	THEM6	1457769
ENSG00000155545	MIER3	1457726
ENSG00000091137	SLC26A4	1457538
ENSG00000177951	BET1L	1457162
ENSG00000124120	TTPAL	1457119
ENSG00000068354	TBC1D25	1457037
ENSG00000161920	MED11	1457012
ENSG00000214022	REPIN1	1456962
ENSG00000073350	LLGL2	1456406
ENSG00000006016	CRLF1	1455876
ENSG00000178295	GEN1	1455668
ENSG00000130035	GALNT8	1455624
ENSG00000140406	TLNRD1	1455325
ENSG00000161281	COX7A1	1455000
ENSG00000184110	EIF3C	1454745
ENSG00000078061	ARAF	1454547
ENSG00000132646	PCNA	1454400
ENSG00000177076	ACER2	1454150
ENSG00000101546	RBFA	1454085
ENSG00000111058	ACSS3	1453764
ENSG00000007545	CRAMP1	1453526
ENSG00000171757	LRRC34	1453502
ENSG00000160877	NACC1	1453423
ENSG00000168936	TMEM129	1453361
ENSG00000116213	WRAP73	1452857
ENSG00000104472	CHRAC1	1452831
ENSG00000139146	SINHCAF	1452754
ENSG00000189077	TMEM120A	1452095
ENSG00000173275	ZNF449	1451726
ENSG00000099999	RNF215	1451720
ENSG00000064932	SBNO2	1451605
ENSG00000025434	NR1H3	1451588
ENSG00000203896	LIME1	1450520
ENSG00000105135	ILVBL	1450149
ENSG00000129596	CDO1	1449786
ENSG00000038358	EDC4	1449097
ENSG00000042781	USH2A	1449004
ENSG00000141012	GALNS	1448484
ENSG00000076924	XAB2	1448123
ENSG00000215305	VPS16	1447591
ENSG00000107537	PHYH	1447409
ENSG00000100109	TFIP11	1446123
ENSG00000093072	ADA2	1446091
ENSG00000164056	SPRY1	1445946
ENSG00000173801	JUP	1445847
ENSG00000183258	DDX41	1445802
ENSG00000131951	LRRC9	1445492
ENSG00000213463	SYNJ2BP	1445131
ENSG00000176641	RNF152	1444984
ENSG00000156697	UTP14A	1444800
ENSG00000268350	FAM156A	1444613
ENSG00000167967	E4F1	1444516
ENSG00000142751	GPN2	1444501
ENSG00000140993	TIGD7	1444419
ENSG00000087253	LPCAT2	1444019
ENSG00000138795	LEF1	1443693
ENSG00000162066	AMDHD2	1443633
ENSG00000280987	MATR3_ENSG00000280987	1442813
ENSG00000169692	AGPAT2	1442556
ENSG00000171522	PTGER4	1442339
ENSG00000197976	AKAP17A_ENSG00000197976	1442215
ENSG00000167112	TRUB2	1442078
ENSG00000167315	ACAA2	1441996
ENSG00000017427	IGF1	1441880
ENSG00000166526	ZNF3	1441824
ENSG00000100276	RASL10A	1441740
ENSG00000133069	TMCC2	1441040
ENSG00000102078	SLC25A14	1440823
ENSG00000183111	ARHGEF37	1439856
ENSG00000179965	ZNF771	1439754
ENSG00000119718	EIF2B2	1438717
ENSG00000163930	BAP1	1438608
ENSG00000155729	KCTD18	1438025
ENSG00000154079	SDHAF4	1437734
ENSG00000066336	SPI1	1437497
ENSG00000169241	SLC50A1	1437348
ENSG00000135407	AVIL	1437252
ENSG00000128266	GNAZ	1437172
ENSG00000152784	PRDM8	1436962
ENSG00000126947	ARMCX1	1436754
ENSG00000146090	RASGEF1C	1436638
ENSG00000146733	PSPH	1436401
ENSG00000140320	BAHD1	1436397
ENSG00000136247	ZDHHC4	1436355
ENSG00000277400	ENSG00000277400.1	1436186
ENSG00000117408	IPO13	1436150
ENSG00000155926	SLA	1435834
ENSG00000128918	ALDH1A2	1435291
ENSG00000038295	TLL1	1434818
ENSG00000022976	ZNF839	1434510
ENSG00000145794	MEGF10	1433098
ENSG00000168887	C2orf68	1433092
ENSG00000144824	PHLDB2	1432907
ENSG00000056277	ZNF280C	1432303
ENSG00000178301	AQP11	1432294
ENSG00000145214	DGKQ	1431584
ENSG00000172167	MTBP	1431567
ENSG00000119965	C10orf88	1431525
ENSG00000157349	DDX19B	1431179
ENSG00000131831	RAI2	1431171
ENSG00000138311	ZNF365	1431043
ENSG00000115317	HTRA2	1430556
ENSG00000165661	QSOX2	1430440
ENSG00000089195	TRMT6	1430225
ENSG00000138111	MFSD13A	1429474
ENSG00000205476	CCDC85C	1428437
ENSG00000167535	CACNB3	1427900
ENSG00000198546	ZNF511	1427450
ENSG00000135218	CD36	1427032
ENSG00000132591	ERAL1	1426689
ENSG00000187987	ZSCAN23	1426339
ENSG00000167895	TMC8	1425552
ENSG00000143545	RAB13	1425528
ENSG00000198467	TPM2	1425322
ENSG00000064961	HMG20B	1425045
ENSG00000132635	PCED1A	1424846
ENSG00000158023	CFAP251	1424753
ENSG00000116819	TFAP2E	1424512
ENSG00000057468	MSH4	1424458
ENSG00000116863	ADPRS	1424438
ENSG00000127084	FGD3	1424215
ENSG00000120907	ADRA1A	1424047
ENSG00000124802	EEF1E1	1423275
ENSG00000117676	RPS6KA1	1423235
ENSG00000118197	DDX59	1423228
ENSG00000146950	SHROOM2	1422975
ENSG00000153283	CD96	1422881
ENSG00000105974	CAV1	1422818
ENSG00000171365	CLCN5	1422514
ENSG00000087995	METTL2A	1422352
ENSG00000167264	DUS2	1422275
ENSG00000198682	PAPSS2	1422222
ENSG00000115998	C2orf42	1422057
ENSG00000185803	SLC52A2	1421887
ENSG00000189056	RELN	1421349
ENSG00000196372	ASB13	1421215
ENSG00000150637	CD226	1421108
ENSG00000105643	ARRDC2	1420871
ENSG00000143507	DUSP10	1420275
ENSG00000180875	GREM2	1420095
ENSG00000103507	BCKDK	1419984
ENSG00000185745	IFIT1	1419437
ENSG00000183287	CCBE1	1418674
ENSG00000166311	SMPD1	1418495
ENSG00000171763	SPATA5L1	1417754
ENSG00000074855	ANO8	1416828
ENSG00000112053	SLC26A8	1416635
ENSG00000147400	CETN2	1416387
ENSG00000198502	HLA-DRB5	1416380
ENSG00000204922	UQCC3	1416192
ENSG00000077238	IL4R	1415978
ENSG00000142330	CAPN10	1415920
ENSG00000113296	THBS4	1415916
ENSG00000042286	AIFM2	1415693
ENSG00000152689	RASGRP3	1415631
ENSG00000025770	NCAPH2	1415360
ENSG00000005156	LIG3	1414702
ENSG00000149474	KAT14	1414043
ENSG00000101096	NFATC2	1413693
ENSG00000135069	PSAT1	1412894
ENSG00000117597	UTP25	1412366
ENSG00000168256	NKIRAS2	1411410
ENSG00000091947	TMEM101	1411379
ENSG00000169282	KCNAB1	1411027
ENSG00000136286	MYO1G	1410765
ENSG00000123154	WDR83	1410509
ENSG00000172748	ZNF596	1410419
ENSG00000036448	MYOM2	1409909
ENSG00000166704	ZNF606	1409831
ENSG00000116691	MIIP	1409644
ENSG00000161179	YDJC	1407563
ENSG00000137393	RNF144B	1406661
ENSG00000167123	CERCAM	1406440
ENSG00000161249	DMKN	1406252
ENSG00000164142	FHIP1A	1405923
ENSG00000168298	H1-4	1405282
ENSG00000168286	THAP11	1405215
ENSG00000082781	ITGB5	1405037
ENSG00000174013	FBXO45	1404764
ENSG00000076650	GPATCH1	1404332
ENSG00000120314	WDR55	1404250
ENSG00000109944	JHY	1404161
ENSG00000185404	SP140L	1403948
ENSG00000149292	TTC12	1403657
ENSG00000198429	ZNF69	1403642
ENSG00000145569	OTULINL	1403387
ENSG00000261371	PECAM1	1402780
ENSG00000185115	NSMCE3	1402760
ENSG00000111875	ASF1A	1402356
ENSG00000204344	STK19	1402328
ENSG00000250571	GLI4	1402285
ENSG00000014919	COX15	1402160
ENSG00000132965	ALOX5AP	1402027
ENSG00000112208	BAG2	1401779
ENSG00000198482	ZNF808	1401762
ENSG00000275004	ZNF280B	1401645
ENSG00000196358	NTNG2	1401637
ENSG00000094914	AAAS	1401485
ENSG00000168884	TNIP2	1400919
ENSG00000102390	PBDC1	1400100
ENSG00000212864	RNF208	1399988
ENSG00000135842	NIBAN1	1399343
ENSG00000172057	ORMDL3	1399285
ENSG00000185386	MAPK11	1399132
ENSG00000188153	COL4A5	1399117
ENSG00000070729	CNGB1	1399108
ENSG00000137693	YAP1	1399042
ENSG00000110871	COQ5	1398441
ENSG00000181191	PJA1	1398360
ENSG00000138119	MYOF	1398094
ENSG00000073792	IGF2BP2	1397890
ENSG00000196275	GTF2IRD2	1397787
ENSG00000131043	AAR2	1397624
ENSG00000214530	STARD10	1397436
ENSG00000118508	RAB32	1396904
ENSG00000065308	TRAM2	1396813
ENSG00000109917	ZPR1	1396664
ENSG00000171150	SOCS5	1396057
ENSG00000144233	AMMECR1L	1395670
ENSG00000162894	FCMR	1394418
ENSG00000174151	CYB561D1	1393570
ENSG00000182858	ALG12	1393281
ENSG00000186283	TOR3A	1392508
ENSG00000160229	ZNF66	1392060
ENSG00000138346	DNA2	1391886
ENSG00000166323	C11orf65	1391627
ENSG00000118407	FILIP1	1391520
ENSG00000176927	EFCAB5	1391223
ENSG00000169220	RGS14	1390803
ENSG00000023330	ALAS1	1390177
ENSG00000159314	ARHGAP27	1389670
ENSG00000071564	TCF3	1389561
ENSG00000184584	STING1	1388913
ENSG00000257704	INAFM1	1388396
ENSG00000128564	VGF	1388201
ENSG00000157895	C12orf43	1388181
ENSG00000079435	LIPE	1388148
ENSG00000115539	PDCL3	1388066
ENSG00000169299	PGM2	1387926
ENSG00000165572	KBTBD6	1387737
ENSG00000137337	MDC1	1387305
ENSG00000162302	RPS6KA4	1386908
ENSG00000110719	TCIRG1	1386507
ENSG00000229809	ZNF688	1386497
ENSG00000213281	NRAS	1386448
ENSG00000169621	APLF	1385791
ENSG00000204472	AIF1	1384579
ENSG00000080819	CPOX	1384329
ENSG00000160188	RSPH1	1384135
ENSG00000120662	MTRF1	1383985
ENSG00000166387	PPFIBP2	1383660
ENSG00000117707	PROX1	1383557
ENSG00000153487	ING1	1383349
ENSG00000064102	INTS13	1383294
ENSG00000021300	PLEKHB1	1382601
ENSG00000117308	GALE	1382581
ENSG00000134247	PTGFRN	1382204
ENSG00000151929	BAG3	1382179
ENSG00000129646	QRICH2	1381871
ENSG00000137133	HINT2	1381863
ENSG00000172458	IL17D	1381693
ENSG00000177595	PIDD1	1381492
ENSG00000197037	ZSCAN25	1380656
ENSG00000182372	CLN8	1380653
ENSG00000057657	PRDM1	1380531
ENSG00000010438	PRSS3	1380324
ENSG00000081985	IL12RB2	1379579
ENSG00000148296	SURF6	1379577
ENSG00000163704	PRRT3	1379563
ENSG00000116815	CD58	1379355
ENSG00000197380	DACT3	1378948
ENSG00000213853	EMP2	1378935
ENSG00000127249	ATP13A4	1378927
ENSG00000139291	TMEM19	1378398
ENSG00000121769	FABP3	1378129
ENSG00000110536	PTPMT1	1378057
ENSG00000175267	VWA3A	1377883
ENSG00000155850	SLC26A2	1377856
ENSG00000198157	HMGN5	1377849
ENSG00000157978	LDLRAP1	1377747
ENSG00000198824	CHAMP1	1377338
ENSG00000103150	MLYCD	1377180
ENSG00000164972	C9orf24	1377078
ENSG00000159147	DONSON	1377036
ENSG00000049883	PTCD2	1375844
ENSG00000132386	SERPINF1	1375497
ENSG00000159873	CCDC117	1374953
ENSG00000178338	ZNF354B	1374396
ENSG00000130669	PAK4	1373995
ENSG00000188643	S100A16	1373948
ENSG00000048140	TSPAN17	1373938
ENSG00000266714	MYO15B	1373896
ENSG00000100036	SLC35E4	1373331
ENSG00000164604	GPR85	1372714
ENSG00000185298	CCDC137	1372188
ENSG00000167065	DUSP18	1371822
ENSG00000134245	WNT2B	1371798
ENSG00000161929	SCIMP	1371484
ENSG00000204209	DAXX	1371388
ENSG00000115339	GALNT3	1371325
ENSG00000134317	GRHL1	1371311
ENSG00000140931	CMTM3	1370762
ENSG00000141750	STAC2	1370618
ENSG00000111641	NOP2	1370352
ENSG00000166130	IKBIP	1369844
ENSG00000161999	JMJD8	1369444
ENSG00000138182	KIF20B	1368471
ENSG00000182199	SHMT2	1368285
ENSG00000184999	SLC22A10	1367334
ENSG00000152240	HAUS1	1367005
ENSG00000110811	P3H3	1366610
ENSG00000146122	DAAM2	1366397
ENSG00000198522	GPN1	1366330
ENSG00000198331	HYLS1	1366273
ENSG00000123989	CHPF	1365987
ENSG00000183150	GPR19	1365097
ENSG00000196670	ZFP62	1363066
ENSG00000105376	ICAM5	1362863
ENSG00000105647	PIK3R2	1362801
ENSG00000075188	NUP37	1362151
ENSG00000138073	PREB	1361994
ENSG00000158555	GDPD5	1361263
ENSG00000131979	GCH1	1360166
ENSG00000123353	ORMDL2	1359860
ENSG00000117394	SLC2A1	1359701
ENSG00000179958	DCTPP1	1358152
ENSG00000169085	VXN	1358142
ENSG00000137767	SQOR	1358002
ENSG00000115687	PASK	1357975
ENSG00000178502	KLHL11	1357829
ENSG00000184047	DIABLO	1357828
ENSG00000105639	JAK3	1357752
ENSG00000158796	DEDD	1357629
ENSG00000113838	TBCCD1	1357604
ENSG00000172318	B3GALT1	1357408
ENSG00000110876	SELPLG	1356794
ENSG00000164465	DCBLD1	1356552
ENSG00000079263	SP140	1355802
ENSG00000198133	TMEM229B	1355143
ENSG00000080573	COL5A3	1354943
ENSG00000162817	C1orf115	1354792
ENSG00000134222	PSRC1	1354171
ENSG00000140563	MCTP2	1354083
ENSG00000131061	ZNF341	1352825
ENSG00000130940	CASZ1	1352322
ENSG00000143224	PPOX	1352272
ENSG00000204946	ZNF783	1351701
ENSG00000105619	TFPT	1351529
ENSG00000181027	FKRP	1350869
ENSG00000171295	ZNF440	1350597
ENSG00000111057	KRT18	1350377
ENSG00000148384	INPP5E	1349855
ENSG00000070404	FSTL3	1349850
ENSG00000076826	CAMSAP3	1349751
ENSG00000111344	RASAL1	1348997
ENSG00000180198	RCC1	1348930
ENSG00000162851	TFB2M	1348827
ENSG00000101098	RIMS4	1348697
ENSG00000061337	LZTS1	1347902
ENSG00000006282	SPATA20	1346591
ENSG00000125484	GTF3C4	1346181
ENSG00000165724	ZMYND19	1346074
ENSG00000168679	SLC16A4	1345551
ENSG00000141682	PMAIP1	1344944
ENSG00000099899	TRMT2A	1344845
ENSG00000129347	KRI1	1344652
ENSG00000123415	SMUG1	1343985
ENSG00000165526	RPUSD4	1343738
ENSG00000197879	MYO1C	1343522
ENSG00000112210	RAB23	1343512
ENSG00000178235	SLITRK1	1343139
ENSG00000187630	DHRS4L2	1342407
ENSG00000181381	DDX60L	1342096
ENSG00000133131	MORC4	1341940
ENSG00000176182	MYPOP	1341619
ENSG00000154358	OBSCN	1341592
ENSG00000115353	TACR1	1341291
ENSG00000163806	SPDYA	1340663
ENSG00000271503	CCL5	1340646
ENSG00000147955	SIGMAR1	1340378
ENSG00000050767	COL23A1	1339707
ENSG00000149792	MRPL49	1339322
ENSG00000145723	GIN1	1339137
ENSG00000103966	EHD4	1338877
ENSG00000163932	PRKCD	1338871
ENSG00000018610	STEEP1	1338682
ENSG00000173653	RCE1	1338576
ENSG00000132017	DCAF15	1338519
ENSG00000269858	EGLN2	1337887
ENSG00000138678	GPAT3	1337481
ENSG00000168826	ZBTB49	1337108
ENSG00000161395	PGAP3	1337092
ENSG00000170421	KRT8	1336751
ENSG00000147912	FBXO10	1336721
ENSG00000112655	PTK7	1336602
ENSG00000185291	IL3RA_ENSG00000185291	1336433
ENSG00000165644	COMTD1	1336388
ENSG00000140043	PTGR2	1336297
ENSG00000163517	HDAC11	1335437
ENSG00000243279	PRAF2	1335373
ENSG00000160097	FNDC5	1335061
ENSG00000112365	ZBTB24	1335004
ENSG00000134321	RSAD2	1334579
ENSG00000168309	FAM107A	1334046
ENSG00000081148	IMPG2	1334034
ENSG00000107338	SHB	1333266
ENSG00000144550	CPNE9	1333117
ENSG00000100908	EMC9	1332919
ENSG00000250565	ATP6V1E2	1332907
ENSG00000196159	FAT4	1332515
ENSG00000172315	TP53RK	1332390
ENSG00000162630	B3GALT2	1332215
ENSG00000130818	ZNF426	1331734
ENSG00000059377	TBXAS1	1330379
ENSG00000168314	MOBP	1329453
ENSG00000163507	CIP2A	1329165
ENSG00000165996	HACD1	1328890
ENSG00000116212	LRRC42	1328769
ENSG00000144152	FBLN7	1328352
ENSG00000204498	NFKBIL1	1327135
ENSG00000087266	SH3BP2	1326744
ENSG00000214226	C17orf67	1326581
ENSG00000137752	CASP1	1326444
ENSG00000106462	EZH2	1326269
ENSG00000088876	ZNF343	1325922
ENSG00000175906	ARL4D	1323790
ENSG00000189221	MAOA	1323706
ENSG00000186654	PRR5	1323056
ENSG00000118898	PPL	1322818
ENSG00000268797	ENSG00000268797.1	1322442
ENSG00000132692	BCAN	1322206
ENSG00000158301	GPRASP2	1321993
ENSG00000102977	ACD	1321894
ENSG00000188917	TRMT2B	1321709
ENSG00000183828	NUDT14	1321305
ENSG00000176973	FAM89B	1321287
ENSG00000148225	WDR31	1321013
ENSG00000186866	POFUT2	1320910
ENSG00000099849	RASSF7	1320104
ENSG00000177683	THAP5	1319825
ENSG00000062038	CDH3	1319187
ENSG00000125968	ID1	1319181
ENSG00000198892	SHISA4	1318614
ENSG00000196542	SPTSSB	1318407
ENSG00000119703	ZC2HC1C	1317961
ENSG00000176410	DNAJC30	1317794
ENSG00000184381	PLA2G6	1317753
ENSG00000173621	LRFN4	1317505
ENSG00000130702	LAMA5	1316903
ENSG00000161204	ABCF3	1316837
ENSG00000137720	CFAP68	1316249
ENSG00000102178	UBL4A	1316164
ENSG00000149657	LSM14B	1316007
ENSG00000129538	RNASE1	1315857
ENSG00000156500	PABIR3	1315710
ENSG00000165272	AQP3	1315500
ENSG00000148057	IDNK	1313634
ENSG00000127252	PLAAT1	1313586
ENSG00000142444	TIMM29	1312770
ENSG00000143751	SDE2	1312653
ENSG00000137571	SLCO5A1	1310906
ENSG00000100335	MIEF1	1310863
ENSG00000125630	POLR1B	1310263
ENSG00000141519	CCDC40	1310010
ENSG00000179163	FUCA1	1309855
ENSG00000136518	ACTL6A	1309780
ENSG00000144407	PTH2R	1309220
ENSG00000204397	CARD16	1309130
ENSG00000204560	DHX16	1309112
ENSG00000121410	A1BG	1309048
ENSG00000153071	DAB2	1308936
ENSG00000175356	SCUBE2	1308771
ENSG00000010292	NCAPD2	1308636
ENSG00000132740	IGHMBP2	1308467
ENSG00000171302	CANT1	1308026
ENSG00000110881	ASIC1	1307794
ENSG00000197429	IPP	1307535
ENSG00000165886	UBTD1	1306705
ENSG00000121940	CLCC1	1306238
ENSG00000095383	TBC1D2	1306154
ENSG00000139178	C1RL	1305887
ENSG00000206053	JPT2	1305667
ENSG00000285329	ENSG00000285329.1	1305358
ENSG00000100029	PES1	1305278
ENSG00000065802	ASB1	1305273
ENSG00000157353	FCSK	1305125
ENSG00000116329	OPRD1	1304129
ENSG00000106351	AGFG2	1303913
ENSG00000121281	ADCY7	1303795
ENSG00000132603	NIP7	1303553
ENSG00000105514	RAB3D	1303363
ENSG00000164330	EBF1	1303247
ENSG00000129757	CDKN1C	1303215
ENSG00000198816	ZNF358	1303135
ENSG00000110002	VWA5A	1303023
ENSG00000136867	SLC31A2	1302746
ENSG00000060656	PTPRU	1302703
ENSG00000132436	FIGNL1	1302597
ENSG00000170381	SEMA3E	1302593
ENSG00000168795	ZBTB5	1302528
ENSG00000106330	MOSPD3	1302421
ENSG00000162430	SELENON	1302188
ENSG00000163449	TMEM169	1301574
ENSG00000153208	MERTK	1301166
ENSG00000273540	AGBL1	1300973
ENSG00000171940	ZNF217	1300414
ENSG00000120889	TNFRSF10B	1299384
ENSG00000105327	BBC3	1298571
ENSG00000120253	NUP43	1298227
ENSG00000070371	CLTCL1	1298190
ENSG00000126860	EVI2A	1298152
ENSG00000105497	ZNF175	1297828
ENSG00000239382	ALKBH6	1297659
ENSG00000118322	ATP10B	1296376
ENSG00000077348	EXOSC5	1296273
ENSG00000147592	LACTB2	1296179
ENSG00000092098	RNF31	1295977
ENSG00000126822	PLEKHG3	1295696
ENSG00000146918	NCAPG2	1295514
ENSG00000064703	DDX20	1295248
ENSG00000100304	TTLL12	1294964
ENSG00000251192	ZNF674	1294603
ENSG00000115526	CHST10	1294553
ENSG00000160307	S100B	1294384
ENSG00000120942	UBIAD1	1294308
ENSG00000137563	GGH	1294243
ENSG00000101189	MRGBP	1293953
ENSG00000035664	DAPK2	1293440
ENSG00000114268	PFKFB4	1293371
ENSG00000138166	DUSP5	1293293
ENSG00000147164	SNX12	1293071
ENSG00000176681	LRRC37A	1292886
ENSG00000081041	CXCL2	1292335
ENSG00000177106	EPS8L2	1291774
ENSG00000069869	NEDD4	1291567
ENSG00000214694	ARHGEF33	1291491
ENSG00000185272	RBM11	1290948
ENSG00000183762	KREMEN1	1290830
ENSG00000214193	SH3D21	1290259
ENSG00000057704	TMCC3	1290170
ENSG00000130783	CCDC62	1290120
ENSG00000116670	MAD2L2	1289911
ENSG00000198912	C1orf174	1289750
ENSG00000065054	NHERF2	1289632
ENSG00000102554	KLF5	1289561
ENSG00000107140	TESK1	1289077
ENSG00000196652	ZKSCAN5	1288320
ENSG00000130544	ZNF557	1288280
ENSG00000103111	MON1B	1288106
ENSG00000140939	NOL3	1286836
ENSG00000213445	SIPA1	1286788
ENSG00000144791	LIMD1	1286692
ENSG00000120820	GLT8D2	1285969
ENSG00000184916	JAG2	1285420
ENSG00000076604	TRAF4	1285365
ENSG00000196290	NIF3L1	1285241
ENSG00000166546	BEAN1	1285209
ENSG00000145736	GTF2H2	1284739
ENSG00000135631	RAB11FIP5	1284716
ENSG00000167862	MRPL58	1284646
ENSG00000147509	RGS20	1284553
ENSG00000179841	AKAP5	1284356
ENSG00000114853	ZBTB47	1283975
ENSG00000159899	NPR2	1283936
ENSG00000102096	PIM2	1282920
ENSG00000116885	OSCP1	1282787
ENSG00000167182	SP2	1282645
ENSG00000138606	SHF	1282448
ENSG00000120833	SOCS2	1282137
ENSG00000176014	TUBB6	1281765
ENSG00000196700	ZNF512B	1281552
ENSG00000006453	BAIAP2L1	1281459
ENSG00000172831	CES2	1281410
ENSG00000150782	IL18	1280930
ENSG00000228716	DHFR	1280684
ENSG00000134020	PEBP4	1280619
ENSG00000116922	C1orf109	1280120
ENSG00000111077	TNS2	1279817
ENSG00000088756	ARHGAP28	1279606
ENSG00000198937	CCDC167	1279509
ENSG00000106565	TMEM176B	1279468
ENSG00000187741	FANCA	1279459
ENSG00000144596	GRIP2	1279324
ENSG00000115523	GNLY	1279203
ENSG00000154175	ABI3BP	1278392
ENSG00000213977	TAX1BP3	1278156
ENSG00000122678	POLM	1278111
ENSG00000168243	GNG4	1278077
ENSG00000075461	CACNG4	1277631
ENSG00000168228	ZCCHC4	1276554
ENSG00000125457	MIF4GD	1276437
ENSG00000132819	RBM38	1276222
ENSG00000165025	SYK	1276036
ENSG00000170214	ADRA1B	1275867
ENSG00000090612	ZNF268	1275436
ENSG00000166793	YPEL4	1275396
ENSG00000150361	KLHL1	1274904
ENSG00000187097	ENTPD5	1274682
ENSG00000154642	C21orf91	1274035
ENSG00000110697	PITPNM1	1273803
ENSG00000171448	ZBTB26	1273380
ENSG00000104998	IL27RA	1273058
ENSG00000165633	VSTM4	1272935
ENSG00000161980	POLR3K	1272931
ENSG00000069509	FUNDC1	1272876
ENSG00000172554	SNTG2	1272825
ENSG00000184508	HDDC3	1272581
ENSG00000172331	BPGM	1272533
ENSG00000105486	LIG1	1271915
ENSG00000182752	PAPPA	1271420
ENSG00000103932	RPAP1	1271419
ENSG00000088356	PDRG1	1271112
ENSG00000132530	XAF1	1270221
ENSG00000272398	CD24	1270152
ENSG00000174109	UQCC4	1270137
ENSG00000214063	TSPAN4	1269975
ENSG00000123612	ACVR1C	1269932
ENSG00000134070	IRAK2	1269927
ENSG00000172986	GXYLT2	1269874
ENSG00000135617	PRADC1	1269746
ENSG00000114745	GORASP1	1269325
ENSG00000116703	PDC	1269143
ENSG00000147475	ERLIN2	1268922
ENSG00000162944	RFTN2	1268490
ENSG00000148331	ASB6	1268343
ENSG00000145536	ADAMTS16	1268189
ENSG00000182162	P2RY8_ENSG00000182162	1267750
ENSG00000176396	EID2	1267456
ENSG00000003989	SLC7A2	1267179
ENSG00000135740	SLC9A5	1267032
ENSG00000196990	FAM163B	1267030
ENSG00000172543	CTSW	1266175
ENSG00000101417	PXMP4	1265794
ENSG00000197208	SLC22A4	1265699
ENSG00000140853	NLRC5	1265442
ENSG00000092969	TGFB2	1264818
ENSG00000188827	SLX4	1264625
ENSG00000077150	NFKB2	1264624
ENSG00000272822	ENSG00000272822.2	1264592
ENSG00000148840	PPRC1	1264064
ENSG00000198805	PNP	1264034
ENSG00000123728	RAP2C	1263846
ENSG00000141956	PRDM15	1263808
ENSG00000143891	GALM	1263424
ENSG00000169093	ASMTL_ENSG00000169093	1263054
ENSG00000065361	ERBB3	1262897
ENSG00000135211	TMEM60	1262884
ENSG00000164366	CCDC127	1262100
ENSG00000168393	DTYMK	1261883
ENSG00000119888	EPCAM	1261718
ENSG00000182310	SPACA6	1261081
ENSG00000185015	CA13	1260987
ENSG00000204394	VARS1	1260735
ENSG00000215126	ZNG1F	1259869
ENSG00000185813	PCYT2	1259398
ENSG00000132286	TIMM10B	1259385
ENSG00000008118	CAMK1G	1259230
ENSG00000159871	LYPD5	1258981
ENSG00000173137	ADCK5	1258868
ENSG00000105928	GSDME	1258182
ENSG00000150556	LYPD6B	1257776
ENSG00000143971	ETAA1	1257685
ENSG00000168000	BSCL2	1257516
ENSG00000137880	GCHFR	1257494
ENSG00000198517	MAFK	1257412
ENSG00000125895	TMEM74B	1256206
ENSG00000130775	THEMIS2	1256002
ENSG00000092208	GEMIN2	1255423
ENSG00000100319	ZMAT5	1254816
ENSG00000253368	TRNP1	1254416
ENSG00000235106	BRD3OS	1253862
ENSG00000033011	ALG1	1253286
ENSG00000101844	ATG4A	1252867
ENSG00000142173	COL6A2	1252718
ENSG00000165730	STOX1	1252523
ENSG00000256683	ZNF350	1252330
ENSG00000196458	ZNF605	1252306
ENSG00000073331	ALPK1	1252125
ENSG00000182325	FBXL6	1251705
ENSG00000102349	KLF8	1250660
ENSG00000112855	HARS2	1250643
ENSG00000103356	EARS2	1250626
ENSG00000128694	OSGEPL1	1250291
ENSG00000196139	AKR1C3	1250204
ENSG00000102935	ZNF423	1250072
ENSG00000141034	GID4	1249674
ENSG00000178878	APOLD1	1249437
ENSG00000143363	PRUNE1	1249212
ENSG00000016391	CHDH	1248895
ENSG00000090376	IRAK3	1248851
ENSG00000197714	ZNF460	1248558
ENSG00000070601	FRMPD1	1248327
ENSG00000025772	TOMM34	1248232
ENSG00000177732	SOX12	1248202
ENSG00000065600	PACC1	1248121
ENSG00000170855	TRIAP1	1247782
ENSG00000111725	PRKAB1	1247754
ENSG00000168071	CCDC88B	1247392
ENSG00000106689	LHX2	1247342
ENSG00000181513	ACBD4	1247340
ENSG00000149926	TLCD3B	1247189
ENSG00000266964	FXYD1	1247115
ENSG00000185127	C6orf120	1246380
ENSG00000132423	COQ3	1246355
ENSG00000013725	CD6	1246274
ENSG00000131781	FMO5	1246022
ENSG00000171509	RXFP1	1245553
ENSG00000090339	ICAM1	1245219
ENSG00000064490	RFXANK	1245007
ENSG00000163322	ABRAXAS1	1244947
ENSG00000214827	MTCP1	1244550
ENSG00000161558	TMEM143	1244360
ENSG00000173581	CCDC106	1244052
ENSG00000221821	C6orf226	1243747
ENSG00000167562	ZNF701	1243519
ENSG00000067221	STOML1	1243405
ENSG00000162426	SLC45A1	1241749
ENSG00000172046	USP19	1241511
ENSG00000154493	C10orf90	1241070
ENSG00000178773	CPNE7	1240985
ENSG00000124493	GRM4	1240908
ENSG00000130803	ZNF317	1240843
ENSG00000071967	CYBRD1	1240655
ENSG00000148291	SURF2	1240557
ENSG00000183401	CCDC159	1240074
ENSG00000153094	BCL2L11	1239977
ENSG00000137656	BUD13	1239637
ENSG00000204351	SKIC2	1239631
ENSG00000164576	SAP30L	1238899
ENSG00000214300	SPDYE3	1238680
ENSG00000130958	SLC35D2	1238210
ENSG00000213380	COG8	1238155
ENSG00000164291	ARSK	1237504
ENSG00000078487	ZCWPW1	1235884
ENSG00000100092	SH3BP1	1235535
ENSG00000196646	ZNF136	1235230
ENSG00000198743	SLC5A3	1235120
ENSG00000120647	CCDC77	1234726
ENSG00000149380	P4HA3	1234483
ENSG00000108469	RECQL5	1233861
ENSG00000176974	SHMT1	1233528
ENSG00000174010	KLHL15	1233382
ENSG00000130707	ASS1	1233374
ENSG00000165312	OTUD1	1233094
ENSG00000082482	KCNK2	1232460
ENSG00000175221	MED16	1232041
ENSG00000154930	ACSS1	1231891
ENSG00000140848	CPNE2	1231674
ENSG00000214194	SMIM30	1231673
ENSG00000168802	CHTF8	1231569
ENSG00000152527	PLEKHH2	1231440
ENSG00000164171	ITGA2	1231230
ENSG00000152034	MCHR2	1231227
ENSG00000083812	ZNF324	1230493
ENSG00000154328	NEIL2	1229872
ENSG00000197471	SPN	1229809
ENSG00000189143	CLDN4	1229590
ENSG00000170265	ZNF282	1229496
ENSG00000033100	CHPF2	1229492
ENSG00000165060	FXN	1228585
ENSG00000119969	HELLS	1228407
ENSG00000171155	C1GALT1C1	1227600
ENSG00000175274	TP53I11	1227373
ENSG00000259956	RBM15B	1227010
ENSG00000260456	C16orf95	1226636
ENSG00000166016	ABTB2	1225247
ENSG00000127554	GFER	1224921
ENSG00000138964	PARVG	1224666
ENSG00000167280	ENGASE	1224296
ENSG00000205084	TMEM231	1223764
ENSG00000138185	ENTPD1	1223330
ENSG00000145882	PCYOX1L	1223241
ENSG00000119508	NR4A3	1223000
ENSG00000119777	TMEM214	1222858
ENSG00000165899	OTOGL	1222592
ENSG00000168763	CNNM3	1222422
ENSG00000172164	SNTB1	1222290
ENSG00000197712	FAM114A1	1222177
ENSG00000105676	ARMC6	1221956
ENSG00000085872	CHERP	1221851
ENSG00000111321	LTBR	1221340
ENSG00000186854	TRABD2A	1221002
ENSG00000166508	MCM7	1220710
ENSG00000177084	POLE	1220436
ENSG00000149743	TRPT1	1219771
ENSG00000106258	CYP3A5	1219417
ENSG00000064787	BCAS1	1219278
ENSG00000154222	CC2D1B	1219268
ENSG00000203685	STUM	1218979
ENSG00000176058	TPRN	1218646
ENSG00000015532	XYLT2	1217505
ENSG00000141338	ABCA8	1217231
ENSG00000099381	SETD1A	1217180
ENSG00000146063	TRIM41	1216972
ENSG00000144589	STK11IP	1216911
ENSG00000139438	FAM222A	1216440
ENSG00000230561	CCDC192	1216265
ENSG00000239857	GET4	1216234
ENSG00000134575	ACP2	1215567
ENSG00000138061	CYP1B1	1215512
ENSG00000141506	PIK3R5	1215210
ENSG00000164885	CDK5	1215119
ENSG00000182329	KIAA2012	1215090
ENSG00000118496	FBXO30	1214840
ENSG00000133065	SLC41A1	1214495
ENSG00000188916	INSYN2A	1214381
ENSG00000183684	ALYREF	1213989
ENSG00000123096	SSPN	1213749
ENSG00000166140	ZFYVE19	1213486
ENSG00000121335	PRB2	1213252
ENSG00000215475	SIAH3	1213166
ENSG00000110723	EXPH5	1212328
ENSG00000172673	THEMIS	1212316
ENSG00000176894	PXMP2	1211994
ENSG00000136546	SCN7A	1211815
ENSG00000055955	ITIH4	1211333
ENSG00000141510	TP53	1211272
ENSG00000031081	ARHGAP31	1211090
ENSG00000073008	PVR	1211014
ENSG00000155858	LSM11	1210775
ENSG00000277258	PCGF2	1210558
ENSG00000115457	IGFBP2	1210491
ENSG00000157911	PEX10	1210346
ENSG00000121871	SLITRK3	1210319
ENSG00000119862	LGALSL	1210121
ENSG00000119280	C1orf198	1209749
ENSG00000156398	SFXN2	1209486
ENSG00000261678	SCRT1	1209464
ENSG00000204482	LST1	1209291
ENSG00000053747	LAMA3	1208695
ENSG00000247315	ZCCHC3	1208383
ENSG00000159792	PSKH1	1208360
ENSG00000083093	PALB2	1208052
ENSG00000111186	WNT5B	1207724
ENSG00000182518	FAM104B	1206587
ENSG00000081479	LRP2	1206476
ENSG00000173334	TRIB1	1206190
ENSG00000198934	MAGEE1	1205984
ENSG00000166886	NAB2	1205730
ENSG00000086730	LAT2	1205709
ENSG00000099364	FBXL19	1205674
ENSG00000006327	TNFRSF12A	1205618
ENSG00000070759	TESK2	1205454
ENSG00000267645	ENSG00000267645.5	1205363
ENSG00000164898	FMC1	1205051
ENSG00000204438	GPANK1	1205034
ENSG00000189045	ANKDD1B	1204637
ENSG00000128973	CLN6	1203993
ENSG00000198680	TUSC1	1203707
ENSG00000178802	MPI	1203324
ENSG00000197774	EME2	1202807
ENSG00000179083	FAM133A	1202096
ENSG00000100926	TM9SF1	1201750
ENSG00000204740	MALRD1	1201518
ENSG00000176108	CHMP6	1201311
ENSG00000172007	RAB33B	1200641
ENSG00000161682	FAM171A2	1200450
ENSG00000280789	PAGR1	1200411
ENSG00000136206	SPDYE1	1200307
ENSG00000034533	ASTE1	1200268
ENSG00000278535	DHRS11	1199778
ENSG00000221923	ZNF880	1199644
ENSG00000130032	PRRG3	1199313
ENSG00000127191	TRAF2	1199221
ENSG00000197540	GZMM	1199215
ENSG00000011465	DCN	1198717
ENSG00000163689	CFAP20DC	1198679
ENSG00000168646	AXIN2	1198644
ENSG00000176845	METRNL	1198522
ENSG00000102043	MTMR8	1198374
ENSG00000130508	PXDN	1197968
ENSG00000138835	RGS3	1197464
ENSG00000184984	CHRM5	1196887
ENSG00000101216	GMEB2	1196688
ENSG00000110921	MVK	1196588
ENSG00000060140	STYK1	1196497
ENSG00000143248	RGS5	1196341
ENSG00000160439	RDH13	1196238
ENSG00000249992	TMEM158	1195964
ENSG00000184619	KRBA2	1195877
ENSG00000165948	IFI27L1	1195730
ENSG00000167377	ZNF23	1195505
ENSG00000262919	CCNQ	1195262
ENSG00000112799	LY86	1194552
ENSG00000147443	DOK2	1194196
ENSG00000132702	HAPLN2	1194159
ENSG00000198551	ZNF627	1193128
ENSG00000162733	DDR2	1192828
ENSG00000133250	ZNF414	1192664
ENSG00000158769	F11R	1192602
ENSG00000163933	RFT1	1191987
ENSG00000198692	EIF1AY	1191419
ENSG00000083444	PLOD1	1191353
ENSG00000108622	ICAM2	1191195
ENSG00000159784	FAM131B	1190705
ENSG00000131730	CKMT2	1190630
ENSG00000100726	TELO2	1190624
ENSG00000012048	BRCA1	1190138
ENSG00000167543	TP53I13	1189799
ENSG00000088451	TGDS	1189222
ENSG00000117411	B4GALT2	1189025
ENSG00000055118	KCNH2	1188775
ENSG00000099821	POLRMT	1188468
ENSG00000142039	CCDC97	1188152
ENSG00000160691	SHC1	1188131
ENSG00000040608	RTN4R	1187954
ENSG00000003436	TFPI	1187903
ENSG00000123700	KCNJ2	1187293
ENSG00000248098	BCKDHA	1187142
ENSG00000162777	DENND2D	1186350
ENSG00000171357	LURAP1	1185695
ENSG00000206535	LNP1	1185552
ENSG00000172731	LRRC20	1184475
ENSG00000145623	OSMR	1183681
ENSG00000167136	ENDOG	1183582
ENSG00000138376	BARD1	1183436
ENSG00000196689	TRPV1	1183265
ENSG00000170222	ADPRM	1182855
ENSG00000125869	LAMP5	1182461
ENSG00000245680	ZNF585B	1182227
ENSG00000158517	NCF1	1181977
ENSG00000077984	CST7	1181912
ENSG00000115657	ABCB6	1181455
ENSG00000117525	F3_ENSG00000117525	1181377
ENSG00000115194	SLC30A3	1181126
ENSG00000158122	PRXL2C	1181110
ENSG00000158008	EXTL1	1180713
ENSG00000133135	RNF128	1180647
ENSG00000105976	MET	1180577
ENSG00000142871	CCN1	1180309
ENSG00000122122	SASH3	1180308
ENSG00000160993	ALKBH4	1180167
ENSG00000146587	RBAK	1179454
ENSG00000143858	SYT2	1178945
ENSG00000261236	BOP1	1178126
ENSG00000167604	NFKBID	1178068
ENSG00000138696	BMPR1B	1177785
ENSG00000172469	MANEA	1177639
ENSG00000116183	PAPPA2	1177634
ENSG00000188315	C3orf62	1177568
ENSG00000153563	CD8A	1177515
ENSG00000145824	CXCL14	1177373
ENSG00000197168	NEK5	1177263
ENSG00000131724	IL13RA1	1177237
ENSG00000196449	YRDC	1177112
ENSG00000134627	PIWIL4	1177098
ENSG00000172594	SMPDL3A	1176802
ENSG00000056487	PHF21B	1176090
ENSG00000125352	RNF113A	1175939
ENSG00000139350	NEDD1	1175811
ENSG00000115085	ZAP70	1175182
ENSG00000110492	MDK	1174879
ENSG00000071909	MYO3B	1174612
ENSG00000120370	GORAB	1174385
ENSG00000185800	DMWD	1174256
ENSG00000103066	PLA2G15	1173425
ENSG00000161638	ITGA5	1173214
ENSG00000232859	LYRM9	1172735
ENSG00000124333	VAMP7_ENSG00000124333	1172714
ENSG00000152580	IGSF10	1172673
ENSG00000062370	ZNF112	1171869
ENSG00000170962	PDGFD	1171696
ENSG00000166801	FAM111A	1171514
ENSG00000178538	CA8	1170844
ENSG00000197062	ZSCAN26	1170754
ENSG00000171443	ZNF524	1170663
ENSG00000155363	MOV10	1170543
ENSG00000130810	PPAN	1170324
ENSG00000103248	MTHFSD	1169488
ENSG00000115661	STK16	1169320
ENSG00000179862	CITED4	1169197
ENSG00000101811	CSTF2	1168497
ENSG00000143552	NUP210L	1168418
ENSG00000160062	ZBTB8A	1168301
ENSG00000213965	NUDT19	1168011
ENSG00000092036	HAUS4	1167922
ENSG00000005238	ATOSB	1167666
ENSG00000170775	GPR37	1167271
ENSG00000158773	USF1	1166943
ENSG00000178966	RMI1	1166853
ENSG00000169508	GPR183	1165996
ENSG00000205309	NT5M	1165455
ENSG00000131462	TUBG1	1165104
ENSG00000164039	BDH2	1164909
ENSG00000184428	TOP1MT	1164749
ENSG00000144857	BOC	1164734
ENSG00000011201	ANOS1	1164698
ENSG00000165028	NIPSNAP3B	1164517
ENSG00000109576	AADAT	1163987
ENSG00000137411	VARS2	1163966
ENSG00000068438	FTSJ1	1163882
ENSG00000100462	PRMT5	1163723
ENSG00000135912	TTLL4	1163650
ENSG00000115568	ZNF142	1163459
ENSG00000133740	E2F5	1163282
ENSG00000141540	TTYH2	1163219
ENSG00000100884	CPNE6	1162930
ENSG00000169507	SLC38A11	1162821
ENSG00000164037	SLC9B1	1162247
ENSG00000076248	UNG	1161505
ENSG00000122986	HVCN1	1161205
ENSG00000140488	CELF6	1161111
ENSG00000172201	ID4	1160148
ENSG00000120509	PDZD11	1159650
ENSG00000020633	RUNX3	1159587
ENSG00000130717	UCK1	1159326
ENSG00000169213	RAB3B	1159044
ENSG00000171224	FAM241B	1158733
ENSG00000156876	SASS6	1158350
ENSG00000184517	ZFP1	1157042
ENSG00000097096	SYDE2	1156342
ENSG00000164344	KLKB1	1156234
ENSG00000174607	UGT8	1156190
ENSG00000066583	ISOC1	1156163
ENSG00000091831	ESR1	1155938
ENSG00000154099	DNAAF1	1155349
ENSG00000179455	MKRN3	1155181
ENSG00000101843	PSMD10	1155061
ENSG00000129925	PGAP6	1154618
ENSG00000106236	NPTX2	1154512
ENSG00000182600	SNORC	1154093
ENSG00000197405	C5AR1	1153804
ENSG00000138867	GUCD1	1153797
ENSG00000180979	LRRC57	1152813
ENSG00000065970	FOXJ2	1152429
ENSG00000171016	PYGO1	1151992
ENSG00000102230	PCYT1B	1151706
ENSG00000165168	CYBB	1151432
ENSG00000171345	KRT19	1150814
ENSG00000140022	STON2	1150380
ENSG00000112874	NUDT12	1149942
ENSG00000204071	TCEAL6	1149810
ENSG00000172687	ZNF738	1149793
ENSG00000092529	CAPN3	1148722
ENSG00000186300	ZNF555	1148578
ENSG00000197410	DCHS2	1147570
ENSG00000137168	PPIL1	1147084
ENSG00000179604	CDC42EP4	1146856
ENSG00000130766	SESN2	1146701
ENSG00000105699	LSR	1146561
ENSG00000271383	NBPF19	1146141
ENSG00000161405	IKZF3	1145978
ENSG00000091073	DTX2	1145733
ENSG00000154040	CABYR	1145635
ENSG00000164237	CMBL	1145613
ENSG00000168758	SEMA4C	1145493
ENSG00000064989	CALCRL	1144886
ENSG00000130299	GTPBP3	1144476
ENSG00000160323	ADAMTS13	1144257
ENSG00000156049	GNA14	1144228
ENSG00000130147	SH3BP4	1143679
ENSG00000141349	G6PC3	1143633
ENSG00000135362	PRR5L	1143479
ENSG00000196660	SLC30A10	1143331
ENSG00000122012	SV2C	1143216
ENSG00000136856	SLC2A8	1142925
ENSG00000129932	DOHH	1142889
ENSG00000090432	MUL1	1142609
ENSG00000010610	CD4	1142526
ENSG00000143303	METTL25B	1142235
ENSG00000135424	ITGA7	1141873
ENSG00000135423	GLS2	1141700
ENSG00000270629	NBPF14	1141690
ENSG00000137726	FXYD6	1141575
ENSG00000137801	THBS1	1141511
ENSG00000115556	PLCD4	1141468
ENSG00000173890	GPR160	1141031
ENSG00000150433	TMEM218	1140475
ENSG00000141428	C18orf21	1139261
ENSG00000159714	ZDHHC1	1139034
ENSG00000105556	MIER2	1138576
ENSG00000197826	CFAP299	1138117
ENSG00000160055	TMEM234	1137633
ENSG00000010219	DYRK4	1137073
ENSG00000109321	AREG	1137041
ENSG00000099282	TSPAN15	1136940
ENSG00000153064	BANK1	1136523
ENSG00000135414	GDF11	1136322
ENSG00000087116	ADAMTS2	1136276
ENSG00000138449	SLC40A1	1135950
ENSG00000132846	ZBED3	1135784
ENSG00000102221	JADE3	1135539
ENSG00000160796	NBEAL2	1134232
ENSG00000213203	GIMAP1	1134172
ENSG00000102445	RUBCNL	1133905
ENSG00000177469	CAVIN1	1133860
ENSG00000183665	TRMT12	1133769
ENSG00000168961	LGALS9	1133351
ENSG00000136048	DRAM1	1133116
ENSG00000254093	PINX1_ENSG00000254093	1132849
ENSG00000184292	TACSTD2	1132722
ENSG00000170092	SPDYE5	1132023
ENSG00000027847	B4GALT7	1131981
ENSG00000143067	ZNF697	1131960
ENSG00000166343	MSS51	1131878
ENSG00000176531	PHLDB3	1131591
ENSG00000119782	FKBP1B	1131493
ENSG00000188010	MORN2	1131200
ENSG00000126062	TMEM115	1130843
ENSG00000102393	GLA	1130589
ENSG00000178896	EXOSC4	1130567
ENSG00000136866	ZFP37	1130562
ENSG00000225526	MKRN2OS	1130548
ENSG00000065457	ADAT1	1130514
ENSG00000140830	TXNL4B	1130001
ENSG00000163435	ELF3	1129543
ENSG00000161956	SENP3	1129222
ENSG00000197928	ZNF677	1129195
ENSG00000204149	AGAP6	1128932
ENSG00000170917	NUDT6	1127777
ENSG00000124613	ZNF391	1127531
ENSG00000131931	THAP1	1127152
ENSG00000103154	NECAB2	1126948
ENSG00000125871	MGME1	1126698
ENSG00000130713	EXOSC2	1126639
ENSG00000122367	LDB3	1126526
ENSG00000131386	GALNT15	1126401
ENSG00000111445	RFC5	1126070
ENSG00000102934	PLLP	1126031
ENSG00000137825	ITPKA	1125867
ENSG00000113721	PDGFRB	1125105
ENSG00000129535	NRL	1124916
ENSG00000170270	GON7	1124767
ENSG00000164879	CA3	1124764
ENSG00000123975	CKS2	1124349
ENSG00000181649	PHLDA2	1124320
ENSG00000183785	TUBA8	1124117
ENSG00000164125	GASK1B	1123663
ENSG00000160226	CFAP410	1123646
ENSG00000173207	CKS1B	1123520
ENSG00000077943	ITGA8	1122570
ENSG00000204947	ZNF425	1122348
ENSG00000167962	ZNF598	1122346
ENSG00000105281	SLC1A5	1121790
ENSG00000139405	RITA1	1121557
ENSG00000169231	THBS3	1121385
ENSG00000111846	GCNT2	1121114
ENSG00000173011	TADA2B	1121036
ENSG00000283977	ENSG00000283977.1	1120853
ENSG00000117115	PADI2	1120670
ENSG00000177051	FBXO46	1120175
ENSG00000109113	RAB34	1119261
ENSG00000144410	CPO	1118895
ENSG00000146285	SCML4	1118447
ENSG00000182175	RGMA	1118252
ENSG00000130649	CYP2E1	1117409
ENSG00000136098	NEK3	1117397
ENSG00000185669	SNAI3	1117327
ENSG00000175040	CHST2	1117275
ENSG00000197841	ZNF181	1116888
ENSG00000000938	FGR	1116552
ENSG00000259494	MRPL46	1116542
ENSG00000146242	TPBG	1116216
ENSG00000141040	ZNF287	1116069
ENSG00000138496	PARP9	1116049
ENSG00000142549	IGLON5	1115861
ENSG00000196967	ZNF585A	1115485
ENSG00000121417	ZNF211	1115144
ENSG00000112183	RBM24	1115101
ENSG00000276045	ORAI1	1114985
ENSG00000120341	SEC16B	1114784
ENSG00000145014	TMEM44	1114528
ENSG00000120696	KBTBD7	1113965
ENSG00000130827	PLXNA3	1113843
ENSG00000198464	ZNF480	1113722
ENSG00000095321	CRAT	1113616
ENSG00000125817	CENPB	1113245
ENSG00000124374	PAIP2B	1112990
ENSG00000176087	SLC35A4	1112932
ENSG00000096696	DSP	1112815
ENSG00000168495	POLR3D	1112464
ENSG00000101928	MOSPD1	1112440
ENSG00000126458	RRAS	1112292
ENSG00000197782	ZNF780A	1112215
ENSG00000104228	TRIM35	1112079
ENSG00000204311	PJVK	1111978
ENSG00000158220	ESYT3	1111925
ENSG00000119927	GPAM	1110627
ENSG00000115380	EFEMP1	1109589
ENSG00000205138	SDHAF1	1109399
ENSG00000188130	MAPK12	1108464
ENSG00000109618	SEPSECS	1108140
ENSG00000126561	STAT5A	1108091
ENSG00000197619	ZNF615	1107967
ENSG00000160282	FTCD	1107829
ENSG00000213462	ERV3-1	1107353
ENSG00000198554	WDHD1	1107103
ENSG00000090554	FLT3LG	1106834
ENSG00000179195	ZNF664	1106770
ENSG00000103335	PIEZO1	1106036
ENSG00000141665	FBXO15	1105943
ENSG00000180900	SCRIB	1105942
ENSG00000091138	SLC26A3	1105915
ENSG00000087076	HSD17B14	1105522
ENSG00000105464	GRIN2D	1105463
ENSG00000138074	SLC5A6	1105251
ENSG00000112658	SRF	1104917
ENSG00000099260	PALMD	1104377
ENSG00000173085	COQ2	1104321
ENSG00000163638	ADAMTS9	1104056
ENSG00000099330	OCEL1	1103511
ENSG00000013392	RWDD2A	1103127
ENSG00000112599	GUCA1B	1103011
ENSG00000113263	ITK	1102808
ENSG00000162600	OMA1	1102474
ENSG00000113812	ACTR8	1102357
ENSG00000134242	PTPN22	1102153
ENSG00000141994	DUS3L	1101865
ENSG00000234616	JRK	1101821
ENSG00000164638	SLC29A4	1101572
ENSG00000197980	LEKR1	1101092
ENSG00000116132	PRRX1	1100985
ENSG00000173171	MTX1	1099874
ENSG00000185674	LYG2	1099361
ENSG00000138623	SEMA7A	1099234
ENSG00000143434	SEMA6C	1098911
ENSG00000133247	KMT5C	1098725
ENSG00000139651	ZNF740	1097360
ENSG00000101138	CSTF1	1097020
ENSG00000146005	PSD2	1096566
ENSG00000172113	NME6	1095197
ENSG00000244005	NFS1	1095043
ENSG00000166278	C2_ENSG00000166278	1094991
ENSG00000167641	PPP1R14A	1094730
ENSG00000103199	ZNF500	1094645
ENSG00000004961	HCCS	1094321
ENSG00000172602	RND1	1093873
ENSG00000178922	HYI	1093598
ENSG00000001167	NFYA	1093193
ENSG00000269699	ZIM2	1093162
ENSG00000181019	NQO1	1092583
ENSG00000230453	ANKRD18B	1091294
ENSG00000123609	NMI	1091139
ENSG00000163348	PYGO2	1090702
ENSG00000181915	ADO	1090580
ENSG00000165424	ZCCHC24	1090209
ENSG00000163481	RNF25	1090078
ENSG00000140450	ARRDC4	1089510
ENSG00000105122	RASAL3	1089333
ENSG00000167995	BEST1	1088650
ENSG00000140092	FBLN5	1088614
ENSG00000161921	CXCL16	1087990
ENSG00000166881	NEMP1	1086515
ENSG00000198933	TBKBP1	1086002
ENSG00000129226	CD68	1085827
ENSG00000171962	DRC3	1085756
ENSG00000183814	LIN9	1085732
ENSG00000175426	PCSK1	1085194
ENSG00000069399	BCL3	1085159
ENSG00000140263	SORD	1085019
ENSG00000151838	CCDC175	1084958
ENSG00000101442	ACTR5	1084514
ENSG00000170100	ZNF778	1083987
ENSG00000196110	ZNF699	1083926
ENSG00000048162	NOP16	1083788
ENSG00000143387	CTSK	1083531
ENSG00000068137	PLEKHH3	1083487
ENSG00000168135	KCNJ4	1083159
ENSG00000127666	TICAM1	1082868
ENSG00000254470	AP5B1	1082621
ENSG00000105248	YJU2	1081735
ENSG00000130988	RGN	1081700
ENSG00000163827	LRRC2	1081556
ENSG00000100060	MFNG	1081414
ENSG00000163874	ZC3H12A	1081276
ENSG00000137070	IL11RA	1081161
ENSG00000049192	ADAMTS6	1081155
ENSG00000115828	QPCT	1081138
ENSG00000203877	RIPPLY2	1080829
ENSG00000006042	TMEM98	1080680
ENSG00000171621	SPSB1	1080189
ENSG00000196453	ZNF777	1079882
ENSG00000162227	TAF6L	1079699
ENSG00000125775	SDCBP2	1079200
ENSG00000189157	FAM47E	1079004
ENSG00000104866	PPP1R37	1078856
ENSG00000124104	SNX21	1078470
ENSG00000104884	ERCC2	1078096
ENSG00000105612	DNASE2	1078078
ENSG00000204219	TCEA3	1077884
ENSG00000081842	PCDHA6	1077566
ENSG00000158270	COLEC12	1077478
ENSG00000133895	MEN1	1076993
ENSG00000198719	DLL1	1076968
ENSG00000042445	RETSAT	1076748
ENSG00000198300	PEG3	1076629
ENSG00000114395	CYB561D2	1075961
ENSG00000178917	ZNF852	1075247
ENSG00000168282	MGAT2	1075225
ENSG00000138587	MNS1	1075224
ENSG00000120088	CRHR1	1075140
ENSG00000197275	RAD54B	1075084
ENSG00000174611	KY	1075069
ENSG00000138685	FGF2	1075037
ENSG00000042980	ADAM28	1074902
ENSG00000074370	ATP2A3	1074746
ENSG00000103021	CCDC113	1074410
ENSG00000160803	UBQLN4	1073688
ENSG00000114738	MAPKAPK3	1073263
ENSG00000155754	C2CD6	1072899
ENSG00000111796	KLRB1	1072594
ENSG00000172346	CSDC2	1072584
ENSG00000122432	SPATA1	1072024
ENSG00000167700	MFSD3	1071376
ENSG00000143147	GPR161	1071269
ENSG00000137841	PLCB2	1070780
ENSG00000213762	ZNF134	1070368
ENSG00000169427	KCNK9	1070210
ENSG00000141858	SAMD1	1069664
ENSG00000038002	AGA	1069628
ENSG00000185437	SH3BGR	1069466
ENSG00000197763	TXNRD3	1069375
ENSG00000164050	PLXNB1	1068908
ENSG00000136830	NIBAN2	1068662
ENSG00000248485	PCP4L1	1068274
ENSG00000156795	NTAQ1	1068109
ENSG00000168913	ENHO	1068107
ENSG00000162073	PAQR4	1067712
ENSG00000099625	CBARP	1067478
ENSG00000082126	MPP4	1067321
ENSG00000177108	ZDHHC22	1067186
ENSG00000162241	SLC25A45	1067159
ENSG00000164675	IQUB	1066833
ENSG00000116525	TRIM62	1066489
ENSG00000133106	EPSTI1	1066364
ENSG00000175344	CHRNA7	1066303
ENSG00000204524	ZNF805	1066263
ENSG00000169242	EFNA1	1066187
ENSG00000154864	PIEZO2	1066139
ENSG00000198286	CARD11	1065504
ENSG00000152760	DYNLT5	1065219
ENSG00000161544	CYGB	1064752
ENSG00000145020	AMT	1064663
ENSG00000049541	RFC2	1064156
ENSG00000054967	RELT	1064142
ENSG00000160193	WDR4	1063906
ENSG00000172840	PDP2	1063703
ENSG00000143851	PTPN7	1063585
ENSG00000168263	KCNV2	1063464
ENSG00000213024	NUP62	1063162
ENSG00000167977	KCTD5	1063051
ENSG00000166924	NYAP1	1062797
ENSG00000107611	CUBN	1060909
ENSG00000101605	MYOM1	1060891
ENSG00000008300	CELSR3	1060577
ENSG00000151093	OXSM	1060362
ENSG00000187134	AKR1C1	1060195
ENSG00000173068	BNC2	1059563
ENSG00000165271	NOL6	1059410
ENSG00000167779	IGFBP6	1059284
ENSG00000163820	FYCO1	1058904
ENSG00000143333	RGS16	1058088
ENSG00000105204	DYRK1B	1057627
ENSG00000138794	CASP6	1057615
ENSG00000084774	CAD	1057576
ENSG00000242866	STRC	1057514
ENSG00000153391	INO80C	1057423
ENSG00000085831	TTC39A	1057273
ENSG00000116205	TCEANC2	1057233
ENSG00000196132	MYT1	1057022
ENSG00000205413	SAMD9	1056942
ENSG00000151651	ADAM8	1056465
ENSG00000198042	MAK16	1056289
ENSG00000109066	TMEM104	1055781
ENSG00000141696	P3H4	1055654
ENSG00000007062	PROM1	1055512
ENSG00000113070	HBEGF	1055309
ENSG00000181896	ZNF101	1054968
ENSG00000122687	MRM2	1054880
ENSG00000119401	TRIM32	1053891
ENSG00000178685	PARP10	1053679
ENSG00000179673	RPRML	1053504
ENSG00000180113	TDRD6	1053225
ENSG00000150457	LATS2	1053066
ENSG00000064655	EYA2	1052789
ENSG00000186907	RTN4RL2	1052700
ENSG00000101222	SPEF1	1052288
ENSG00000170458	CD14	1052044
ENSG00000041988	THAP3	1051449
ENSG00000088881	EBF4	1051405
ENSG00000188566	NDOR1	1051375
ENSG00000176928	GCNT4	1051324
ENSG00000142798	HSPG2	1051283
ENSG00000137672	TRPC6	1050820
ENSG00000131652	THOC6	1050109
ENSG00000165568	AKR1E2	1047651
ENSG00000127951	FGL2	1047487
ENSG00000187824	TMEM220	1047070
ENSG00000149636	DSN1	1046940
ENSG00000169981	ZNF35	1046779
ENSG00000140025	EFCAB11	1046707
ENSG00000089250	NOS1	1046628
ENSG00000124107	SLPI	1046485
ENSG00000012779	ALOX5	1046056
ENSG00000239264	TXNDC5	1046009
ENSG00000101335	MYL9	1045859
ENSG00000181472	ZBTB2	1045313
ENSG00000079257	LXN	1045055
ENSG00000196739	COL27A1	1044872
ENSG00000054803	CBLN4	1044716
ENSG00000159231	CBR3	1044527
ENSG00000115290	GRB14	1044144
ENSG00000112118	MCM3	1043150
ENSG00000185252	ZNF74	1043130
ENSG00000105642	KCNN1	1043088
ENSG00000144199	FAHD2B	1042961
ENSG00000197016	ZNF470	1042941
ENSG00000169750	RAC3	1042014
ENSG00000137218	FRS3	1041878
ENSG00000136099	PCDH8	1041493
ENSG00000140326	CDAN1	1041346
ENSG00000096654	ZNF184	1041058
ENSG00000221994	ZNF630	1040611
ENSG00000176945	MUC20	1040598
ENSG00000152229	PSTPIP2	1040575
ENSG00000254986	DPP3	1040424
ENSG00000135763	URB2	1040376
ENSG00000135318	NT5E	1039929
ENSG00000103995	CEP152	1039469
ENSG00000020181	ADGRA2	1039462
ENSG00000204348	DXO	1038909
ENSG00000106077	ABHD11	1038520
ENSG00000285942	ENSG00000285942.1	1038487
ENSG00000172269	DPAGT1	1038369
ENSG00000281593	ENSG00000281593.1	1037878
ENSG00000160404	TOR2A	1037181
ENSG00000152778	IFIT5	1036564
ENSG00000178445	GLDC	1036555
ENSG00000182218	HHIPL1	1036459
ENSG00000145649	GZMA	1036443
ENSG00000177042	TMEM80	1036191
ENSG00000149090	PAMR1	1035518
ENSG00000109501	WFS1	1035460
ENSG00000151012	SLC7A11	1035317
ENSG00000105143	SLC1A6	1034801
ENSG00000177675	CD163L1	1034591
ENSG00000104976	SNAPC2	1034509
ENSG00000198056	PRIM1	1034370
ENSG00000188001	TPRG1	1033743
ENSG00000185414	MRPL30	1033599
ENSG00000026103	FAS	1033554
ENSG00000039068	CDH1	1033279
ENSG00000161847	RAVER1	1032935
ENSG00000155962	CLIC2	1032707
ENSG00000156050	FAM161B	1032649
ENSG00000165197	VEGFD	1032596
ENSG00000160446	ZDHHC12	1032427
ENSG00000100055	CYTH4	1032202
ENSG00000230358	SPDYE21	1032066
ENSG00000198894	CIPC	1031942
ENSG00000107796	ACTA2	1031685
ENSG00000166965	RCCD1	1031646
ENSG00000106991	ENG	1031430
ENSG00000183032	SLC25A21	1031384
ENSG00000106638	TBL2	1031375
ENSG00000196071	OR2L13	1031308
ENSG00000158480	SPATA2	1031014
ENSG00000180667	YOD1	1030920
ENSG00000085276	MECOM	1030097
ENSG00000125637	PSD4	1030032
ENSG00000171532	NEUROD2	1029940
ENSG00000138741	TRPC3	1028992
ENSG00000122756	CNTFR	1028758
ENSG00000185507	IRF7	1028627
ENSG00000026950	BTN3A1	1028551
ENSG00000177613	CSTF2T	1028485
ENSG00000146038	DCDC2	1028344
ENSG00000013810	TACC3	1028037
ENSG00000183778	B3GALT5	1027900
ENSG00000164794	KCNV1	1027831
ENSG00000185567	AHNAK2	1027290
ENSG00000213023	SYT3	1026592
ENSG00000204179	PTPN20	1026293
ENSG00000126003	PLAGL2	1026268
ENSG00000152137	HSPB8	1026099
ENSG00000131044	TTLL9	1026007
ENSG00000129911	KLF16	1025540
ENSG00000100441	KHNYN	1025338
ENSG00000100038	TOP3B	1025337
ENSG00000011638	LDAF1	1025250
ENSG00000126106	TMEM53	1025101
ENSG00000104691	UBXN8	1025088
ENSG00000162542	TMCO4	1024955
ENSG00000169429	CXCL8	1024859
ENSG00000242574	HLA-DMB	1024612
ENSG00000157593	SLC35B2	1024435
ENSG00000101187	SLCO4A1	1023800
ENSG00000182134	TDRKH	1023631
ENSG00000131788	PIAS3	1023496
ENSG00000172893	DHCR7	1023298
ENSG00000167100	SAMD14	1023166
ENSG00000141968	VAV1	1022819
ENSG00000100949	RABGGTA	1022323
ENSG00000105617	LENG1	1022266
ENSG00000175766	EIF4E1B	1022002
ENSG00000006025	OSBPL7	1021205
ENSG00000175137	SH3BP5L	1021174
ENSG00000170260	ZNF212	1021045
ENSG00000057294	PKP2	1020893
ENSG00000092929	UNC13D	1020441
ENSG00000039139	DNAH5	1020129
ENSG00000163684	RPP14	1019650
ENSG00000175183	CSRP2	1019605
ENSG00000100285	NEFH	1019437
ENSG00000174669	SLC29A2	1019347
ENSG00000107485	GATA3	1019274
ENSG00000214367	HAUS3	1019117
ENSG00000163285	GABRG1	1018979
ENSG00000040633	PHF23	1018763
ENSG00000065057	NTHL1	1018663
ENSG00000165949	IFI27	1018205
ENSG00000175970	UNC119B	1018205
ENSG00000129667	RHBDF2	1017640
ENSG00000152455	SUV39H2	1017632
ENSG00000196391	ZNF774	1017446
ENSG00000078804	TP53INP2	1017305
ENSG00000160593	JAML	1017231
ENSG00000187838	PLSCR3	1016628
ENSG00000164938	TP53INP1	1016601
ENSG00000168077	SCARA3	1016522
ENSG00000155629	PIK3AP1	1016237
ENSG00000011426	ANLN	1015954
ENSG00000258366	RTEL1	1015795
ENSG00000183853	KIRREL1	1015720
ENSG00000074621	SLC24A1	1015108
ENSG00000180425	C11orf71	1014882
ENSG00000139865	TTC6	1014867
ENSG00000116761	CTH	1014088
ENSG00000160284	SPATC1L	1013956
ENSG00000158352	SHROOM4	1013729
ENSG00000197566	ZNF624	1013606
ENSG00000087085	ACHE	1013357
ENSG00000185090	MANEAL	1013118
ENSG00000099338	CATSPERG	1012856
ENSG00000169083	AR	1012834
ENSG00000170631	ZNF16	1012717
ENSG00000145863	GABRA6	1012343
ENSG00000164077	MON1A	1012281
ENSG00000157429	ZNF19	1011942
ENSG00000197136	PCNX3	1011437
ENSG00000119986	AVPI1	1011404
ENSG00000059378	PARP12	1010853
ENSG00000125812	GZF1	1010844
ENSG00000102796	DHRS12	1010823
ENSG00000285837	ENSG00000285837.1	1010711
ENSG00000102312	PORCN	1010686
ENSG00000103196	CRISPLD2	1010631
ENSG00000047617	ANO2	1010471
ENSG00000154957	ZNF18	1009722
ENSG00000176438	SYNE3	1009367
ENSG00000050344	NFE2L3	1009360
ENSG00000152284	TCF7L1	1009323
ENSG00000185838	GNB1L	1008272
ENSG00000188738	FSIP2	1008077
ENSG00000151287	TEX30	1007690
ENSG00000127863	TNFRSF19	1007636
ENSG00000170364	SETMAR	1007504
ENSG00000151892	GFRA1	1007492
ENSG00000204065	TCEAL5	1007469
ENSG00000150051	MKX	1007131
ENSG00000116455	WDR77	1006727
ENSG00000136463	TACO1	1006572
ENSG00000065320	NTN1	1006309
ENSG00000002919	SNX11	1006042
ENSG00000113734	BNIP1	1005223
ENSG00000187950	OVCH1	1004985
ENSG00000213782	DDX47	1004317
ENSG00000009724	MASP2	1004313
ENSG00000139193	CD27	1004312
ENSG00000215041	NEURL4	1004151
ENSG00000204822	MRPL53	1003403
ENSG00000213337	ANKRD39	1002421
ENSG00000168938	PPIC	1002305
ENSG00000135469	COQ10A	1002116
ENSG00000099866	MADCAM1	1001931
ENSG00000198932	GPRASP1	1001915
ENSG00000184445	KNTC1	1001741
ENSG00000185361	TNFAIP8L1	1001552
ENSG00000165409	TSHR	1001370
ENSG00000198917	SPOUT1	1000516
ENSG00000146834	MEPCE	1000435
ENSG00000162999	DUSP19	1000392
ENSG00000169258	GPRIN1	1000362
ENSG00000078237	TIGAR	1000214
ENSG00000188585	CLEC20A	999523
ENSG00000117010	ZNF684	998909
ENSG00000204536	CCHCR1	998876
ENSG00000116791	CRYZ	998796
ENSG00000007376	RPUSD1	998784
ENSG00000153721	CNKSR3	998540
ENSG00000068079	IFI35	997432
ENSG00000132975	GPR12	997432
ENSG00000164949	GEM	997006
ENSG00000269343	ZNF587B	996705
ENSG00000167716	WDR81	996504
ENSG00000100104	SRRD	996469
ENSG00000183091	NEB	996365
ENSG00000240891	PLCXD2	996331
ENSG00000188157	AGRN	996269
ENSG00000106268	NUDT1	996009
ENSG00000159915	ZNF233	995986
ENSG00000131771	PPP1R1B	995776
ENSG00000076706	MCAM	995719
ENSG00000124440	HIF3A	995546
ENSG00000126107	HECTD3	995541
ENSG00000165458	INPPL1	995529
ENSG00000141401	IMPA2	995416
ENSG00000124608	AARS2	994270
ENSG00000171067	C11orf24	994214
ENSG00000162951	LRRTM1	994070
ENSG00000167984	NLRC3	993713
ENSG00000100292	HMOX1	993687
ENSG00000130222	GADD45G	993680
ENSG00000181218	H2AC25	993418
ENSG00000187479	C11orf96	992396
ENSG00000101180	HRH3	992320
ENSG00000108947	EFNB3	992193
ENSG00000181754	AMIGO1	991912
ENSG00000149480	MTA2	991816
ENSG00000099889	ARVCF	991177
ENSG00000132801	ZSWIM3	990721
ENSG00000165801	ARHGEF40	990383
ENSG00000112167	SAYSD1	990310
ENSG00000141569	TRIM65	989239
ENSG00000170049	KCNAB3	989147
ENSG00000141873	SLC39A3	989103
ENSG00000204624	DISP3	988816
ENSG00000144120	TMEM177	987762
ENSG00000157881	PANK4	987655
ENSG00000158815	FGF17	987381
ENSG00000135697	BCO1	987379
ENSG00000167733	HSD11B1L	986986
ENSG00000154589	LY96	986856
ENSG00000144591	GMPPA	986267
ENSG00000214140	PRCD	985958
ENSG00000177125	ZBTB34	985849
ENSG00000104738	MCM4	985830
ENSG00000140543	DET1	985741
ENSG00000123500	COL10A1	985614
ENSG00000149489	ROM1	985406
ENSG00000014138	POLA2	985228
ENSG00000196417	ZNF765	984775
ENSG00000133739	LRRCC1	984631
ENSG00000244509	APOBEC3C	984336
ENSG00000164123	C4orf45	983781
ENSG00000106100	NOD1	983712
ENSG00000235961	PNMA6A	983711
ENSG00000166261	ZNF202	983485
ENSG00000100105	PATZ1	983243
ENSG00000044090	CUL7	983170
ENSG00000239713	APOBEC3G	982965
ENSG00000136159	NUDT15	982944
ENSG00000101997	CCDC22	982818
ENSG00000173705	SUSD5	982359
ENSG00000206190	ATP10A	981976
ENSG00000121005	CRISPLD1	981796
ENSG00000167601	AXL	981471
ENSG00000108592	FTSJ3	980763
ENSG00000263002	ZNF234	980348
ENSG00000125730	C3_ENSG00000125730	980121
ENSG00000169129	AFAP1L2	979810
ENSG00000078795	PKD2L2	979741
ENSG00000105889	STEAP1B	979565
ENSG00000189046	ALKBH2	979452
ENSG00000163577	EIF5A2	979437
ENSG00000125910	S1PR4	979415
ENSG00000182255	KCNA4	979350
ENSG00000114698	PLSCR4	979303
ENSG00000125398	SOX9	979145
ENSG00000110057	UNC93B1	979040
ENSG00000197635	DPP4	978635
ENSG00000147246	HTR2C	978568
ENSG00000079931	MOXD1	978101
ENSG00000177628	GBA1	978004
ENSG00000123444	KBTBD4	977915
ENSG00000135363	LMO2	977837
ENSG00000146411	SLC2A12	977248
ENSG00000128283	CDC42EP1	976978
ENSG00000081052	COL4A4	976250
ENSG00000135480	KRT7	976170
ENSG00000132256	TRIM5	976120
ENSG00000188649	CC2D2B	976055
ENSG00000182010	RTKN2	975903
ENSG00000112319	EYA4	975885
ENSG00000161800	RACGAP1	975674
ENSG00000187678	SPRY4	975640
ENSG00000162735	PEX19	975397
ENSG00000159403	C1R	975353
ENSG00000132003	ZSWIM4	974837
ENSG00000108932	SLC16A6	974819
ENSG00000156239	N6AMT1	974372
ENSG00000011478	QPCTL	974135
ENSG00000259431	THTPA	974094
ENSG00000160396	HIPK4	973993
ENSG00000278129	ZNF8	973984
ENSG00000156689	GLYATL2	973929
ENSG00000184634	MED12	973866
ENSG00000100577	GSTZ1	972558
ENSG00000180035	ZNF48	972138
ENSG00000164967	RPP25L	971599
ENSG00000149499	EML3	971323
ENSG00000159055	MIS18A	971283
ENSG00000172987	HPSE2	971081
ENSG00000110660	SLC35F2	971012
ENSG00000183655	KLHL25	970884
ENSG00000130529	TRPM4	970360
ENSG00000134013	LOXL2	970055
ENSG00000117593	DARS2	969135
ENSG00000148400	NOTCH1	968907
ENSG00000164776	PHKG1	968835
ENSG00000171126	KCNG3	968670
ENSG00000178184	PARD6G	968529
ENSG00000170385	SLC30A1	967677
ENSG00000169184	MN1	967003
ENSG00000103089	FA2H	966822
ENSG00000142609	CFAP74	965937
ENSG00000011132	APBA3	965690
ENSG00000067177	PHKA1	965537
ENSG00000186787	SPIN2B	965528
ENSG00000109927	TECTA	965123
ENSG00000121900	TMEM54	964879
ENSG00000288701	PRRC2B	964681
ENSG00000180834	MAP6D1	964417
ENSG00000117228	GBP1	964251
ENSG00000101104	PABPC1L	964196
ENSG00000088053	GP6	963829
ENSG00000115594	IL1R1	963700
ENSG00000151062	CACNA2D4	963474
ENSG00000197249	SERPINA1	963320
ENSG00000102218	RP2	962903
ENSG00000175376	EIF1AD	962804
ENSG00000205085	GARIN1A	962603
ENSG00000092621	PHGDH	962349
ENSG00000170037	CNTROB	962163
ENSG00000166145	SPINT1	962119
ENSG00000185504	FAAP100	961317
ENSG00000170006	TMEM154	961240
ENSG00000167302	TEPSIN	960875
ENSG00000180440	SERTM1	960755
ENSG00000154102	C16orf74	960477
ENSG00000089356	FXYD3	960414
ENSG00000162639	HENMT1	960214
ENSG00000091664	SLC17A6	960162
ENSG00000111816	FRK	960150
ENSG00000155868	MED7	960126
ENSG00000075234	TTC38	960023
ENSG00000156265	MAP3K7CL	959611
ENSG00000100116	GCAT	958336
ENSG00000171813	PWWP2B	957497
ENSG00000135245	HILPDA	957271
ENSG00000153029	MR1	956989
ENSG00000181026	AEN	956942
ENSG00000122025	FLT3	956865
ENSG00000176248	ANAPC2	956571
ENSG00000102981	PARD6A	956558
ENSG00000018625	ATP1A2	956228
ENSG00000135604	STX11	955943
ENSG00000125733	TRIP10	955919
ENSG00000144485	HES6	955420
ENSG00000149646	CNBD2	955106
ENSG00000011143	MKS1	954907
ENSG00000087077	TRIP6	954782
ENSG00000018280	SLC11A1	954365
ENSG00000156219	ART3	954252
ENSG00000216490	IFI30	954184
ENSG00000166268	MYRFL	953406
ENSG00000197142	ACSL5	953380
ENSG00000176619	LMNB2	953377
ENSG00000177932	ZNF354C	952937
ENSG00000074803	SLC12A1	952667
ENSG00000173261	PLAC8L1	951965
ENSG00000120539	MASTL	951956
ENSG00000174007	CEP19	951771
ENSG00000047597	XK	951453
ENSG00000162755	KLHDC9	950658
ENSG00000196757	ZNF700	950571
ENSG00000129194	SOX15	950114
ENSG00000132768	DPH2	949995
ENSG00000142556	ZNF614	949653
ENSG00000167378	IRGQ	949452
ENSG00000197296	FITM2	949339
ENSG00000268533	ENSG00000268533.1	949130
ENSG00000102098	SCML2	948762
ENSG00000166166	TRMT61A	948268
ENSG00000167992	VWCE	948145
ENSG00000183914	DNAH2	948005
ENSG00000135632	SMYD5	947982
ENSG00000105655	ISYNA1	947695
ENSG00000176022	B3GALT6	947065
ENSG00000112782	CLIC5	946665
ENSG00000135083	CCNJL	946563
ENSG00000140379	BCL2A1	946343
ENSG00000166159	LRTM2	946312
ENSG00000105447	GRWD1	945631
ENSG00000179314	WSCD1	945370
ENSG00000237489	C10orf143	945265
ENSG00000167524	RSKR	945217
ENSG00000103852	TTC23	944833
ENSG00000099203	TMED1	944696
ENSG00000106538	RARRES2	944390
ENSG00000104814	MAP4K1	944358
ENSG00000051341	POLQ	944223
ENSG00000185338	SOCS1	943965
ENSG00000117245	KIF17	943827
ENSG00000106823	ECM2	943820
ENSG00000170989	S1PR1	943190
ENSG00000178233	TMEM151B	943182
ENSG00000155961	RAB39B	943145
ENSG00000104983	CCDC61	943065
ENSG00000083838	ZNF446	942536
ENSG00000139192	TAPBPL	942241
ENSG00000132205	EMILIN2	941894
ENSG00000188766	SPRED3	941542
ENSG00000112312	GMNN	941376
ENSG00000162063	CCNF	940845
ENSG00000049540	ELN	940149
ENSG00000124215	CDH26	940013
ENSG00000005187	ACSM3	939981
ENSG00000130158	DOCK6	939788
ENSG00000160050	CCDC28B	939510
ENSG00000114735	HEMK1	938673
ENSG00000274322	ENSG00000274322.1	938580
ENSG00000124459	ZNF45	938156
ENSG00000121552	CSTA	937845
ENSG00000106034	CPED1	937831
ENSG00000251369	ZNF550	937521
ENSG00000185697	MYBL1	936559
ENSG00000183486	MX2	936550
ENSG00000089639	GMIP	936394
ENSG00000100351	GRAP2	935884
ENSG00000124302	CHST8	935648
ENSG00000104332	SFRP1	935639
ENSG00000185798	WDR53	935532
ENSG00000085185	BCORL1	935193
ENSG00000172936	MYD88	935109
ENSG00000213949	ITGA1	934791
ENSG00000213186	TRIM59	934748
ENSG00000167384	ZNF180	934678
ENSG00000184232	OAF	934247
ENSG00000130751	NPAS1	934161
ENSG00000108691	CCL2	934122
ENSG00000120262	CCDC170	933723
ENSG00000148926	ADM	933067
ENSG00000030110	BAK1	932699
ENSG00000115919	KYNU	932547
ENSG00000105722	ERF	932486
ENSG00000176422	SPRYD4	932454
ENSG00000105321	CCDC9	931043
ENSG00000110218	PANX1	931032
ENSG00000260001	TGFBR3L	930938
ENSG00000151023	ENKUR	930719
ENSG00000088280	ASAP3	929573
ENSG00000134602	STK26	929189
ENSG00000176697	BDNF	929155
ENSG00000120875	DUSP4	929011
ENSG00000134755	DSC2	928897
ENSG00000170615	SLC26A5	928828
ENSG00000198715	GLMP	928491
ENSG00000147647	DPYS	927991
ENSG00000165695	AK8	927795
ENSG00000158865	SLC5A11	927787
ENSG00000135824	RGS8	926474
ENSG00000171840	NINJ2	926412
ENSG00000179909	ZNF154	926377
ENSG00000173638	SLC19A1	926354
ENSG00000148600	CDHR1	925728
ENSG00000116903	EXOC8	925322
ENSG00000154274	C4orf19	924601
ENSG00000156076	WIF1	924479
ENSG00000148841	ITPRIP	924071
ENSG00000123689	G0S2	924068
ENSG00000163563	MNDA	923988
ENSG00000185527	PDE6G	923896
ENSG00000198018	ENTPD7	923722
ENSG00000135045	C9orf40	923535
ENSG00000160703	NLRX1	923201
ENSG00000171161	ZNF672	923137
ENSG00000068394	GPKOW	922981
ENSG00000133138	TBC1D8B	922583
ENSG00000143369	ECM1	922304
ENSG00000204147	ASAH2B	921722
ENSG00000172780	RAB43	920901
ENSG00000185010	F8_ENSG00000185010	920780
ENSG00000189369	GSPT2	920605
ENSG00000126803	HSPA2	920435
ENSG00000110092	CCND1	920341
ENSG00000136840	ST6GALNAC4	920323
ENSG00000096433	ITPR3	920277
ENSG00000119403	PHF19	920187
ENSG00000100918	REC8	919994
ENSG00000203734	ECT2L	919776
ENSG00000214376	VSTM5	919528
ENSG00000187123	LYPD6	919366
ENSG00000258472	ENSG00000258472.10	918732
ENSG00000180801	ARSJ	918617
ENSG00000179388	EGR3	917837
ENSG00000146530	VWDE	917760
ENSG00000172650	AGAP5	917565
ENSG00000138400	MDH1B	917546
ENSG00000184060	ADAP2	917209
ENSG00000196735	HLA-DQA1	916976
ENSG00000165806	CASP7	916865
ENSG00000129993	CBFA2T3	916806
ENSG00000183248	PRR36	916569
ENSG00000189334	S100A14	916210
ENSG00000136932	TRMO	916089
ENSG00000196743	GM2A	915395
ENSG00000187801	ZFP69B	915201
ENSG00000131435	PDLIM4	915061
ENSG00000170915	PAQR8	914935
ENSG00000139304	PTPRQ	914181
ENSG00000247077	PGAM5	914177
ENSG00000147041	SYTL5	913938
ENSG00000171425	ZNF581	913488
ENSG00000095539	SEMA4G	913322
ENSG00000100294	MCAT	913043
ENSG00000137573	SULF1	912992
ENSG00000107833	NPM3	912783
ENSG00000135835	KIAA1614	912645
ENSG00000178460	MCMDC2	912581
ENSG00000140525	FANCI	912497
ENSG00000171303	KCNK3	912359
ENSG00000133597	ADCK2	912094
ENSG00000214114	MYCBP	911973
ENSG00000159399	HK2	911961
ENSG00000186567	CEACAM19	911682
ENSG00000123999	INHA	911024
ENSG00000101336	HCK	910468
ENSG00000007372	PAX6	910354
ENSG00000138944	SHISAL1	910222
ENSG00000122735	DNAI1	910180
ENSG00000269335	IKBKG	909971
ENSG00000174206	KICS2	909866
ENSG00000169612	RAMAC	909862
ENSG00000196172	ZNF681	909401
ENSG00000253846	PCDHGA10	908949
ENSG00000185453	ZSWIM9	908887
ENSG00000114346	ECT2	908845
ENSG00000127920	GNG11	908722
ENSG00000244462	RBM12	908605
ENSG00000064270	ATP2C2	908566
ENSG00000164338	UTP15	908462
ENSG00000141854	MISP3	908228
ENSG00000166896	ATP23	908101
ENSG00000149257	SERPINH1	907884
ENSG00000161036	LRWD1	907649
ENSG00000173124	ACSM6	907599
ENSG00000196378	ZNF34	907428
ENSG00000144227	NXPH2	907080
ENSG00000275674	ENSG00000275674.1	907044
ENSG00000184967	NOC4L	907025
ENSG00000146674	IGFBP3	906760
ENSG00000101017	CD40	906475
ENSG00000006757	PNPLA4	906292
ENSG00000154553	PDLIM3	905546
ENSG00000157404	KIT	905367
ENSG00000183346	CABCOCO1	905060
ENSG00000126353	CCR7	904847
ENSG00000257591	ZNF625	904411
ENSG00000183751	TBL3	904342
ENSG00000183569	SERHL2	903880
ENSG00000134917	ADAMTS8	903808
ENSG00000013573	DDX11	903226
ENSG00000167720	SRR	903090
ENSG00000213699	SLC35F6	903045
ENSG00000136274	NACAD	902663
ENSG00000156414	TDRD9	902474
ENSG00000040275	SPDL1	902391
ENSG00000103226	NOMO3	902203
ENSG00000168477	TNXB	902166
ENSG00000170846	ENSG00000170846.17	902136
ENSG00000176994	SMCR8	901756
ENSG00000115282	TTC31	901356
ENSG00000163918	RFC4	901311
ENSG00000119514	GALNT12	900883
ENSG00000172137	CALB2	900726
ENSG00000012124	CD22	900710
ENSG00000109047	RCVRN	900596
ENSG00000040531	CTNS	900303
ENSG00000165046	LETM2	900164
ENSG00000187049	TMEM216	899175
ENSG00000275111	ZNF2	898865
ENSG00000143479	DYRK3	898706
ENSG00000074582	BCS1L	898003
ENSG00000108439	PNPO	897739
ENSG00000109667	SLC2A9	897704
ENSG00000169136	ATF5	897220
ENSG00000165478	HEPACAM	897078
ENSG00000164683	HEY1	896944
ENSG00000223547	ZNF844	896823
ENSG00000183833	CFAP91	896775
ENSG00000243708	PLA2G4B	896267
ENSG00000178078	STAP2	895945
ENSG00000152443	ZNF776	895803
ENSG00000079101	CLUL1	895648
ENSG00000164010	ERMAP	895614
ENSG00000203747	FCGR3A	895564
ENSG00000133742	CA1	895533
ENSG00000184986	TMEM121	895468
ENSG00000139351	SYCP3	895067
ENSG00000189164	ZNF527	894832
ENSG00000079385	CEACAM1	894739
ENSG00000169884	WNT10B	894578
ENSG00000112139	MDGA1	894456
ENSG00000180644	PRF1	893358
ENSG00000063169	BICRA	893132
ENSG00000132915	PDE6A	891994
ENSG00000176222	ZNF404	891853
ENSG00000197933	ZNF823	891620
ENSG00000128253	RFPL2	891608
ENSG00000235750	KIAA0040	891140
ENSG00000155011	DKK2	890898
ENSG00000162654	GBP4	890889
ENSG00000266086	ENSG00000266086.3	890830
ENSG00000165140	FBP1	890315
ENSG00000120156	TEK	890310
ENSG00000176720	BOK	890252
ENSG00000168061	SAC3D1	890138
ENSG00000196476	C20orf96	890131
ENSG00000110455	ACCS	890078
ENSG00000238227	TMEM250	889832
ENSG00000108479	GALK1	889379
ENSG00000123570	RAB9B	888865
ENSG00000166483	WEE1	888764
ENSG00000077152	UBE2T	887952
ENSG00000114270	COL7A1	887837
ENSG00000130561	SAG	887720
ENSG00000154734	ADAMTS1	887595
ENSG00000196867	ZFP28	887408
ENSG00000169629	RGPD8	887403
ENSG00000186998	EMID1	887383
ENSG00000180543	TSPYL5	887360
ENSG00000126814	TRMT5	886376
ENSG00000174516	PELI3	886059
ENSG00000127415	IDUA	885922
ENSG00000177098	SCN4B	885838
ENSG00000214357	NEURL1B	885812
ENSG00000214954	LRRC69	885750
ENSG00000174791	RIN1	884782
ENSG00000143498	TAF1A	883804
ENSG00000253649	PRSS51	883465
ENSG00000187186	ENSG00000187186.15	883463
ENSG00000256269	HMBS	883386
ENSG00000187325	TAF9B	883108
ENSG00000144043	TEX261	883053
ENSG00000186665	C17orf58	882771
ENSG00000157014	TATDN2	882728
ENSG00000187955	COL14A1	882382
ENSG00000168528	SERINC2	882312
ENSG00000118292	C1orf54	882311
ENSG00000169247	SH3TC2	882298
ENSG00000144671	SLC22A14	882138
ENSG00000170681	CAVIN4	881620
ENSG00000164241	C5orf63	881256
ENSG00000166450	PRTG	880999
ENSG00000187688	TRPV2	880648
ENSG00000081692	JMJD4	880437
ENSG00000167595	PROSER3	880266
ENSG00000171827	ZNF570	879919
ENSG00000114115	RBP1	879799
ENSG00000112619	PRPH2	879684
ENSG00000126882	FAM78A	879596
ENSG00000106246	PTCD1	879497
ENSG00000272162	ENSG00000272162.1	879312
ENSG00000254995	STX16-NPEPL1	879280
ENSG00000105865	DUS4L	878983
ENSG00000070190	DAPP1	878847
ENSG00000175556	LONRF3	878519
ENSG00000124688	MAD2L1BP	877530
ENSG00000156463	SH3RF2	877380
ENSG00000011451	WIZ	877177
ENSG00000274349	ZNF658	877065
ENSG00000119599	DCAF4	876985
ENSG00000085465	OVGP1	876917
ENSG00000116711	PLA2G4A	876832
ENSG00000177409	SAMD9L	876801
ENSG00000179583	CIITA	876342
ENSG00000137054	POLR1E	876198
ENSG00000120708	TGFBI	875979
ENSG00000100979	PLTP	875935
ENSG00000203867	RBM20	875860
ENSG00000152661	GJA1	875576
ENSG00000172059	KLF11	875539
ENSG00000104368	PLAT	875443
ENSG00000109084	TMEM97	875439
ENSG00000015568	RGPD5	874956
ENSG00000121316	PLBD1	874891
ENSG00000165804	ZNF219	874809
ENSG00000104142	VPS18	874753
ENSG00000137843	PAK6	874567
ENSG00000106804	C5	874490
ENSG00000164008	C1orf50	874303
ENSG00000163734	CXCL3	873879
ENSG00000128422	KRT17	873691
ENSG00000250878	METTL21EP	873689
ENSG00000133619	KRBA1	873632
ENSG00000214279	SCART1	873469
ENSG00000180481	GLIPR1L2	873401
ENSG00000174442	ZWILCH	873071
ENSG00000169989	TIGD4	872966
ENSG00000168765	GSTM4	872635
ENSG00000198732	SMOC1	872521
ENSG00000131196	NFATC1	872428
ENSG00000142544	CTU1	872415
ENSG00000272636	DOC2B	872392
ENSG00000182118	FAM89A	872270
ENSG00000119333	DYNC2I2	872226
ENSG00000090447	TFAP4	872098
ENSG00000143390	RFX5	871930
ENSG00000141934	PLPP2	871720
ENSG00000145331	TRMT10A	871610
ENSG00000063438	AHRR	871553
ENSG00000267673	FDX2	871264
ENSG00000281991	TMEM265	870487
ENSG00000122971	ACADS	870408
ENSG00000174804	FZD4	870163
ENSG00000228486	C2orf92	869959
ENSG00000179403	VWA1	869942
ENSG00000130635	COL5A1	869896
ENSG00000162975	KCNF1	869495
ENSG00000138207	RBP4	869475
ENSG00000136059	VILL	869249
ENSG00000175287	PHYHD1	868448
ENSG00000178187	ZNF454	868272
ENSG00000140749	IGSF6	868168
ENSG00000183963	SMTN	867988
ENSG00000178171	AMER3	867876
ENSG00000140968	IRF8	867693
ENSG00000156253	RWDD2B	867554
ENSG00000173540	GMPPB	867299
ENSG00000145365	TIFA	867033
ENSG00000163377	TAFA4	866711
ENSG00000213563	C8orf82	865136
ENSG00000139626	ITGB7	864899
ENSG00000153485	LYSET	864754
ENSG00000150656	CNDP1	864370
ENSG00000140030	GPR65	863760
ENSG00000167565	SERTAD3	863756
ENSG00000113504	SLC12A7	863399
ENSG00000183508	TENT5C	863180
ENSG00000183340	JRKL	862953
ENSG00000013588	GPRC5A	862305
ENSG00000197653	DNAH10	862139
ENSG00000108950	FAM20A	862093
ENSG00000170954	ZNF415	861512
ENSG00000110025	SNX15	861205
ENSG00000141965	FEM1A	861105
ENSG00000151611	MMAA	861031
ENSG00000163739	CXCL1	860914
ENSG00000119535	CSF3R	860548
ENSG00000131969	ABHD12B	860385
ENSG00000178921	PFAS	860078
ENSG00000143801	PSEN2	859627
ENSG00000249115	HAUS5	858927
ENSG00000290292	HOMEZ	858831
ENSG00000006756	ARSD	858760
ENSG00000256043	CTSO	858689
ENSG00000118523	CCN2	858364
ENSG00000187244	BCAM	858313
ENSG00000158006	PAFAH2	858254
ENSG00000108379	WNT3	858199
ENSG00000129566	TEP1	858115
ENSG00000105808	RASA4	857130
ENSG00000010165	METTL13	856537
ENSG00000135953	MFSD9	856486
ENSG00000164086	DUSP7	856284
ENSG00000140368	PSTPIP1	856206
ENSG00000131941	RHPN2	855209
ENSG00000149050	ZNF214	855091
ENSG00000149929	HIRIP3	854995
ENSG00000187626	ZKSCAN4	854870
ENSG00000204815	ODAD4	854768
ENSG00000187624	C17orf97	854175
ENSG00000233493	TMEM238	853616
ENSG00000187607	ZNF286A	852913
ENSG00000188542	DUSP28	852735
ENSG00000084628	NKAIN1	851663
ENSG00000147144	CCDC120	850702
ENSG00000125850	OVOL2	850465
ENSG00000102904	TSNAXIP1	850273
ENSG00000150990	DHX37	850192
ENSG00000156097	GPR61	850174
ENSG00000170417	TMEM182	850057
ENSG00000146826	TRAPPC14	849723
ENSG00000153993	SEMA3D	849636
ENSG00000152953	STK32B	848815
ENSG00000107736	CDH23	847456
ENSG00000146374	RSPO3	846965
ENSG00000105519	CAPS	846778
ENSG00000185164	NOMO2	845873
ENSG00000162998	FRZB	845055
ENSG00000174226	SNX31	845022
ENSG00000177989	ODF3B	844389
ENSG00000130038	CRACR2A	844059
ENSG00000143554	SLC27A3	843975
ENSG00000205078	SYCE1L	843765
ENSG00000012171	SEMA3B	843723
ENSG00000128606	LRRC17	843584
ENSG00000153531	ADPRHL1	843452
ENSG00000114767	RRP9	843450
ENSG00000141505	ASGR1	843369
ENSG00000163564	PYHIN1	843194
ENSG00000168994	PXDC1	843100
ENSG00000138772	ANXA3	843081
ENSG00000171861	MRM3	842643
ENSG00000275302	CCL4	842347
ENSG00000254402	LRRC24	842329
ENSG00000182993	C12orf60	841654
ENSG00000104835	SARS2	841037
ENSG00000162814	SPATA17	840594
ENSG00000172508	CARNS1	840074
ENSG00000056558	TRAF1	839952
ENSG00000142494	SLC47A1	839844
ENSG00000185909	KLHDC8B	839344
ENSG00000221947	XKR9	839072
ENSG00000172243	CLEC7A	838703
ENSG00000165449	SLC16A9	838625
ENSG00000176907	TCIM	838596
ENSG00000138231	DBR1	838448
ENSG00000003249	DBNDD1	838142
ENSG00000110148	CCKBR	838140
ENSG00000116962	NID1	837991
ENSG00000134802	SLC43A3	837986
ENSG00000135063	ENTREP1	836989
ENSG00000181274	FRAT2	836974
ENSG00000124920	MYRF	836337
ENSG00000119547	ONECUT2	836216
ENSG00000157326	DHRS4	836188
ENSG00000143320	CRABP2	835516
ENSG00000126785	RHOJ	835402
ENSG00000158691	ZSCAN12	835360
ENSG00000140987	ZSCAN32	835238
ENSG00000140265	ZSCAN29	835236
ENSG00000196724	ZNF418	835194
ENSG00000068001	HYAL2	835142
ENSG00000198960	ARMCX6	835087
ENSG00000224051	CPTP	834226
ENSG00000071282	LMCD1	834202
ENSG00000104327	CALB1	833355
ENSG00000173988	LRRC63	833178
ENSG00000178718	RPP25	833139
ENSG00000154188	ANGPT1	833120
ENSG00000177752	YIPF7	832994
ENSG00000161647	MPP3	832570
ENSG00000239789	MRPS17	832425
ENSG00000119673	ACOT2	832392
ENSG00000167670	CHAF1A	832366
ENSG00000079337	RAPGEF3	832282
ENSG00000110448	CD5	831988
ENSG00000091986	CCDC80	831179
ENSG00000152147	GEMIN6	830900
ENSG00000150455	TIRAP	830750
ENSG00000043591	ADRB1	830476
ENSG00000164088	PPM1M	830472
ENSG00000181031	RPH3AL	830393
ENSG00000114019	AMOTL2	830193
ENSG00000100350	FOXRED2	830064
ENSG00000089505	CMTM1	829917
ENSG00000285117	ENSG00000285117.1	829727
ENSG00000091651	ORC6	829236
ENSG00000164403	SHROOM1	828974
ENSG00000090104	RGS1	828897
ENSG00000137628	DDX60	828080
ENSG00000168539	CHRM1	826991
ENSG00000166997	CNPY4	826767
ENSG00000172830	SSH3	826309
ENSG00000166529	ZSCAN21	826091
ENSG00000167613	LAIR1	825866
ENSG00000103485	QPRT	825432
ENSG00000141736	ERBB2	825181
ENSG00000186130	ZBTB6	824598
ENSG00000160588	MPZL3	824197
ENSG00000087245	MMP2	823435
ENSG00000166192	SENP8	823164
ENSG00000205744	DENND1C	823021
ENSG00000184786	DYNLT2	823020
ENSG00000146859	TMEM140	822981
ENSG00000135116	HRK	822919
ENSG00000155465	SLC7A7	822860
ENSG00000196329	GIMAP5	822828
ENSG00000284194	SCO2	822753
ENSG00000153132	CLGN	822095
ENSG00000218891	ZNF579	822049
ENSG00000205364	MT1M	821926
ENSG00000138100	TRIM54	821879
ENSG00000138798	EGF	821660
ENSG00000156172	CFAP418	821551
ENSG00000124575	H1-3	821269
ENSG00000132429	POPDC3	821219
ENSG00000132481	TRIM47	820992
ENSG00000132781	MUTYH	820912
ENSG00000163293	NIPAL1	820801
ENSG00000089558	KCNH4	820689
ENSG00000244242	IFITM10	820088
ENSG00000164484	TMEM200A	819965
ENSG00000161618	ALDH16A1	819469
ENSG00000178537	SLC25A20	819402
ENSG00000269713	NBPF9	819142
ENSG00000135637	CCDC142	818913
ENSG00000160392	C19orf47	818860
ENSG00000119715	ESRRB	818773
ENSG00000106327	TFR2	818503
ENSG00000204673	AKT1S1	817627
ENSG00000116701	NCF2	816807
ENSG00000187775	DNAH17	816651
ENSG00000156535	CD109	816606
ENSG00000085265	FCN1	815931
ENSG00000100147	CCDC134	815860
ENSG00000099337	KCNK6	815814
ENSG00000271447	MMP28	815719
ENSG00000188428	BLOC1S5	814502
ENSG00000113272	THG1L	814282
ENSG00000187664	HAPLN4	814193
ENSG00000008382	MPND	814073
ENSG00000211448	DIO2	813957
ENSG00000164889	SLC4A2	813814
ENSG00000077942	FBLN1	813739
ENSG00000203805	PLPP4	813264
ENSG00000095585	BLNK	812755
ENSG00000152439	ZNF773	812427
ENSG00000185133	INPP5J	812414
ENSG00000180044	C3orf80	812253
ENSG00000164136	IL15	811948
ENSG00000184162	NR2C2AP	811703
ENSG00000198865	CCDC152	811010
ENSG00000163840	DTX3L	810774
ENSG00000137198	GMPR	810632
ENSG00000156983	BRPF1	810299
ENSG00000184056	VPS33B	809934
ENSG00000196460	RFX8	809191
ENSG00000111801	BTN3A3	809085
ENSG00000163975	MELTF	808847
ENSG00000129480	DTD2	808276
ENSG00000147234	FRMPD3	807872
ENSG00000196878	LAMB3	807098
ENSG00000285932	ENSG00000285932.1	806918
ENSG00000203546	ENSG00000203546.7	806558
ENSG00000140876	NUDT7	806492
ENSG00000175445	LPL	806408
ENSG00000136160	EDNRB	806291
ENSG00000005513	SOX8	806079
ENSG00000181523	SGSH	805772
ENSG00000160685	ZBTB7B	805402
ENSG00000197256	KANK2	805100
ENSG00000170324	FRMPD2	804808
ENSG00000184486	POU3F2	804615
ENSG00000178125	PPP1R42	804579
ENSG00000149260	CAPN5	803685
ENSG00000196549	MME	803476
ENSG00000108784	NAGLU	803462
ENSG00000198736	MSRB1	803214
ENSG00000162782	TDRD5	802987
ENSG00000163795	ZNF513	802803
ENSG00000106560	GIMAP2	802618
ENSG00000221944	TIGD1	802593
ENSG00000242852	ZNF709	802344
ENSG00000128284	APOL3	801690
ENSG00000160321	ZNF208	801207
ENSG00000153086	ACMSD	800854
ENSG00000106571	GLI3	800807
ENSG00000185112	FAM43A	800615
ENSG00000179041	RRS1	800503
ENSG00000108381	ASPA	800373
ENSG00000156345	CDK20	800285
ENSG00000198417	MT1F	800238
ENSG00000178096	BOLA1	800217
ENSG00000126016	AMOT	799949
ENSG00000188807	TMEM201	799903
ENSG00000076003	MCM6	799451
ENSG00000139531	SUOX	799402
ENSG00000163803	PLB1	799211
ENSG00000165309	ARMC3	799209
ENSG00000076770	MBNL3	798806
ENSG00000165240	ATP7A	798571
ENSG00000002933	TMEM176A	798359
ENSG00000166321	NUDT13	798344
ENSG00000160298	C21orf58	797961
ENSG00000197608	ZNF841	797189
ENSG00000167925	GHDC	796161
ENSG00000105072	C19orf44	796102
ENSG00000242114	MTFP1	795477
ENSG00000143199	ADCY10	795468
ENSG00000197977	ELOVL2	795048
ENSG00000170745	KCNS3	794775
ENSG00000128011	LRFN1	794125
ENSG00000106624	AEBP1	793966
ENSG00000137965	IFI44	793648
ENSG00000142279	WTIP	793538
ENSG00000188372	ZP3	793508
ENSG00000165509	MAGEC3	793271
ENSG00000168005	SPINDOC	793231
ENSG00000107719	PALD1	792700
ENSG00000074410	CA12	792653
ENSG00000157927	RADIL	792567
ENSG00000203772	SPRN	792492
ENSG00000162458	FBLIM1	792354
ENSG00000105750	ZNF85	792298
ENSG00000152977	ZIC1	791785
ENSG00000106809	OGN	791660
ENSG00000010539	ZNF200	791657
ENSG00000232434	AJM1	791560
ENSG00000198746	GPATCH3	791457
ENSG00000178386	ZNF223	791315
ENSG00000157870	PRXL2B	791179
ENSG00000137185	ZSCAN9	790868
ENSG00000164600	NEUROD6	790768
ENSG00000184788	SATL1	790659
ENSG00000134594	RAB33A	790521
ENSG00000181016	LSMEM1	790411
ENSG00000287694	ENSG00000287694.1	790364
ENSG00000000971	CFH	790344
ENSG00000142252	GEMIN7	789121
ENSG00000157578	LCA5L	788949
ENSG00000064199	SPA17	788661
ENSG00000135828	RNASEL	788160
ENSG00000160959	LRRC14	788133
ENSG00000260903	XKR7	788094
ENSG00000162825	NBPF20	787948
ENSG00000167077	MEI1	787766
ENSG00000125170	DOK4	787503
ENSG00000225973	PIGBOS1	787129
ENSG00000213397	HAUS7	786830
ENSG00000167785	ZNF558	786687
ENSG00000243749	TMEM35B	786170
ENSG00000198691	ABCA4	786112
ENSG00000126500	FLRT1	786112
ENSG00000154479	CFAP210	786026
ENSG00000143590	EFNA3	785741
ENSG00000105085	MED26	785736
ENSG00000144115	THNSL2	785447
ENSG00000170545	SMAGP	785198
ENSG00000185634	SHC4	785117
ENSG00000140284	SLC27A2	784644
ENSG00000135447	PPP1R1A	784559
ENSG00000104221	BRF2	784388
ENSG00000102100	SLC35A2	784190
ENSG00000110077	MS4A6A	783773
ENSG00000133661	SFTPD	783519
ENSG00000181885	CLDN7	783475
ENSG00000198515	CNGA1	783222
ENSG00000149054	ZNF215	782903
ENSG00000182544	MFSD5	782236
ENSG00000169896	ITGAM	782168
ENSG00000080618	CPB2	782145
ENSG00000168890	TMEM150A	781917
ENSG00000157570	TSPAN18	781892
ENSG00000116663	FBXO6	781843
ENSG00000196972	SMIM10L2B	781645
ENSG00000100139	MICALL1	781582
ENSG00000134198	TSPAN2	781409
ENSG00000136235	GPNMB	780784
ENSG00000126249	PDCD2L	780704
ENSG00000115274	INO80B	780332
ENSG00000163885	CFAP100	779857
ENSG00000148835	TAF5	779844
ENSG00000196684	HSH2D	779573
ENSG00000261221	ZNF865	779534
ENSG00000139263	LRIG3	779424
ENSG00000213185	FAM24B	779183
ENSG00000136535	TBR1	778697
ENSG00000106483	SFRP4	778595
ENSG00000138092	CENPO	778351
ENSG00000185875	THNSL1	778340
ENSG00000164112	SMIM43	778258
ENSG00000163914	RHO	778238
ENSG00000186160	CYP4Z1	778126
ENSG00000175984	DENND2C	777663
ENSG00000040487	SLC66A1	776897
ENSG00000108846	ABCC3	776614
ENSG00000220201	ZGLP1	776121
ENSG00000178038	ALS2CL	776119
ENSG00000213424	KRT222	775974
ENSG00000063127	SLC6A16	775176
ENSG00000076716	GPC4	775123
ENSG00000162337	LRP5	775004
ENSG00000179331	RAB39A	774663
ENSG00000169302	STK32A	774106
ENSG00000069431	ABCC9	773800
ENSG00000214402	LCNL1	772975
ENSG00000113494	PRLR	772763
ENSG00000187860	CCDC157	772748
ENSG00000162873	KLHDC8A	772558
ENSG00000197822	OCLN	772532
ENSG00000198128	OR2L3	772448
ENSG00000186666	BCDIN3D	772367
ENSG00000084453	SLCO1A2	772300
ENSG00000143842	SOX13	772111
ENSG00000189410	SH2D5	771767
ENSG00000188629	ZNF177	771761
ENSG00000131379	C3orf20	771698
ENSG00000168754	FAM178B	770992
ENSG00000182450	KCNK4	770971
ENSG00000163710	PCOLCE2	770910
ENSG00000154451	GBP5	770316
ENSG00000232838	PET117	770124
ENSG00000073756	PTGS2	769808
ENSG00000143416	SELENBP1	769504
ENSG00000100453	GZMB	769354
ENSG00000164082	GRM2	768981
ENSG00000189377	CXCL17	768225
ENSG00000167434	CA4	767913
ENSG00000171574	ZNF584	767828
ENSG00000101000	PROCR	767624
ENSG00000163794	UCN	767390
ENSG00000163519	TRAT1	767384
ENSG00000100302	RASD2	767233
ENSG00000117594	HSD11B1	766993
ENSG00000143194	MAEL	766514
ENSG00000010282	HHATL	766428
ENSG00000171729	TMEM51	766211
ENSG00000163492	CCDC141	765488
ENSG00000106018	VIPR2	764784
ENSG00000117009	KMO	764454
ENSG00000143375	CGN	763433
ENSG00000173456	RNF26	763312
ENSG00000176273	SLC35G1	763305
ENSG00000135097	MSI1	763253
ENSG00000091536	MYO15A	762841
ENSG00000181481	RNF135	762755
ENSG00000261873	SMIM36	762444
ENSG00000125384	PTGER2	762246
ENSG00000128944	KNSTRN	761994
ENSG00000104237	RP1	761684
ENSG00000255292	ENSG00000255292.9	761681
ENSG00000166507	NDST2	761632
ENSG00000129680	MAP7D3	761419
ENSG00000189298	ZKSCAN3	761316
ENSG00000177485	ZBTB33	760940
ENSG00000172819	RARG	760734
ENSG00000149418	ST14	760307
ENSG00000197948	FCHSD1	760230
ENSG00000088543	C3orf18	759979
ENSG00000182224	CYB5D1	759900
ENSG00000132141	CCT6B	759463
ENSG00000130307	USHBP1	759293
ENSG00000176170	SPHK1	759218
ENSG00000174177	CTU2	759040
ENSG00000142694	EVA1B	758367
ENSG00000168743	NPNT	758125
ENSG00000154856	APCDD1	758078
ENSG00000105650	PDE4C	758009
ENSG00000165655	ZNF503	757961
ENSG00000203760	CENPW	757680
ENSG00000254901	BORCS8	757579
ENSG00000110060	PUS3	757548
ENSG00000151882	CCL28	757240
ENSG00000114859	CLCN2	756887
ENSG00000284862	CCDC39	756218
ENSG00000149016	TUT1	755700
ENSG00000135638	EMX1	755469
ENSG00000152684	PELO	755211
ENSG00000101255	TRIB3	755042
ENSG00000175548	ALG10B	755006
ENSG00000172037	LAMB2	754952
ENSG00000063587	ZNF275	754604
ENSG00000205571	SMN2	754439
ENSG00000122386	ZNF205	753878
ENSG00000179598	PLD6	753727
ENSG00000273136	NBPF26	753711
ENSG00000116273	PHF13	753654
ENSG00000120327	PCDHB14	753336
ENSG00000127928	GNGT1	752886
ENSG00000198246	SLC29A3	752824
ENSG00000105695	MAG	752683
ENSG00000024422	EHD2	752108
ENSG00000164841	TMEM74	751801
ENSG00000126759	CFP	751410
ENSG00000121039	RDH10	751189
ENSG00000267508	ZNF285	750748
ENSG00000197816	CCDC180	750484
ENSG00000013297	CLDN11	750459
ENSG00000137462	TLR2	750141
ENSG00000197355	UAP1L1	750085
ENSG00000178222	RNF212	749757
ENSG00000013563	DNASE1L1	749613
ENSG00000277531	PNMA8C	749581
ENSG00000167554	ZNF610	749541
ENSG00000162931	TRIM17	749396
ENSG00000268182	SMIM17	749299
ENSG00000049089	COL9A2	749048
ENSG00000147383	NSDHL	749025
ENSG00000021826	CPS1	749004
ENSG00000139546	TARBP2	748689
ENSG00000187556	NANOS3	748604
ENSG00000204439	C6orf47	748481
ENSG00000119283	TRIM67	748476
ENSG00000166825	ANPEP	748333
ENSG00000086205	FOLH1	748134
ENSG00000147118	ZNF182	748053
ENSG00000133246	PRAM1	747964
ENSG00000131845	ZNF304	747652
ENSG00000213780	GTF2H4	747375
ENSG00000178947	SMIM10L2A	746579
ENSG00000162444	RBP7	746504
ENSG00000165195	PIGA	746431
ENSG00000173401	GLIPR1L1	746378
ENSG00000137700	SLC37A4	746323
ENSG00000129951	PLPPR3	746247
ENSG00000100191	SLC5A4	745867
ENSG00000089050	RBBP9	745613
ENSG00000160325	CACFD1	745533
ENSG00000120210	INSL6	745383
ENSG00000206140	TMEM191C	745322
ENSG00000161996	WDR90	745148
ENSG00000056998	GYG2	745096
ENSG00000145244	CORIN	745095
ENSG00000164120	HPGD	745059
ENSG00000174498	IGDCC3	744496
ENSG00000118369	USP35	743505
ENSG00000122224	LY9	742889
ENSG00000164284	GRPEL2	742802
ENSG00000204655	MOG	742554
ENSG00000283930	PLD5P1	742507
ENSG00000173698	ADGRG2	742407
ENSG00000163702	IL17RC	742315
ENSG00000086717	PPEF1	742105
ENSG00000029993	HMGB3	742063
ENSG00000149633	KIAA1755	741077
ENSG00000104881	PPP1R13L	740350
ENSG00000126838	PZP	740200
ENSG00000011028	MRC2	739977
ENSG00000148297	MED22	739974
ENSG00000185869	ZNF829	739437
ENSG00000143258	USP21	739427
ENSG00000125459	MSTO1	739387
ENSG00000167394	ZNF668	738623
ENSG00000180245	RRH	738436
ENSG00000140678	ITGAX	738284
ENSG00000089127	OAS1	737842
ENSG00000181544	FANCB	737697
ENSG00000174948	GPR149	737446
ENSG00000108798	ABI3	737381
ENSG00000206557	TRIM71	736994
ENSG00000140691	ARMC5	736779
ENSG00000186628	FSD2	736762
ENSG00000198734	F5_ENSG00000198734	736308
ENSG00000103534	TMC5	736266
ENSG00000149503	INCENP	735943
ENSG00000177875	CCDC184	735532
ENSG00000171885	AQP4	735454
ENSG00000256235	SMIM3	735398
ENSG00000112562	SMOC2	735260
ENSG00000164099	PRSS12	734936
ENSG00000124279	FASTKD3	734901
ENSG00000239388	ASB14	734606
ENSG00000243414	TICAM2	734498
ENSG00000159713	TPPP3	733865
ENSG00000188636	RTL6	733709
ENSG00000188820	CALHM6	733599
ENSG00000253276	CCDC71L	733027
ENSG00000214435	AS3MT	732915
ENSG00000143367	TUFT1	732856
ENSG00000166823	MESP1	732760
ENSG00000203668	CHML	732665
ENSG00000184254	ALDH1A3	732469
ENSG00000154134	ROBO3	732395
ENSG00000100399	CHADL	732076
ENSG00000215375	MYL5	731925
ENSG00000206384	COL6A6	731872
ENSG00000143315	PIGM	731850
ENSG00000183161	FANCF	731730
ENSG00000101082	SLA2	731670
ENSG00000163749	CCDC158	731287
ENSG00000256870	SLC5A8	731209
ENSG00000196517	SLC6A9	730898
ENSG00000165164	CFAP47	730854
ENSG00000187627	RGPD1	730638
ENSG00000182685	BRICD5	730612
ENSG00000175793	SFN	730379
ENSG00000166927	MS4A7	730379
ENSG00000165588	OTX2	730156
ENSG00000110975	SYT10	730152
ENSG00000102755	FLT1	729866
ENSG00000132874	SLC14A2	729664
ENSG00000115129	TP53I3	729644
ENSG00000128849	CGNL1	729510
ENSG00000115598	IL1RL2	729002
ENSG00000250366	TUNAR	728862
ENSG00000069122	ADGRF5	728588
ENSG00000107443	CCNJ	728274
ENSG00000203756	TMEM244	728088
ENSG00000137460	FHDC1	727801
ENSG00000114993	RTKN	727547
ENSG00000226174	TEX22	727359
ENSG00000151632	AKR1C2	727332
ENSG00000010361	FUZ	727206
ENSG00000163535	SGO2	726499
ENSG00000142102	PGGHG	726399
ENSG00000119922	IFIT2	726397
ENSG00000247595	MISFA	726347
ENSG00000125898	FAM110A	726280
ENSG00000165698	SPACA9	726276
ENSG00000138653	NDST4	726238
ENSG00000046604	DSG2	726035
ENSG00000139292	LGR5	725627
ENSG00000050628	PTGER3	725610
ENSG00000171462	DLK2	725416
ENSG00000166133	RPUSD2	725099
ENSG00000188124	OR2AG2	724985
ENSG00000129221	AIPL1	724562
ENSG00000204520	MICA	724053
ENSG00000179431	FJX1	724013
ENSG00000101204	CHRNA4	724006
ENSG00000166596	CFAP52	723817
ENSG00000108187	PBLD	723779
ENSG00000198951	NAGA	723757
ENSG00000148680	HTR7	723580
ENSG00000157502	PWWP3B	723381
ENSG00000168748	CA7	723161
ENSG00000196793	ZNF239	722975
ENSG00000146232	NFKBIE	722922
ENSG00000113790	EHHADH	722686
ENSG00000167617	CDC42EP5	722509
ENSG00000156968	MPV17L	722309
ENSG00000180616	SSTR2	722006
ENSG00000130208	APOC1	721981
ENSG00000140873	ADAMTS18	721965
ENSG00000135723	FHOD1	721891
ENSG00000160999	SH2B2	721889
ENSG00000107562	CXCL12	721599
ENSG00000143942	CHAC2	721209
ENSG00000164692	COL1A2	720986
ENSG00000154645	CHODL	720913
ENSG00000168487	BMP1	720888
ENSG00000255330	ENSG00000255330.9	720677
ENSG00000125885	MCM8	720470
ENSG00000115267	IFIH1	720394
ENSG00000197594	ENPP1	720280
ENSG00000163959	SLC51A	719749
ENSG00000086570	FAT2	718895
ENSG00000184221	OLIG1	718612
ENSG00000168152	THAP9	717442
ENSG00000198542	ITGBL1	716960
ENSG00000179476	C14orf28	716931
ENSG00000144214	LYG1	716924
ENSG00000172476	RAB40A	716921
ENSG00000138829	FBN2	716746
ENSG00000112706	IMPG1	716742
ENSG00000047457	CP	716631
ENSG00000181873	IBA57	715926
ENSG00000100056	ESS2	715674
ENSG00000197360	ZNF98	715587
ENSG00000242110	AMACR	715472
ENSG00000100311	PDGFB	715325
ENSG00000172006	ZNF554	714995
ENSG00000205560	CPT1B	714864
ENSG00000285635	ENSG00000285635.1	714833
ENSG00000263528	IKBKE	714711
ENSG00000188993	LRRC66	714668
ENSG00000135605	TEC	714348
ENSG00000104313	EYA1	714165
ENSG00000167772	ANGPTL4	714159
ENSG00000066294	CD84	713884
ENSG00000172350	ABCG4	713781
ENSG00000235098	ANKRD65	713764
ENSG00000183742	MACC1	713538
ENSG00000186205	MTARC1	713515
ENSG00000073146	MOV10L1	712652
ENSG00000213516	RBMXL1	712598
ENSG00000285953	ENSG00000285953.2	711710
ENSG00000181418	DDN	711010
ENSG00000149476	TKFC	710994
ENSG00000134853	PDGFRA	710579
ENSG00000105298	CACTIN	710387
ENSG00000158457	TSPAN33	710266
ENSG00000183690	EFHC2	710237
ENSG00000271425	NBPF10	710235
ENSG00000169972	PUSL1	710228
ENSG00000146094	DOK3	710216
ENSG00000175592	FOSL1	709949
ENSG00000203326	ZNF525	709627
ENSG00000172244	C5orf34	709334
ENSG00000165507	DEPP1	708990
ENSG00000182533	CAV3	708706
ENSG00000177272	KCNA3	708512
ENSG00000163632	C3orf49	707564
ENSG00000101003	GINS1	707152
ENSG00000185379	RAD51D	707127
ENSG00000000003	TSPAN6	706698
ENSG00000224470	ATXN1L	706622
ENSG00000102575	ACP5	706233
ENSG00000258643	BCL2L2-PABPN1	706043
ENSG00000275183	LENG9	706007
ENSG00000205730	ITPRIPL2	705922
ENSG00000255639	ENSG00000255639.3	705879
ENSG00000155761	SPAG17	705584
ENSG00000177427	MIEF2	705326
ENSG00000131634	TMEM204	704783
ENSG00000140511	HAPLN3	704291
ENSG00000285382	ENSG00000285382.1	704254
ENSG00000119943	PYROXD2	704075
ENSG00000176920	FUT2	704064
ENSG00000197859	ADAMTSL2	703823
ENSG00000165071	TMEM71	703808
ENSG00000102967	DHODH	703795
ENSG00000153767	GTF2E1	703695
ENSG00000139160	ETFBKMT	703459
ENSG00000132773	TOE1	703360
ENSG00000170837	GPR27	703241
ENSG00000185988	PLK5	703206
ENSG00000126246	IGFLR1	703079
ENSG00000126243	LRFN3	703045
ENSG00000167487	KLHL26	702985
ENSG00000179698	WDR97	702306
ENSG00000101438	SLC32A1	702282
ENSG00000267795	SMIM22	702126
ENSG00000170604	IRF2BP1	702026
ENSG00000125454	SLC25A19	701782
ENSG00000185905	C16orf54	701769
ENSG00000235863	B3GALT4	701485
ENSG00000284691	ENSG00000284691.1	701473
ENSG00000164611	PTTG1	701037
ENSG00000160862	AZGP1	700955
ENSG00000006128	TAC1	700822
ENSG00000196368	NUDT11	700621
ENSG00000163814	CDCP1	700534
ENSG00000091106	NLRC4	700456
ENSG00000167851	CD300A	700067
ENSG00000158882	TOMM40L	699706
ENSG00000121895	TMEM156	699649
ENSG00000187994	RINL	699130
ENSG00000185730	ZNF696	698888
ENSG00000129007	CALML4	698871
ENSG00000018869	ZNF582	698351
ENSG00000100450	GZMH	698198
ENSG00000125510	OPRL1	697941
ENSG00000179088	C12orf42	697821
ENSG00000163359	COL6A3	697554
ENSG00000100297	MCM5	697554
ENSG00000123219	CENPK	697421
ENSG00000103175	WFDC1	697318
ENSG00000187010	RHD	697087
ENSG00000101938	CHRDL1	696781
ENSG00000100362	PVALB	695958
ENSG00000136014	USP44	695748
ENSG00000148803	FUOM	695612
ENSG00000132554	RGS22	695413
ENSG00000198576	ARC	695209
ENSG00000182179	UBA7	694994
ENSG00000089163	SIRT4	694824
ENSG00000242498	ARPIN	694245
ENSG00000213809	KLRK1	694233
ENSG00000142621	FHAD1	694093
ENSG00000243725	TTC4	693964
ENSG00000078098	FAP	693609
ENSG00000175279	CENPS	693607
ENSG00000173930	SLCO4C1	693515
ENSG00000168453	HR	693317
ENSG00000157227	MMP14	693050
ENSG00000172197	MBOAT1	692758
ENSG00000205363	INSYN1	692708
ENSG00000258102	MAP1LC3B2	692617
ENSG00000113946	CLDN16	692158
ENSG00000164188	RANBP3L	692019
ENSG00000125449	ARMC7	692008
ENSG00000138030	KHK	691866
ENSG00000197696	NMB	691701
ENSG00000197951	ZNF71	691684
ENSG00000240583	AQP1	691466
ENSG00000111863	ADTRP	691447
ENSG00000088826	SMOX	691381
ENSG00000167705	RILP	691207
ENSG00000166960	CCDC178	690818
ENSG00000164053	ATRIP	690299
ENSG00000136541	ERMN	690261
ENSG00000196422	PPP1R26	690251
ENSG00000198093	ZNF649	690215
ENSG00000166920	C15orf48	690033
ENSG00000142910	TINAGL1	689922
ENSG00000100344	PNPLA3	689744
ENSG00000166341	DCHS1	689726
ENSG00000100146	SOX10	689616
ENSG00000100246	DNAL4	689091
ENSG00000163145	C1QTNF7	689086
ENSG00000185482	STAC3	688924
ENSG00000060558	GNA15	688825
ENSG00000117013	KCNQ4	688610
ENSG00000186648	CARMIL3	688562
ENSG00000077327	SPAG6	688385
ENSG00000165983	PTER	688138
ENSG00000198081	ZBTB14	688115
ENSG00000113396	SLC27A6	688030
ENSG00000162377	COA7	687952
ENSG00000196839	ADA	687679
ENSG00000214717	ZBED1_ENSG00000214717	687662
ENSG00000197658	SLC22A24	687617
ENSG00000198633	ZNF534	687453
ENSG00000158292	GPR153	687438
ENSG00000132470	ITGB4	687131
ENSG00000137166	FOXP4	686894
ENSG00000174808	BTC	686746
ENSG00000196118	CFAP119	686743
ENSG00000180537	RNF182	686686
ENSG00000169330	MINAR1	686145
ENSG00000172062	SMN1	685937
ENSG00000160221	GATD3	685186
ENSG00000158859	ADAMTS4	685162
ENSG00000139629	GALNT6	684795
ENSG00000188573	FBLL1	684268
ENSG00000183840	GPR39	684134
ENSG00000100802	C14orf93	683578
ENSG00000183386	FHL3	683309
ENSG00000188868	ZNF563	682852
ENSG00000183688	RFLNB	682452
ENSG00000174032	SLC25A30	682262
ENSG00000163528	CHCHD4	681971
ENSG00000179133	C10orf67	681852
ENSG00000149243	KLHL35	681761
ENSG00000060642	PIGV	681087
ENSG00000115616	SLC9A2	680808
ENSG00000120318	ARAP3	680783
ENSG00000134470	IL15RA	680679
ENSG00000127586	CHTF18	680263
ENSG00000177721	ANXA2R	679032
ENSG00000166821	PEX11A	678907
ENSG00000117226	GBP3	678541
ENSG00000186714	CCDC73	678421
ENSG00000080166	DCT	678325
ENSG00000163235	TGFA	678218
ENSG00000130590	SAMD10	678085
ENSG00000185499	MUC1	678074
ENSG00000174844	DNAH12	677631
ENSG00000173432	SAA1	677618
ENSG00000171792	RHNO1	677536
ENSG00000132840	BHMT2	677448
ENSG00000019991	HGF	677428
ENSG00000162882	HAAO	677384
ENSG00000126903	SLC10A3	676956
ENSG00000126953	TIMM8A	676398
ENSG00000130518	IQCN	676175
ENSG00000178229	ZNF543	676112
ENSG00000128311	TST	675724
ENSG00000168040	FADD	675644
ENSG00000163793	DNAJC5G	675504
ENSG00000182324	KCNJ14	675490
ENSG00000168255	POLR2J3_ENSG00000168255	674989
ENSG00000179097	HTR1F	674928
ENSG00000183779	ZNF703	674919
ENSG00000240771	ARHGEF25	674723
ENSG00000197497	ZNF665	674681
ENSG00000163431	LMOD1	674570
ENSG00000204599	TRIM39	674428
ENSG00000273238	TMEM271	674235
ENSG00000147804	SLC39A4	673924
ENSG00000118162	KPTN	673662
ENSG00000166359	WDR88	672943
ENSG00000280165	PCDH20	672842
ENSG00000196345	ZKSCAN7	672801
ENSG00000172716	SLFN11	672510
ENSG00000249715	FER1L5	672333
ENSG00000137491	SLCO2B1	672290
ENSG00000136114	THSD1	671835
ENSG00000163898	LIPH	671163
ENSG00000110628	SLC22A18	671030
ENSG00000157219	HTR5A	670767
ENSG00000135378	PRRG4	670634
ENSG00000213088	ACKR1	670612
ENSG00000154330	PGM5	670387
ENSG00000169957	ZNF768	670313
ENSG00000139832	RAB20	670222
ENSG00000162493	PDPN	670034
ENSG00000188582	PAQR9	669660
ENSG00000158163	DZIP1L	669045
ENSG00000256060	TRAPPC2B	668874
ENSG00000031691	CENPQ	668751
ENSG00000014914	MTMR11	668594
ENSG00000228594	FNDC10	668336
ENSG00000157856	DRC1	667988
ENSG00000133392	MYH11	667970
ENSG00000124491	F13A1	667850
ENSG00000181291	TMEM132E	667351
ENSG00000178700	DHFR2	667071
ENSG00000182578	CSF1R	667020
ENSG00000071991	CDH19	666867
ENSG00000223572	CKMT1A	666821
ENSG00000189362	NEMP2	666279
ENSG00000260428	SCX	666253
ENSG00000164318	EGFLAM	665982
ENSG00000172782	FADS6	665824
ENSG00000143226	FCGR2A	665706
ENSG00000181444	ZNF467	665654
ENSG00000082196	C1QTNF3	665273
ENSG00000183918	SH2D1A	665021
ENSG00000198483	ANKRD35	664876
ENSG00000139211	AMIGO2	664851
ENSG00000188295	ZNF669	664714
ENSG00000132698	RAB25	664494
ENSG00000005961	ITGA2B	664492
ENSG00000160716	CHRNB2	664475
ENSG00000159208	CIART	664086
ENSG00000072163	LIMS2	663506
ENSG00000261652	PIERCE2	663504
ENSG00000007312	CD79B	663482
ENSG00000106333	PCOLCE	663001
ENSG00000153802	TMPRSS11D	662926
ENSG00000163879	DNALI1	662916
ENSG00000164434	FABP7	662874
ENSG00000155542	SETD9	662650
ENSG00000245848	CEBPA	662265
ENSG00000136383	ALPK3	661962
ENSG00000170786	SDR16C5	661916
ENSG00000183578	TNFAIP8L3	661586
ENSG00000198538	ZNF28	661289
ENSG00000167695	TLCD3A	661122
ENSG00000103876	FAH	660992
ENSG00000213402	PTPRCAP	660916
ENSG00000152467	ZSCAN1	660688
ENSG00000114200	BCHE	660543
ENSG00000226479	TMEM185B	660542
ENSG00000259417	CTXND1	660387
ENSG00000135373	EHF	659963
ENSG00000243709	LEFTY1	659679
ENSG00000186340	THBS2	659358
ENSG00000004848	ARX	659081
ENSG00000143630	HCN3	658992
ENSG00000221886	FAM200C	658960
ENSG00000132004	FBXW9	658851
ENSG00000123610	TNFAIP6	658609
ENSG00000167173	C15orf39	658497
ENSG00000101955	SRPX	658408
ENSG00000181652	ATG9B	658365
ENSG00000167261	DPEP2	658338
ENSG00000138646	HERC5	658326
ENSG00000183273	CCDC60	657851
ENSG00000184371	CSF1	657597
ENSG00000162650	ATXN7L2	657569
ENSG00000203943	SAMD13	657467
ENSG00000038945	MSR1	657235
ENSG00000205704	SMIM45	657143
ENSG00000136881	BAAT	657122
ENSG00000101144	BMP7	657081
ENSG00000169403	PTAFR	656970
ENSG00000167840	ZNF232	656216
ENSG00000119411	BSPRY	656153
ENSG00000165215	CLDN3	655949
ENSG00000109610	SOD3	655931
ENSG00000157184	CPT2	655117
ENSG00000144681	STAC	655096
ENSG00000166401	SERPINB8	655043
ENSG00000137441	FGFBP2	654626
ENSG00000136197	C7orf25	654590
ENSG00000147036	LANCL3	654562
ENSG00000134901	POGLUT2	654510
ENSG00000126603	GLIS2	654497
ENSG00000165643	SOHLH1	654178
ENSG00000278318	ZNF229	653840
ENSG00000168389	MFSD2A	653383
ENSG00000257949	TEN1	652858
ENSG00000116157	GPX7	652729
ENSG00000114013	CD86	652587
ENSG00000156384	SFR1	652387
ENSG00000105538	RASIP1	652277
ENSG00000145700	ANKRD31	651760
ENSG00000213347	MXD3	651484
ENSG00000188981	MSANTD1	651139
ENSG00000111325	OGFOD2	650686
ENSG00000153885	KCTD15	650645
ENSG00000115255	REEP6	650488
ENSG00000146192	FGD2	650256
ENSG00000181938	GINS3	649173
ENSG00000148488	ST8SIA6	648826
ENSG00000183281	PLGLB1	648676
ENSG00000164303	ENPP6	648605
ENSG00000183807	FAM162B	648530
ENSG00000106125	MINDY4	648073
ENSG00000198720	ANKRD13B	647882
ENSG00000163923	RPL39L	647876
ENSG00000188760	TMEM198	647755
ENSG00000179761	PIPOX	647421
ENSG00000156194	PPEF2	647054
ENSG00000177599	ZNF491	646952
ENSG00000266202	ENSG00000266202.1	646897
ENSG00000169252	ADRB2	646787
ENSG00000178202	POGLUT3	646621
ENSG00000271303	SRXN1	646497
ENSG00000236104	ZBTB22	646358
ENSG00000172638	EFEMP2	646233
ENSG00000188467	SLC24A5	645759
ENSG00000105851	PIK3CG	645475
ENSG00000120729	MYOT	645374
ENSG00000166897	ELFN2_ENSG00000166897	645329
ENSG00000156127	BATF	645304
ENSG00000138172	CALHM2	644963
ENSG00000169964	TMEM42	644841
ENSG00000142528	ZNF473	644712
ENSG00000189129	PLAC9	644667
ENSG00000157005	SST	644435
ENSG00000115289	PCGF1	644417
ENSG00000182511	FES	644364
ENSG00000184898	RBM43	644349
ENSG00000182963	GJC1	644210
ENSG00000100365	NCF4	644099
ENSG00000125144	MT1G	644094
ENSG00000164649	CDCA7L	643737
ENSG00000187961	KLHL17	643619
ENSG00000146070	PLA2G7	643425
ENSG00000139714	MORN3	643338
ENSG00000124444	ZNF576	643286
ENSG00000197415	VEPH1	643077
ENSG00000188452	CERKL	642804
ENSG00000162896	PIGR	642375
ENSG00000174776	WDR49	642340
ENSG00000172116	CD8B	642266
ENSG00000125843	AP5S1	642245
ENSG00000183090	FREM3	641834
ENSG00000100889	PCK2	641183
ENSG00000109089	CDR2L	641018
ENSG00000064547	LPAR2	640987
ENSG00000162572	SCNN1D	640924
ENSG00000249709	ZNF564	640685
ENSG00000106404	CLDN15	640614
ENSG00000144649	GASK1A	640561
ENSG00000149679	CABLES2	640517
ENSG00000267368	UPK3BL1	640310
ENSG00000260691	ANKRD20A1	639674
ENSG00000157303	SUSD3	639650
ENSG00000101282	RSPO4	639570
ENSG00000270099	ENSG00000270099.1	639103
ENSG00000196653	ZNF502	638987
ENSG00000111262	KCNA1	638958
ENSG00000180787	ZFP3	638805
ENSG00000142675	CNKSR1	638695
ENSG00000184451	CCR10	638362
ENSG00000243978	RTL9	638300
ENSG00000155254	MARVELD1	638213
ENSG00000173200	PARP15	638033
ENSG00000106366	SERPINE1	637972
ENSG00000221932	HEPN1	637406
ENSG00000100385	IL2RB	636877
ENSG00000181004	BBS12	636553
ENSG00000169313	P2RY12	636481
ENSG00000136859	ANGPTL2	636073
ENSG00000213889	PPM1N	635130
ENSG00000106819	ASPN	635001
ENSG00000168140	VASN	634830
ENSG00000082497	SERTAD4	634731
ENSG00000165810	BTNL9	634652
ENSG00000141433	ADCYAP1	634546
ENSG00000114349	GNAT1	634379
ENSG00000099957	P2RX6	634349
ENSG00000152315	KCNK13	634012
ENSG00000041982	TNC	633845
ENSG00000074276	CDHR2	633381
ENSG00000157992	KRTCAP3	633372
ENSG00000104611	SH2D4A	632789
ENSG00000128815	WDFY4	632556
ENSG00000166289	PLEKHF1	632519
ENSG00000148826	NKX6-2	632460
ENSG00000155592	ZKSCAN2	632429
ENSG00000177352	CCDC71	632189
ENSG00000258405	ZNF578	631774
ENSG00000124212	PTGIS	631606
ENSG00000198901	PRC1	631090
ENSG00000175305	CCNE2	630858
ENSG00000164430	CGAS	630662
ENSG00000244165	P2RY11	629881
ENSG00000269755	ENSG00000269755.1	629840
ENSG00000108821	COL1A1	629822
ENSG00000189134	NKAPL	629793
ENSG00000147119	CHST7	629737
ENSG00000160678	S100A1	629514
ENSG00000179941	BBS10	628456
ENSG00000135111	TBX3	628297
ENSG00000160219	GAB3	628261
ENSG00000184260	H2AC20	628145
ENSG00000064201	TSPAN32	628082
ENSG00000284308	C2orf81	628073
ENSG00000153012	LGI2	628066
ENSG00000164035	EMCN	627675
ENSG00000026559	KCNG1	627609
ENSG00000189190	ZNF600	627427
ENSG00000161277	THAP8	627181
ENSG00000167536	DHRS13	627166
ENSG00000165118	C9orf64	626902
ENSG00000278619	MRM1	626815
ENSG00000153162	BMP6	626449
ENSG00000175832	ETV4	626120
ENSG00000285130	ENSG00000285130.2	626101
ENSG00000169071	ROR2	625913
ENSG00000170779	CDCA4	625601
ENSG00000170412	GPRC5C	625578
ENSG00000185055	EFCAB10	625404
ENSG00000169246	NPIPB3	624935
ENSG00000110104	CCDC86	624722
ENSG00000196754	S100A2	624651
ENSG00000161714	PLCD3	624430
ENSG00000182378	PLCXD1_ENSG00000182378	624368
ENSG00000127418	FGFRL1	623484
ENSG00000072182	ASIC4	622746
ENSG00000151388	ADAMTS12	622632
ENSG00000167608	TMC4	622545
ENSG00000131351	HAUS8	622464
ENSG00000196544	BORCS6	621079
ENSG00000125810	CD93	620718
ENSG00000125089	SH3TC1	620637
ENSG00000137094	DNAJB5	620365
ENSG00000283496	ZNF511-PRAP1	620244
ENSG00000179943	FIZ1	619850
ENSG00000143340	FAM163A	619830
ENSG00000159259	CHAF1B	619729
ENSG00000162069	BICDL2	619585
ENSG00000170323	FABP4	618478
ENSG00000086991	NOX4	618431
ENSG00000197629	MPEG1	617776
ENSG00000166153	DEPDC4	617619
ENSG00000265190	ANXA8	617522
ENSG00000129219	PLD2	616916
ENSG00000136492	BRIP1	616552
ENSG00000213199	ASIC3	616091
ENSG00000054219	LY75	615897
ENSG00000078401	EDN1	615819
ENSG00000182183	SHISAL2A	615275
ENSG00000052344	PRSS8	615026
ENSG00000145911	N4BP3	614411
ENSG00000105369	CD79A	613641
ENSG00000197021	EOLA2	613578
ENSG00000143494	VASH2	613556
ENSG00000175164	ABO	613531
ENSG00000162366	PDZK1IP1	613244
ENSG00000225180	PVALEF	613227
ENSG00000168484	SFTPC	613035
ENSG00000154783	FGD5	613029
ENSG00000187260	WDR86	612980
ENSG00000169627	BOLA2B	612969
ENSG00000144554	FANCD2	612727
ENSG00000188215	DCUN1D3	612602
ENSG00000184857	TMEM186	611971
ENSG00000188112	C6orf132	611684
ENSG00000178750	STX19	611657
ENSG00000185339	TCN2	611570
ENSG00000185480	PARPBP	611381
ENSG00000108830	RND2	611282
ENSG00000181458	TMEM45A	610829
ENSG00000188997	KCTD21	610213
ENSG00000072952	IRAG1	609677
ENSG00000162595	DIRAS3	609343
ENSG00000180089	TMEM86B	609179
ENSG00000197417	SHPK	608558
ENSG00000132623	ANKEF1	608507
ENSG00000168542	COL3A1	608076
ENSG00000267710	EDDM13	607985
ENSG00000105732	ZNF574	607979
ENSG00000125731	SH2D3A	607866
ENSG00000004468	CD38	607655
ENSG00000173349	SFT2D3	607645
ENSG00000162711	NLRP3	607162
ENSG00000178809	TRIM73	607005
ENSG00000133561	GIMAP6	606828
ENSG00000127083	OMD	606297
ENSG00000167130	DOLPP1	606098
ENSG00000092200	RPGRIP1	605916
ENSG00000165555	NOXRED1	605802
ENSG00000123685	BATF3	605799
ENSG00000255154	HTD2	605672
ENSG00000165821	SALL2	605522
ENSG00000244607	CCDC13	605365
ENSG00000181240	SLC25A41	605280
ENSG00000206432	TMEM200C	605150
ENSG00000141655	TNFRSF11A	604885
ENSG00000175938	ORAI3	604844
ENSG00000124615	MOCS1	604533
ENSG00000092758	COL9A3	604514
ENSG00000186889	TMEM17	603432
ENSG00000171051	FPR1	603055
ENSG00000197299	BLM	602976
ENSG00000267699	ENSG00000267699.2	602854
ENSG00000178026	LRRC75B	602656
ENSG00000137252	HCRTR2	602037
ENSG00000076351	SLC46A1	601727
ENSG00000069696	DRD4	601278
ENSG00000083814	ZNF671	601108
ENSG00000189269	DRICH1	600939
ENSG00000143373	ZNF687	600912
ENSG00000169583	CLIC3	600218
ENSG00000100652	SLC10A1	600029
ENSG00000144785	ENSG00000144785.8	599764
ENSG00000166682	TMPRSS5	599528
ENSG00000144908	ALDH1L1	599131
ENSG00000184635	ZNF93	598779
ENSG00000105877	DNAH11	598331
ENSG00000168476	REEP4	598320
ENSG00000143036	SLC44A3	598187
ENSG00000166535	A2ML1	597889
ENSG00000165282	PIGO	597879
ENSG00000149328	GLB1L2	597729
ENSG00000247746	USP51	597418
ENSG00000110799	VWF	597173
ENSG00000104213	PDGFRL	596491
ENSG00000187091	PLCD1	596217
ENSG00000128274	A4GALT	595404
ENSG00000171121	KCNMB3	595280
ENSG00000168672	LRATD2	595259
ENSG00000111335	OAS2	594455
ENSG00000181104	F2R	594414
ENSG00000213139	CRYGS	593976
ENSG00000173480	ZNF417	593625
ENSG00000181830	SLC35C1	593281
ENSG00000185633	NDUFA4L2	593202
ENSG00000147231	RADX	592739
ENSG00000102870	ZNF629	592314
ENSG00000149573	MPZL2	591683
ENSG00000125945	ZNF436	591432
ENSG00000163701	IL17RE	591242
ENSG00000051128	HOMER3	590890
ENSG00000131094	C1QL1	590666
ENSG00000151790	TDO2	590505
ENSG00000187054	TMPRSS11A	590312
ENSG00000135392	DNAJC14	590190
ENSG00000121101	TEX14	590186
ENSG00000106003	LFNG	590146
ENSG00000139675	HNRNPA1L2	589881
ENSG00000138675	FGF5	589760
ENSG00000228049	POLR2J2	589726
ENSG00000141577	CEP131	589380
ENSG00000147257	GPC3	589187
ENSG00000204296	TSBP1	589178
ENSG00000168350	DEGS2	589065
ENSG00000164051	CCDC51	589055
ENSG00000164707	SLC13A4	588827
ENSG00000198890	PRMT6	588780
ENSG00000126878	AIF1L	588261
ENSG00000078814	MYH7B	588260
ENSG00000136122	BORA	587710
ENSG00000156853	ZNF689	587400
ENSG00000258881	ENSG00000258881.6	587394
ENSG00000174827	PDZK1	587237
ENSG00000185085	INTS5	587139
ENSG00000197647	ZNF433	586975
ENSG00000117877	POLR1G	586561
ENSG00000166484	MAPK7	586322
ENSG00000184845	DRD1	586150
ENSG00000185915	KLHL34	586080
ENSG00000166265	CYYR1	586006
ENSG00000165985	C1QL3	585980
ENSG00000173917	HOXB2	585732
ENSG00000143228	NUF2	585665
ENSG00000027869	SH2D2A	585425
ENSG00000177807	KCNJ10	584591
ENSG00000269693	ENSG00000269693.1	584165
ENSG00000159882	ZNF230	584015
ENSG00000184988	TMEM106A	583291
ENSG00000186074	CD300LF	583008
ENSG00000172322	CLEC12A	582633
ENSG00000143127	ITGA10	582567
ENSG00000197454	OR2L5	582485
ENSG00000074660	SCARF1	582299
ENSG00000225968	ELFN1	581832
ENSG00000175691	ZNF77	581686
ENSG00000090924	PLEKHG2	581547
ENSG00000176371	ZSCAN2	580653
ENSG00000123977	DAW1	579928
ENSG00000185220	PGBD2	579698
ENSG00000100218	RSPH14	578991
ENSG00000180914	OXTR	578707
ENSG00000118707	TGIF2	578355
ENSG00000132763	MMACHC	578212
ENSG00000140104	CLBA1	577947
ENSG00000205795	CYS1	577884
ENSG00000157613	CREB3L1	577796
ENSG00000198855	FICD	577693
ENSG00000182405	PGBD4	577538
ENSG00000145949	MYLK4	577295
ENSG00000167178	ISLR2	577293
ENSG00000273294	C1QTNF3-AMACR	577076
ENSG00000164932	CTHRC1	576957
ENSG00000204052	LRRC73	576829
ENSG00000244486	SCARF2	576484
ENSG00000243056	EIF4EBP3	576279
ENSG00000179178	TMEM125	575658
ENSG00000277632	CCL3	575614
ENSG00000119714	GPR68	575292
ENSG00000082556	OPRK1	575210
ENSG00000143196	DPT	575180
ENSG00000162591	MEGF6	574755
ENSG00000172361	CFAP53	574336
ENSG00000213366	GSTM2	574328
ENSG00000163520	FBLN2	574049
ENSG00000178297	TMPRSS9	574031
ENSG00000149742	SLC22A9	573953
ENSG00000184678	H2BC21	573735
ENSG00000108771	DHX58	573722
ENSG00000144476	ACKR3	573602
ENSG00000117472	TSPAN1	573359
ENSG00000270800	RPS10-NUDT3	573153
ENSG00000168356	SCN11A	571899
ENSG00000133466	C1QTNF6	571751
ENSG00000168268	NT5DC2	571627
ENSG00000146197	SCUBE3	571564
ENSG00000092470	WDR76	571341
ENSG00000172409	CLP1	571022
ENSG00000234965	SHISA8	570654
ENSG00000166455	C16orf46	570619
ENSG00000253457	SMIM18	569901
ENSG00000127507	ADGRE2	569793
ENSG00000168589	DYNLRB2	569655
ENSG00000149150	SLC43A1	569638
ENSG00000141499	WRAP53	569526
ENSG00000125618	PAX8	569308
ENSG00000108556	CHRNE	569087
ENSG00000137203	TFAP2A	568881
ENSG00000168329	CX3CR1	568305
ENSG00000204653	ASPDH	568112
ENSG00000121898	CPXM2	568010
ENSG00000115884	SDC1	567973
ENSG00000258724	PINX1_ENSG00000258724	567652
ENSG00000170955	CAVIN3	567632
ENSG00000003400	CASP10	567624
ENSG00000139734	DIAPH3	567566
ENSG00000149488	TMC2	567325
ENSG00000149798	CDC42EP2	567089
ENSG00000108375	RNF43	567046
ENSG00000162373	BEND5	566838
ENSG00000160781	PAQR6	566793
ENSG00000175985	PLEKHD1	565649
ENSG00000139329	LUM	565600
ENSG00000232040	SCAND3	564903
ENSG00000099840	IZUMO4	564492
ENSG00000188266	HYKK	564469
ENSG00000111319	SCNN1A	564083
ENSG00000155666	KDM8	563979
ENSG00000102362	SYTL4	563948
ENSG00000183186	C2CD4C	563896
ENSG00000101311	FERMT1	563565
ENSG00000204611	ZNF616	563341
ENSG00000162753	SLC9C2	563324
ENSG00000174276	ZNHIT2	562852
ENSG00000103742	IGDCC4	562713
ENSG00000259330	INAFM2	562257
ENSG00000196267	ZNF836	562135
ENSG00000137959	IFI44L	561616
ENSG00000163331	DAPL1	561590
ENSG00000105707	HPN	561468
ENSG00000239474	KLHL41	560723
ENSG00000143845	ETNK2	559762
ENSG00000187266	EPOR	559506
ENSG00000173198	CYSLTR1	559236
ENSG00000196557	CACNA1H	559112
ENSG00000170561	IRX2	558532
ENSG00000145029	NICN1	558484
ENSG00000163040	CCDC74A	557756
ENSG00000161055	SCGB3A1	557754
ENSG00000119574	ZBTB45	557627
ENSG00000182902	SLC25A18	557296
ENSG00000150873	C2orf50	556928
ENSG00000168404	MLKL	556920
ENSG00000177025	C19orf18	556798
ENSG00000223573	TINCR	556663
ENSG00000148346	LCN2	556608
ENSG00000139988	RDH12	556041
ENSG00000140807	NKD1	555785
ENSG00000214652	ZNF727	555766
ENSG00000140519	RHCG	555721
ENSG00000105507	CABP5	555354
ENSG00000124641	MED20	554998
ENSG00000145888	GLRA1	554720
ENSG00000101440	ASIP	554417
ENSG00000162461	SLC25A34	554389
ENSG00000221988	PPT2	553558
ENSG00000125430	HS3ST3B1	553423
ENSG00000106541	AGR2	553300
ENSG00000215277	RNF212B	553229
ENSG00000123473	STIL	552927
ENSG00000249471	ZNF324B	552542
ENSG00000113119	TMCO6	552367
ENSG00000254996	ANKHD1-EIF4EBP3	552105
ENSG00000173567	ADGRF3	552078
ENSG00000198924	DCLRE1A	552077
ENSG00000124074	ENKD1	551855
ENSG00000177994	C2orf73	551804
ENSG00000170191	NANP	551616
ENSG00000197430	OPALIN	551321
ENSG00000162618	ADGRL4	551315
ENSG00000167393	PPP2R3B_ENSG00000167393	551214
ENSG00000188070	ZFTA	550791
ENSG00000181638	ZFP41	550414
ENSG00000163347	CLDN1	550313
ENSG00000187866	PABIR1	550250
ENSG00000198944	SOWAHA	549885
ENSG00000111729	CLEC4A	549635
ENSG00000204228	HSD17B8	549364
ENSG00000114529	C3orf52	549096
ENSG00000075275	CELSR1	549093
ENSG00000174640	SLCO2A1	549049
ENSG00000139144	PIK3C2G	548713
ENSG00000198455	ZXDB	548592
ENSG00000156738	MS4A1	548110
ENSG00000095777	MYO3A	547623
ENSG00000197978	GOLGA6L9	547324
ENSG00000196335	STK31	547115
ENSG00000187753	C9orf153	546766
ENSG00000070731	ST6GALNAC2	546683
ENSG00000102743	SLC25A15	546561
ENSG00000135587	SMPD2	546527
ENSG00000134716	CYP2J2	546440
ENSG00000270231	NBPF8	545452
ENSG00000167799	NUDT8	544869
ENSG00000243509	TNFRSF6B	544626
ENSG00000164825	DEFB1	544529
ENSG00000104783	KCNN4	544216
ENSG00000131187	F12_ENSG00000131187	544006
ENSG00000145491	ROPN1L	543347
ENSG00000130589	HELZ2	543260
ENSG00000128242	GAL3ST1	543169
ENSG00000180739	S1PR5	542845
ENSG00000162194	LBHD1	542801
ENSG00000112578	BYSL	541724
ENSG00000148344	PTGES	541719
ENSG00000062282	DGAT2	541631
ENSG00000117595	IRF6	541596
ENSG00000114251	WNT5A	541553
ENSG00000166813	KIF7	541492
ENSG00000136999	CCN3	541459
ENSG00000140527	WDR93	540980
ENSG00000272031	ANKRD34A	540682
ENSG00000167644	C19orf33	540679
ENSG00000170289	CNGB3	540656
ENSG00000188672	RHCE	540591
ENSG00000105392	CRX	540435
ENSG00000090776	EFNB1	540393
ENSG00000168081	PNOC	539649
ENSG00000184185	KCNJ12	539567
ENSG00000197599	CCDC154	539228
ENSG00000100342	APOL1	539070
ENSG00000284024	MSANTD7	538814
ENSG00000145832	SLC25A48	538799
ENSG00000267796	LIN37	538795
ENSG00000178562	CD28	538572
ENSG00000150045	KLRF1	538329
ENSG00000092853	CLSPN	538264
ENSG00000169683	LRRC45	537748
ENSG00000123243	ITIH5	537221
ENSG00000105967	TFEC	537153
ENSG00000096996	IL12RB1	537141
ENSG00000102034	ELF4	536894
ENSG00000163606	CD200R1	536887
ENSG00000104972	LILRB1	536777
ENSG00000183682	BMP8A	536433
ENSG00000214212	C19orf38	536275
ENSG00000175003	SLC22A1	536079
ENSG00000167107	ACSF2	536021
ENSG00000183921	SDR42E2	535715
ENSG00000198959	TGM2	535617
ENSG00000233822	H2BC15	535616
ENSG00000176896	TCEANC	535562
ENSG00000119938	PPP1R3C	535476
ENSG00000140285	FGF7	535409
ENSG00000183628	DGCR6	535069
ENSG00000142552	RCN3	534952
ENSG00000137098	SPAG8	534809
ENSG00000115648	MLPH	534606
ENSG00000144821	MYH15	534313
ENSG00000115257	PCSK4	534110
ENSG00000104903	LYL1	533941
ENSG00000185436	IFNLR1	533907
ENSG00000141255	SPATA22	533811
ENSG00000157510	AFAP1L1	533753
ENSG00000213920	MDP1	533716
ENSG00000179299	NSUN7	533651
ENSG00000102032	RENBP	533524
ENSG00000169951	ZNF764	533505
ENSG00000171346	KRT15	533464
ENSG00000153495	TEX29	533371
ENSG00000149564	ESAM	533155
ENSG00000158373	H2BC5	532857
ENSG00000010671	BTK	532451
ENSG00000234719	NPIPB2	532368
ENSG00000163808	KIF15	531953
ENSG00000167550	RHEBL1	531508
ENSG00000187736	NHEJ1	531395
ENSG00000133962	CATSPERB	531353
ENSG00000073536	NLE1	530905
ENSG00000164647	STEAP1	530905
ENSG00000277462	ZNF670	530532
ENSG00000114378	HYAL1	530413
ENSG00000204334	ERICH2	530344
ENSG00000104689	TNFRSF10A	529934
ENSG00000167208	SNX20	529852
ENSG00000198547	C20orf203	529642
ENSG00000229453	SPINK8	529367
ENSG00000141642	ELAC1	529343
ENSG00000166510	CCDC68	529225
ENSG00000134873	CLDN10	529137
ENSG00000177842	ZNF620	529069
ENSG00000254858	MPV17L2	528919
ENSG00000165912	PACSIN3	528786
ENSG00000253250	C8orf88	528734
ENSG00000126453	BCL2L12	528274
ENSG00000154736	ADAMTS5	528234
ENSG00000204519	ZNF551	528161
ENSG00000229474	PATL2	527029
ENSG00000158486	DNAH3	526519
ENSG00000140682	TGFB1I1	526128
ENSG00000115363	EVA1A	525952
ENSG00000203663	OR2L2	525935
ENSG00000203499	IQANK1	525750
ENSG00000205307	SAP25	525601
ENSG00000242612	DECR2	525259
ENSG00000187634	SAMD11	525203
ENSG00000102001	CACNA1F	524531
ENSG00000196152	ZNF79	524398
ENSG00000134007	ADAM20	524046
ENSG00000125962	ARMCX5	523763
ENSG00000114737	CISH	523621
ENSG00000212916	MAP10	523555
ENSG00000179562	GCC1	523263
ENSG00000170175	CHRNB1	523215
ENSG00000233608	TWIST2	523075
ENSG00000176383	B3GNT4	522863
ENSG00000136425	CIB2	522797
ENSG00000133048	CHI3L1	522656
ENSG00000141756	FKBP10	522468
ENSG00000100526	CDKN3	522448
ENSG00000159708	LRRC36	522156
ENSG00000104413	ESRP1	521882
ENSG00000133863	TEX15	521820
ENSG00000167483	NIBAN3	521703
ENSG00000122641	INHBA	521588
ENSG00000197165	SULT1A2	521452
ENSG00000139835	GRTP1	521168
ENSG00000106025	TSPAN12	521088
ENSG00000136982	DSCC1	520703
ENSG00000134326	CMPK2	520454
ENSG00000178726	THBD	520049
ENSG00000138083	SIX3	519460
ENSG00000168517	HEXIM2	519249
ENSG00000183307	TMEM121B	519249
ENSG00000172578	KLHL6	519017
ENSG00000152804	HHEX	518677
ENSG00000183850	ZNF730	518559
ENSG00000140057	AK7	518477
ENSG00000176909	MAMSTR	518047
ENSG00000186638	KIF24	518003
ENSG00000149554	CHEK1	517994
ENSG00000102683	SGCG	517783
ENSG00000134057	CCNB1	517655
ENSG00000182580	EPHB3	517339
ENSG00000070388	FGF22	517313
ENSG00000174946	GPR171	517241
ENSG00000174567	GOLT1A	517144
ENSG00000141469	SLC14A1	517093
ENSG00000131477	RAMP2	517014
ENSG00000136869	TLR4	516441
ENSG00000177575	CD163	515988
ENSG00000169188	APEX2	515492
ENSG00000151006	PRSS53	515417
ENSG00000242732	RTL5	515231
ENSG00000198883	PNMA5	515218
ENSG00000168491	CCDC110	514623
ENSG00000144810	COL8A1	514612
ENSG00000068078	FGFR3	514294
ENSG00000205808	PLPP6	514209
ENSG00000183010	PYCR1	513789
ENSG00000243989	ACY1	513649
ENSG00000100439	ABHD4	513450
ENSG00000157554	ERG	512963
ENSG00000204410	MSH5	512920
ENSG00000007866	TEAD3	512909
ENSG00000142611	PRDM16	512377
ENSG00000196600	SLC22A25	511950
ENSG00000136244	IL6	511829
ENSG00000168496	FEN1	510969
ENSG00000160801	PTH1R	510957
ENSG00000148204	CRB2	510716
ENSG00000129354	AP1M2	510669
ENSG00000115112	TFCP2L1	510508
ENSG00000132465	JCHAIN	510481
ENSG00000166426	CRABP1	509876
ENSG00000166482	MFAP4	509373
ENSG00000174125	TLR1	509108
ENSG00000171657	GPR82	508799
ENSG00000166592	RRAD	508795
ENSG00000181449	SOX2	508524
ENSG00000162551	ALPL	508241
ENSG00000100842	EFS	508091
ENSG00000167807	ENSG00000167807.15	508046
ENSG00000127580	WDR24	507208
ENSG00000171056	SOX7	506517
ENSG00000236699	ARHGEF38	506299
ENSG00000240204	SMKR1	506191
ENSG00000131095	GFAP	506098
ENSG00000188785	ZNF548	505827
ENSG00000240053	LY6G5B	505239
ENSG00000162722	TRIM58	505140
ENSG00000137809	ITGA11	505135
ENSG00000103740	ACSBG1	504927
ENSG00000188039	NWD1	504925
ENSG00000184313	MROH7	504128
ENSG00000177854	TMEM187	503898
ENSG00000106852	LHX6	503836
ENSG00000119121	TRPM6	503144
ENSG00000162383	SLC1A7	502818
ENSG00000105289	TJP3	502812
ENSG00000161513	FDXR	502731
ENSG00000134207	SYT6	502537
ENSG00000173369	C1QB	502527
ENSG00000162620	LRRIQ3	502255
ENSG00000198223	CSF2RA_ENSG00000198223	501592
ENSG00000213903	LTB4R	501525
ENSG00000187815	ZFP69	501494
ENSG00000169413	RNASE6	501393
ENSG00000286219	NOTCH2NLC	501321
ENSG00000184731	FAM110C	501189
ENSG00000104899	AMH	501185
ENSG00000273398	ENSG00000273398.6	501181
ENSG00000142733	MAP3K6	501053
ENSG00000285000	ENSG00000285000.1	500924
ENSG00000196436	NPIPB15	500884
ENSG00000213988	ZNF90	500822
ENSG00000183379	SYNDIG1L	500780
ENSG00000106952	TNFSF8	500452
ENSG00000178199	ZC3H12D	500146
ENSG00000132437	DDC	500062
ENSG00000114204	SERPINI2	499945
ENSG00000127954	STEAP4	499682
ENSG00000104889	RNASEH2A	499503
ENSG00000126218	F10_ENSG00000126218	499338
ENSG00000163472	TMEM79	499318
ENSG00000122691	TWIST1	498533
ENSG00000163376	KBTBD8	498337
ENSG00000122863	CHST3	498173
ENSG00000272305	ENSG00000272305.5	498141
ENSG00000155714	PDZD9	498137
ENSG00000160111	CPAMD8	497750
ENSG00000261649	GOLGA6L7	497273
ENSG00000104524	PYCR3	497106
ENSG00000089472	HEPH	496760
ENSG00000244734	HBB	496672
ENSG00000276256	ENSG00000276256.1	496115
ENSG00000079150	FKBP7	495906
ENSG00000196456	ZNF775	495460
ENSG00000159496	RGL4	495428
ENSG00000165731	RET	495329
ENSG00000111671	SPSB2	494736
ENSG00000146477	SLC22A3	494709
ENSG00000041880	PARP3	494673
ENSG00000197361	FBXL22	494294
ENSG00000104140	RHOV	494208
ENSG00000171115	GIMAP8	493770
ENSG00000267041	ZNF850	493317
ENSG00000256294	ZNF225	493200
ENSG00000110665	C11orf21	493180
ENSG00000110900	TSPAN11	492971
ENSG00000112041	TULP1	492522
ENSG00000183336	BOLA2	492418
ENSG00000131620	ANO1	492335
ENSG00000130950	NUTM2F	492139
ENSG00000198870	STKLD1	491850
ENSG00000185347	TEDC1	491811
ENSG00000158156	XKR8	491786
ENSG00000134160	TRPM1	491762
ENSG00000183765	CHEK2	491734
ENSG00000164109	MAD2L1	491679
ENSG00000187017	ESPN	491408
ENSG00000165244	ZNF367	490994
ENSG00000214456	PLIN5	490956
ENSG00000110446	SLC15A3	490756
ENSG00000100079	LGALS2	490534
ENSG00000062822	POLD1	490532
ENSG00000143341	HMCN1	490360
ENSG00000172426	RSPH9	490211
ENSG00000154478	GPR26	489968
ENSG00000103569	AQP9	489892
ENSG00000146233	CYP39A1	489764
ENSG00000132854	KANK4	489643
ENSG00000101680	LAMA1	489385
ENSG00000163155	LYSMD1	489385
ENSG00000159905	ZNF221	488865
ENSG00000241839	PLEKHO2	488585
ENSG00000143409	MINDY1	488447
ENSG00000177303	CASKIN2	488386
ENSG00000111452	ADGRD1	488273
ENSG00000174721	FGFBP3	487907
ENSG00000174460	ZCCHC12	487742
ENSG00000275074	NUDT18	487737
ENSG00000137078	SIT1	487653
ENSG00000225697	SLC26A6	487632
ENSG00000198435	NRARP	487354
ENSG00000115155	OTOF	487230
ENSG00000095739	BAMBI	487071
ENSG00000204577	LILRB3	486915
ENSG00000173372	C1QA	486825
ENSG00000078589	P2RY10	486790
ENSG00000164440	TXLNB	486697
ENSG00000162992	NEUROD1	486489
ENSG00000167395	ZNF646	486104
ENSG00000119699	TGFB3	485764
ENSG00000177685	CRACR2B	485711
ENSG00000232810	TNF	485246
ENSG00000166189	HPS6	485213
ENSG00000075429	CACNG5	485114
ENSG00000180815	MAP3K15	485028
ENSG00000005189	REXO5	484705
ENSG00000221829	FANCG	484457
ENSG00000058085	LAMC2	484316
ENSG00000197363	ZNF517	484314
ENSG00000123810	B9D2	484135
ENSG00000061455	PRDM6	483942
ENSG00000124787	RPP40	483315
ENSG00000129028	THAP10	483192
ENSG00000173928	SWSAP1	483180
ENSG00000150551	LYPD1	483178
ENSG00000149452	SLC22A8	482695
ENSG00000137033	IL33	482426
ENSG00000284976	ENSG00000284976.2	482356
ENSG00000215045	GRID2IP	482321
ENSG00000174586	ZNF497	482160
ENSG00000083454	P2RX5	481872
ENSG00000173156	RHOD	481525
ENSG00000125538	IL1B	481522
ENSG00000139874	SSTR1	481197
ENSG00000157240	FZD1	481067
ENSG00000288602	C8orf44-SGK3	480714
ENSG00000162576	MXRA8	480519
ENSG00000156486	KCNS2	480462
ENSG00000196503	ARL9	479853
ENSG00000163221	S100A12	479792
ENSG00000243566	UPK3B	479763
ENSG00000125337	KIF25	479750
ENSG00000145386	CCNA2	479307
ENSG00000165501	LRR1	479024
ENSG00000106113	CRHR2	478550
ENSG00000188992	LIPI	478373
ENSG00000273345	ENSG00000273345.6	478145
ENSG00000105559	PLEKHA4	477834
ENSG00000177508	IRX3	477568
ENSG00000006534	ALDH3B1	477250
ENSG00000122861	PLAU	477130
ENSG00000168497	CAVIN2	476824
ENSG00000159167	STC1	476562
ENSG00000241484	ARHGAP8	476343
ENSG00000124508	BTN2A2	475934
ENSG00000188783	PRELP	475767
ENSG00000105173	CCNE1	475691
ENSG00000069018	TRPC7	475649
ENSG00000167447	SMG8	475595
ENSG00000151617	EDNRA	475569
ENSG00000100228	RAB36	475139
ENSG00000186188	FFAR4	475068
ENSG00000204291	COL15A1	474879
ENSG00000173110	HSPA6	474734
ENSG00000133110	POSTN	474727
ENSG00000273820	USP27X	474722
ENSG00000180660	MAB21L1	474680
ENSG00000176358	TAC4	474627
ENSG00000165935	SMCO2	474590
ENSG00000160345	PIERCE1	474475
ENSG00000173281	PPP1R3B	474269
ENSG00000131042	LILRB2	474022
ENSG00000042062	RIPOR3	473948
ENSG00000133433	GSTT2B	473820
ENSG00000275778	ENSG00000275778.3	473643
ENSG00000127399	LRRC61	473624
ENSG00000224982	TMEM233	473593
ENSG00000186453	FAM228A	473206
ENSG00000137463	MGARP	472706
ENSG00000167771	RCOR2	472696
ENSG00000163273	NPPC	472532
ENSG00000088305	DNMT3B	472434
ENSG00000163884	KLF15	472393
ENSG00000165879	FRAT1	472359
ENSG00000175785	PRIMA1	472343
ENSG00000272772	ENSG00000272772.2	472170
ENSG00000181378	CFAP65	471687
ENSG00000171643	S100Z	471596
ENSG00000120334	CENPL	471422
ENSG00000102174	PHEX	471370
ENSG00000186081	KRT5	471135
ENSG00000001617	SEMA3F	470350
ENSG00000179057	IGSF22	469925
ENSG00000184113	CLDN5	469887
ENSG00000174599	TRAM1L1	469149
ENSG00000148832	PAOX	468664
ENSG00000118194	TNNT2	468623
ENSG00000225828	FAM229A	468525
ENSG00000072840	EVC	468524
ENSG00000165105	RASEF	468260
ENSG00000137558	PI15	468260
ENSG00000103449	SALL1	467902
ENSG00000260314	MRC1	467898
ENSG00000124713	GNMT	467871
ENSG00000166800	LDHAL6A	467825
ENSG00000163545	NUAK2	467577
ENSG00000095464	PDE6C	467145
ENSG00000141738	GRB7	467061
ENSG00000174004	NRROS	466895
ENSG00000197261	C6orf141	466382
ENSG00000168237	GLYCTK	465849
ENSG00000171786	NHLH1	465703
ENSG00000181135	ZNF707	465691
ENSG00000215217	CFAP90	465341
ENSG00000180596	H2BC4	465312
ENSG00000213316	LTC4S	464630
ENSG00000183324	REC114	464536
ENSG00000115361	ACADL	464492
ENSG00000075702	WDR62	464214
ENSG00000181588	MEX3D	463477
ENSG00000087589	CASS4	462537
ENSG00000145708	CRHBP	462514
ENSG00000178397	FAM220A	462440
ENSG00000198182	ZNF607	462287
ENSG00000153044	CENPH	462249
ENSG00000112877	CEP72	461941
ENSG00000151079	KCNA6	461792
ENSG00000204172	AGAP9	461653
ENSG00000272514	CFAP206	461323
ENSG00000159423	ALDH4A1	461284
ENSG00000173838	MARCHF10	461130
ENSG00000136231	IGF2BP3	461102
ENSG00000142627	EPHA2	461048
ENSG00000170075	GPR37L1	460918
ENSG00000035499	DEPDC1B	460756
ENSG00000165553	NGB	460524
ENSG00000225614	ZNF469	460402
ENSG00000144182	LIPT1	460238
ENSG00000159885	ZNF222	459803
ENSG00000182810	DDX28	459676
ENSG00000170909	OSCAR	459513
ENSG00000176024	ZNF613	459441
ENSG00000146054	TRIM7	459309
ENSG00000197054	ZNF763	459122
ENSG00000261052	SULT1A3	458836
ENSG00000076382	SPAG5	458666
ENSG00000102387	TAF7L	458632
ENSG00000115325	DOK1	458555
ENSG00000151715	TMEM45B	458366
ENSG00000163815	CLEC3B	458130
ENSG00000197181	PIWIL2	457491
ENSG00000183114	FAM43B	457284
ENSG00000182472	CAPN12	457211
ENSG00000162739	SLAMF6	456558
ENSG00000197620	EOLA1	456528
ENSG00000198914	POU3F3	456507
ENSG00000205362	MT1A	456248
ENSG00000167625	ZNF526	456244
ENSG00000144355	DLX1	456095
ENSG00000157734	SNX22	455806
ENSG00000173805	HAP1	455714
ENSG00000203872	C6orf163	455128
ENSG00000125845	BMP2	455060
ENSG00000164011	ZNF691	454793
ENSG00000184363	PKP3	454646
ENSG00000196091	MYBPC1	454617
ENSG00000172717	GARIN2	454274
ENSG00000128604	IRF5	453631
ENSG00000286015	ENSG00000286015.1	453545
ENSG00000115318	LOXL3	453486
ENSG00000134259	NGF	453303
ENSG00000196296	ATP2A1	453294
ENSG00000167210	LOXHD1	452970
ENSG00000149201	CCDC81	452914
ENSG00000171759	PAH	452850
ENSG00000117586	TNFSF4	452724
ENSG00000149295	DRD2	452696
ENSG00000158113	LRRC43	452607
ENSG00000106633	GCK	452599
ENSG00000180332	KCTD4	452037
ENSG00000105825	TFPI2	451739
ENSG00000121068	TBX2	450977
ENSG00000198142	SOWAHC	450547
ENSG00000186026	ZNF284	449966
ENSG00000122679	RAMP3	449919
ENSG00000163026	WDCP	449649
ENSG00000150630	VEGFC	449384
ENSG00000186272	ZNF17	449381
ENSG00000134463	ECHDC3	448901
ENSG00000215251	FASTKD5	448625
ENSG00000104147	OIP5	448218
ENSG00000176160	HSF5	448168
ENSG00000153790	C7orf31	448150
ENSG00000147138	GPR174	448027
ENSG00000179409	GEMIN4	447934
ENSG00000185668	POU3F1	447913
ENSG00000283434	CSNKA2IP	447796
ENSG00000160336	ZNF761	447396
ENSG00000010327	STAB1	447194
ENSG00000181392	SYNE4	446973
ENSG00000176890	TYMS	446309
ENSG00000138115	CYP2C8	445823
ENSG00000204248	COL11A2	445744
ENSG00000135744	AGT	445708
ENSG00000185306	C12orf56	445284
ENSG00000175505	CLCF1	445236
ENSG00000215012	RTL10	445035
ENSG00000111331	OAS3	444463
ENSG00000196943	NOP9	443868
ENSG00000150773	PIH1D2	443283
ENSG00000181626	ANKRD62	442553
ENSG00000102359	SRPX2	442384
ENSG00000171970	ZNF57	442317
ENSG00000236609	ZNF853	442169
ENSG00000180855	ZNF443	441989
ENSG00000234465	PINLYP	441914
ENSG00000007384	RHBDF1	441794
ENSG00000184730	APOBR	441031
ENSG00000160207	HSF2BP	440943
ENSG00000159640	ACE	440921
ENSG00000147614	ATP6V0D2	440785
ENSG00000172771	EFCAB12	440472
ENSG00000149305	HTR3B	440355
ENSG00000172345	STARD5	439853
ENSG00000176887	SOX11	439618
ENSG00000175283	DOLK	439582
ENSG00000135722	FBXL8	439365
ENSG00000140832	MARVELD3	439249
ENSG00000147588	PMP2	439247
ENSG00000278570	NR2E3	438469
ENSG00000129151	BBOX1	438312
ENSG00000162738	VANGL2	438083
ENSG00000160602	NEK8	438045
ENSG00000112486	CCR6	438024
ENSG00000130545	CRB3	437922
ENSG00000204475	NCR3	437745
ENSG00000166091	CMTM5	437672
ENSG00000154269	ENPP3	437449
ENSG00000131899	LLGL1	437422
ENSG00000115221	ITGB6	437310
ENSG00000074181	NOTCH3	437177
ENSG00000173376	NDNF	437113
ENSG00000204161	TMEM273	437071
ENSG00000171217	CLDN20	436667
ENSG00000022556	NLRP2	436488
ENSG00000102384	CENPI	436146
ENSG00000115107	STEAP3	436136
ENSG00000101198	NKAIN4	436096
ENSG00000164087	POC1A	436057
ENSG00000125954	CHURC1-FNTB	435856
ENSG00000183773	AIFM3	435396
ENSG00000148288	GBGT1	434937
ENSG00000267127	ENSG00000267127.7	434859
ENSG00000132026	RTBDN	434590
ENSG00000123080	CDKN2C	434327
ENSG00000064886	CHI3L2	434285
ENSG00000161509	GRIN2C	434207
ENSG00000106511	MEOX2	433953
ENSG00000241404	EGFL8	433782
ENSG00000131096	PYY	433764
ENSG00000137101	CD72	433663
ENSG00000125657	TNFSF9	433434
ENSG00000115138	POMC	433375
ENSG00000146276	GABRR1	433349
ENSG00000153446	C16orf89	433079
ENSG00000183484	GPR132	432956
ENSG00000198205	ZXDA	432948
ENSG00000196553	CCDC196	432722
ENSG00000141574	SECTM1	432615
ENSG00000147394	ZNF185	431622
ENSG00000197465	GYPE	431440
ENSG00000150722	PPP1R1C	431088
ENSG00000144792	ZNF660	431066
ENSG00000101049	SGK2	431028
ENSG00000269964	MEI4	430749
ENSG00000112414	ADGRG6	430717
ENSG00000180921	FAM83H	430586
ENSG00000213390	ARHGAP19	430585
ENSG00000005001	PRSS22	430476
ENSG00000109743	BST1	430361
ENSG00000065325	GLP2R	430302
ENSG00000145945	FAM50B	430297
ENSG00000166035	LIPC	429932
ENSG00000205643	CDPF1	429593
ENSG00000166451	CENPN	428237
ENSG00000137691	CFAP300	428107
ENSG00000243710	CFAP57	427976
ENSG00000175213	ZNF408	427927
ENSG00000179630	LACC1	427908
ENSG00000119681	LTBP2	427846
ENSG00000205111	CDKL4	427680
ENSG00000255150	EID3	427648
ENSG00000050555	LAMC3	427307
ENSG00000189099	PRSS48	427206
ENSG00000178796	RIIAD1	427069
ENSG00000175229	GAL3ST3	426690
ENSG00000137877	SPTBN5	426659
ENSG00000180638	SLC47A2	426617
ENSG00000111602	TIMELESS	426593
ENSG00000159374	M1AP	426447
ENSG00000144395	CCDC150	425975
ENSG00000204381	LAYN	425800
ENSG00000163576	EFHB	425738
ENSG00000164129	NPY5R	425603
ENSG00000126215	XRCC3	425397
ENSG00000197901	SLC22A6	425298
ENSG00000167755	KLK6	424425
ENSG00000138792	ENPEP	424288
ENSG00000186847	KRT14	424240
ENSG00000188848	BEND4	424056
ENSG00000170379	TCAF2	423941
ENSG00000083307	GRHL2	423843
ENSG00000232653	GOLGA8N	423535
ENSG00000213221	DNLZ	423321
ENSG00000149599	DUSP15	422242
ENSG00000214274	ANG	422240
ENSG00000087494	PTHLH	422136
ENSG00000128271	ADORA2A	422135
ENSG00000171806	METTL18	422105
ENSG00000271254	ENSG00000271254.7	422005
ENSG00000108244	KRT23	421944
ENSG00000164175	SLC45A2	421747
ENSG00000205517	RGL3	421645
ENSG00000164002	EXO5	421453
ENSG00000166569	CPLX4	421356
ENSG00000188771	PLET1	421312
ENSG00000112280	COL9A1	421125
ENSG00000162039	MEIOB	421010
ENSG00000163132	MSX1	420879
ENSG00000152253	SPC25	420787
ENSG00000243789	JMJD7	420726
ENSG00000172296	SPTLC3	420562
ENSG00000113088	GZMK	420504
ENSG00000003137	CYP26B1	420234
ENSG00000182712	CMC4	420139
ENSG00000173391	OLR1	419680
ENSG00000154764	WNT7A	419662
ENSG00000179886	TIGD5	419530
ENSG00000161860	SYCE2	419142
ENSG00000175449	RFESD	419056
ENSG00000185958	FAM186A	418977
ENSG00000182557	SPNS3	418909
ENSG00000161328	LRRC56	418804
ENSG00000279073	ENSG00000279073.3	418388
ENSG00000173218	VANGL1	418278
ENSG00000111215	PRR4	418203
ENSG00000166851	PLK1	418149
ENSG00000150893	FREM2	418097
ENSG00000168229	PTGDR	417857
ENSG00000169955	ZNF747	417783
ENSG00000144063	MALL	417560
ENSG00000119147	ECRG4	417506
ENSG00000204866	IGFL2	417491
ENSG00000138778	CENPE	417325
ENSG00000183067	IGSF5	417286
ENSG00000130513	GDF15	417145
ENSG00000108001	EBF3	416457
ENSG00000149782	PLCB3	416413
ENSG00000100767	PAPLN	416177
ENSG00000164530	PI16	415949
ENSG00000203710	CR1	415907
ENSG00000213799	ZNF845	415900
ENSG00000118271	TTR	415857
ENSG00000010379	SLC6A13	415785
ENSG00000173531	MST1	415737
ENSG00000101331	CCM2L	415707
ENSG00000132825	PPP1R3D	415621
ENSG00000273217	ENSG00000273217.1	415284
ENSG00000148426	PROSER2	415206
ENSG00000007129	CEACAM21	415070
ENSG00000025423	HSD17B6	414873
ENSG00000186439	TRDN	414669
ENSG00000103522	IL21R	414574
ENSG00000284770	TBCE	414143
ENSG00000183793	NPIPA5	413880
ENSG00000133101	CCNA1	413762
ENSG00000122824	NUDT10	413684
ENSG00000102802	MEDAG	413300
ENSG00000006747	SCIN	413284
ENSG00000166923	GREM1	413216
ENSG00000105982	RNF32	413069
ENSG00000124731	TREM1	412791
ENSG00000256229	ZNF486	412756
ENSG00000158825	CDA	412726
ENSG00000124466	LYPD3	412270
ENSG00000249141	ENSG00000249141.1	412221
ENSG00000173530	TNFRSF10D	412009
ENSG00000175489	LRRC25	411954
ENSG00000102104	RS1	411571
ENSG00000118894	EEF2KMT	411553
ENSG00000167664	TMIGD2	411224
ENSG00000136011	STAB2	411117
ENSG00000100583	SAMD15	410779
ENSG00000124067	SLC12A4	410673
ENSG00000081818	PCDHB4	410540
ENSG00000124116	WFDC3	410536
ENSG00000144119	C1QL2	410413
ENSG00000116771	AGMAT	410212
ENSG00000205670	SMIM11	410064
ENSG00000205208	C4orf46	409474
ENSG00000258465	ENSG00000258465.8	409373
ENSG00000198848	CES1	409339
ENSG00000135917	SLC19A3	408925
ENSG00000105136	ZNF419	408663
ENSG00000203814	H2BC18	408654
ENSG00000153896	ZNF599	408563
ENSG00000235034	C19orf81	408364
ENSG00000113389	NPR3	408267
ENSG00000042832	TG	408260
ENSG00000196136	SERPINA3	407997
ENSG00000186891	TNFRSF18	407633
ENSG00000171659	GPR34	407279
ENSG00000251655	PRB1	406995
ENSG00000090932	DLL3	406903
ENSG00000205277	MUC12	406673
ENSG00000222046	DCDC2B	406574
ENSG00000124839	RAB17	406424
ENSG00000197705	KLHL14	406334
ENSG00000171241	SHCBP1	406063
ENSG00000121211	MND1	405755
ENSG00000095587	TLL2	405540
ENSG00000204278	TMEM235	405533
ENSG00000132259	CNGA4	405156
ENSG00000139133	ALG10	405134
ENSG00000127423	AUNIP	404651
ENSG00000005243	COPZ2	404566
ENSG00000239920	ENSG00000239920.2	404449
ENSG00000136449	MYCBPAP	404427
ENSG00000258839	MC1R	404361
ENSG00000254656	RTL1	404107
ENSG00000203724	C1orf53	403363
ENSG00000180447	GAS1	403228
ENSG00000073861	TBX21	403153
ENSG00000118491	ZC2HC1B	402756
ENSG00000185519	FAM131C	402381
ENSG00000180758	GPR157	402265
ENSG00000277481	PKD1L3	402093
ENSG00000205403	CFI	402092
ENSG00000139567	ACVRL1	401576
ENSG00000137561	TTPA	401528
ENSG00000196616	ADH1B	401475
ENSG00000157765	SLC34A2	401384
ENSG00000162877	PM20D1	401113
ENSG00000277161	PIGW	401105
ENSG00000111424	VDR	401087
ENSG00000145681	HAPLN1	401079
ENSG00000170927	PKHD1	400885
ENSG00000187554	TLR5	400826
ENSG00000214711	CAPN14	400809
ENSG00000184956	MUC6	400376
ENSG00000177692	DNAJC28	400281
ENSG00000269313	MAGIX	400235
ENSG00000224940	PRRT4	400206
ENSG00000273291	ENSG00000273291.5	399920
ENSG00000163251	FZD5	399895
ENSG00000152433	ZNF547	399764
ENSG00000146215	CRIP3	399698
ENSG00000115604	IL18R1	399591
ENSG00000205279	CTXN3	399422
ENSG00000189181	OR14I1	398669
ENSG00000214265	ENSG00000214265.11	398430
ENSG00000139354	GAS2L3	398007
ENSG00000164849	GPR146	397925
ENSG00000239887	C1orf226	397900
ENSG00000185304	RGPD2	397858
ENSG00000167981	ZNF597	397748
ENSG00000124467	PSG8	397673
ENSG00000149451	ADAM33	397607
ENSG00000101888	NXT2	397541
ENSG00000147571	CRH	397351
ENSG00000153266	FEZF2	396707
ENSG00000283208	ENSG00000283208.2	396698
ENSG00000127324	TSPAN8	396682
ENSG00000233954	UQCRHL	396677
ENSG00000142973	CYP4B1	396561
ENSG00000138356	AOX1	396328
ENSG00000184227	ACOT1	396051
ENSG00000139155	SLCO1C1	395839
ENSG00000125207	PIWIL1	395818
ENSG00000128602	SMO	395717
ENSG00000182492	BGN	395299
ENSG00000110777	POU2AF1	395071
ENSG00000143382	ADAMTSL4	395021
ENSG00000257315	ZBED6	394947
ENSG00000143171	RXRG	394810
ENSG00000198064	NPIPB13	394708
ENSG00000187792	ZNF70	394481
ENSG00000132010	ZNF20	394062
ENSG00000254206	NPIPB11	393225
ENSG00000165646	SLC18A2	393171
ENSG00000205669	ACOT6	393151
ENSG00000124256	ZBP1	392541
ENSG00000147117	ZNF157	392379
ENSG00000006611	USH1C	392189
ENSG00000259024	TVP23C-CDRT4	392005
ENSG00000021488	SLC7A9	391987
ENSG00000112303	VNN2	391837
ENSG00000197905	TEAD4	391811
ENSG00000248643	RBM14-RBM4	391798
ENSG00000180828	BHLHE22	391710
ENSG00000197128	ZNF772	391368
ENSG00000176428	VPS37D	391173
ENSG00000125046	SSUH2	390916
ENSG00000133800	LYVE1	390841
ENSG00000146205	ANO7	390839
ENSG00000139410	SDSL	390720
ENSG00000180423	HARBI1	390484
ENSG00000073282	TP63	390313
ENSG00000161955	TNFSF13	390154
ENSG00000147889	CDKN2A	389944
ENSG00000235568	NFAM1	389625
ENSG00000255346	NOX5_ENSG00000255346	389365
ENSG00000148357	HMCN2	388724
ENSG00000134339	SAA2	388718
ENSG00000152669	CCNO	388642
ENSG00000213578	CPLX3	387937
ENSG00000183439	TRIM61	387826
ENSG00000137496	IL18BP	387701
ENSG00000162745	OLFML2B	387520
ENSG00000101842	VSIG1	387470
ENSG00000205978	NYNRIN	387416
ENSG00000277200	CCDC92B	387158
ENSG00000174059	CD34	387135
ENSG00000137860	SLC28A2	386878
ENSG00000134253	TRIM45	386710
ENSG00000196092	PAX5	386678
ENSG00000243649	CFB	386505
ENSG00000170236	USP50	386155
ENSG00000054598	FOXC1	385910
ENSG00000132109	TRIM21	385737
ENSG00000258818	RNASE4	385314
ENSG00000197646	PDCD1LG2	385233
ENSG00000170468	RIOX1	385108
ENSG00000186994	KANK3	385054
ENSG00000145423	SFRP2	385042
ENSG00000253797	UTP14C	384868
ENSG00000173421	IHO1	384598
ENSG00000121903	ZSCAN20	384498
ENSG00000132016	BRME1	384491
ENSG00000171649	ZIK1	384132
ENSG00000171180	OR2M4	384098
ENSG00000196497	IPO4	384016
ENSG00000149021	SCGB1A1	383962
ENSG00000089012	SIRPG	383948
ENSG00000165078	CPA6	383757
ENSG00000129038	LOXL1	383733
ENSG00000166860	ZBTB39	383731
ENSG00000117281	CD160	383686
ENSG00000122035	RASL11A	383631
ENSG00000204851	PNMA8B	383430
ENSG00000162643	DNAI3	383422
ENSG00000162779	AXDND1	383268
ENSG00000170231	FABP6	383217
ENSG00000236782	ZNF593OS	382598
ENSG00000214511	HIGD1C	382485
ENSG00000102996	MMP15	382076
ENSG00000213967	ZNF726	381862
ENSG00000255872	ENSG00000255872.3	381788
ENSG00000265763	ZNF488	381701
ENSG00000143882	ATP6V1C2	381640
ENSG00000016402	IL20RA	381587
ENSG00000167588	GPD1	381493
ENSG00000215704	CELA2B	381389
ENSG00000134864	GGACT	381317
ENSG00000175538	KCNE3	381168
ENSG00000188011	RTP5	381160
ENSG00000011590	ZBTB32	381013
ENSG00000256806	C17orf100	380563
ENSG00000012223	LTF	380550
ENSG00000131849	ZNF132	380516
ENSG00000174348	PODN	380389
ENSG00000198003	ODAD3	379532
ENSG00000185561	TLCD2	379524
ENSG00000133874	RNF122	379382
ENSG00000128655	PDE11A	379280
ENSG00000056736	IL17RB	378906
ENSG00000153898	MCOLN2	378848
ENSG00000187151	ANGPTL5	378757
ENSG00000269026	ENSG00000269026.2	378578
ENSG00000088325	TPX2	378564
ENSG00000118513	MYB	378265
ENSG00000132958	TPTE2	378205
ENSG00000182853	VMO1	378039
ENSG00000129048	ACKR4	377686
ENSG00000182177	ASB18	377450
ENSG00000159189	C1QC	377384
ENSG00000135437	RDH5	377291
ENSG00000160883	HK3	377176
ENSG00000196109	ZNF676	376949
ENSG00000135547	HEY2	376366
ENSG00000257335	MGAM	375998
ENSG00000132688	NES	375788
ENSG00000183844	FAM3B	375475
ENSG00000182107	TMEM30B	375439
ENSG00000037897	METTL1	375091
ENSG00000180209	MYL11	374827
ENSG00000196584	XRCC2	374758
ENSG00000183048	SLC25A10	374205
ENSG00000101986	ABCD1	374078
ENSG00000111834	RSPH4A	373993
ENSG00000137474	MYO7A	373956
ENSG00000180509	KCNE1	373871
ENSG00000184374	COLEC10	373719
ENSG00000231738	TSPAN19	373699
ENSG00000187546	AGMO	373595
ENSG00000135925	WNT10A	373345
ENSG00000105383	CD33	373192
ENSG00000169860	P2RY1	373076
ENSG00000163141	BNIPL	372763
ENSG00000181656	GPR88	372650
ENSG00000174564	IL20RB	372645
ENSG00000153822	KCNJ16	372533
ENSG00000283201	ENSG00000283201.1	372247
ENSG00000159166	LAD1	372151
ENSG00000178342	KCNG2	372035
ENSG00000163673	DCLK3	372025
ENSG00000158427	TMSB15B	371944
ENSG00000122877	EGR2	371612
ENSG00000108405	P2RX1	371604
ENSG00000184012	TMPRSS2	371588
ENSG00000166578	IQCD	371398
ENSG00000160180	TFF3	371397
ENSG00000197483	ZNF628	371328
ENSG00000267360	ENSG00000267360.6	371320
ENSG00000204923	FBXO48	371218
ENSG00000186407	CD300E	371133
ENSG00000198298	ZNF485	371092
ENSG00000197557	TTC30A	371063
ENSG00000152454	ZNF256	370929
ENSG00000145861	C1QTNF2	370786
ENSG00000197134	ZNF257	370340
ENSG00000196812	ZSCAN16	370205
ENSG00000172139	SLC9C1	369848
ENSG00000130045	NXNL2	369809
ENSG00000132793	LPIN3	369703
ENSG00000213694	S1PR3	369690
ENSG00000116096	SPR	369670
ENSG00000270149	ENSG00000270149.5	369229
ENSG00000187650	VMAC	369219
ENSG00000171860	C3AR1	369193
ENSG00000174740	PABPC5	369050
ENSG00000166394	CYB5R2	368687
ENSG00000008438	PGLYRP1	368475
ENSG00000214309	MBLAC1	368324
ENSG00000187796	CARD9	368067
ENSG00000254732	ENSG00000254732.2	368065
ENSG00000184497	TMEM255B	367913
ENSG00000175643	RMI2	367797
ENSG00000099937	SERPIND1	367794
ENSG00000137699	TRIM29	367263
ENSG00000162148	PPP1R32	366704
ENSG00000123892	RAB38	366521
ENSG00000163833	FBXO40	366424
ENSG00000250361	GYPB	366301
ENSG00000179954	SSC5D	366226
ENSG00000166707	ZCCHC18	366177
ENSG00000019169	MARCO	365967
ENSG00000205929	C21orf62	365938
ENSG00000198841	KTI12	365931
ENSG00000198570	RD3	365911
ENSG00000138075	ABCG5	365886
ENSG00000186197	EDARADD	365868
ENSG00000111247	RAD51AP1	365668
ENSG00000173918	C1QTNF1	365505
ENSG00000149548	CCDC15	365422
ENSG00000143921	ABCG8	365420
ENSG00000261308	FIGNL2	365373
ENSG00000118004	COLEC11	365252
ENSG00000171790	SLFNL1	364936
ENSG00000128342	LIF	364752
ENSG00000124217	MOCS3	364679
ENSG00000167333	TRIM68	364661
ENSG00000183763	TRAIP	364475
ENSG00000136573	BLK	364404
ENSG00000159761	C16orf86	364320
ENSG00000110079	MS4A4A	363929
ENSG00000163072	NOSTRIN	363576
ENSG00000155367	PPM1J	363447
ENSG00000026751	SLAMF7	363355
ENSG00000267318	ENSG00000267318.1	363206
ENSG00000121053	EPX	362949
ENSG00000053702	NRIP2	362798
ENSG00000186827	TNFRSF4	362794
ENSG00000142530	GARIN5A	362735
ENSG00000114113	RBP2	362709
ENSG00000243244	STON1	362423
ENSG00000182983	ZNF662	362021
ENSG00000102245	CD40LG	362017
ENSG00000259112	NDUFC2-KCTD14	361935
ENSG00000204516	MICB	361751
ENSG00000115163	CENPA	361649
ENSG00000166473	PKD1L2	361626
ENSG00000170835	CEL	361580
ENSG00000104883	PEX11G	361528
ENSG00000206538	VGLL3	361452
ENSG00000188761	BCL2L15	361409
ENSG00000161914	ZNF653	361079
ENSG00000124216	SNAI1	360965
ENSG00000164296	TIGD6	360369
ENSG00000166407	LMO1	360317
ENSG00000235173	HGH1	360179
ENSG00000162526	TSSK3	360007
ENSG00000285976	ENSG00000285976.2	359808
ENSG00000114638	UPK1B	359486
ENSG00000188051	TMEM221	359402
ENSG00000143217	NECTIN4	359319
ENSG00000135253	KCP	359301
ENSG00000008196	TFAP2B	359142
ENSG00000140557	ST8SIA2	358930
ENSG00000174137	FAM53A	358796
ENSG00000285218	ENSG00000285218.1	358706
ENSG00000180336	MEIOC	358700
ENSG00000249884	RNF103-CHMP3	358643
ENSG00000105251	SHD	358498
ENSG00000196932	TMEM26	358264
ENSG00000122420	PTGFR	358106
ENSG00000152049	KCNE4	356818
ENSG00000056291	NPFFR2	356693
ENSG00000085552	IGSF9	356688
ENSG00000127903	ZNF835	356621
ENSG00000100625	SIX4	356326
ENSG00000137142	IGFBPL1	356319
ENSG00000124882	EREG	356176
ENSG00000239282	CASTOR1	356143
ENSG00000118804	STBD1	356045
ENSG00000100290	BIK	355985
ENSG00000128052	KDR	355849
ENSG00000131470	PSMC3IP	355647
ENSG00000126460	PRRG2	355611
ENSG00000135773	CAPN9	355000
ENSG00000182704	TSKU	354810
ENSG00000170509	HSD17B13	354601
ENSG00000186280	KDM4D	354577
ENSG00000182318	ZSCAN22	354407
ENSG00000109943	CRTAM	354188
ENSG00000101251	SEL1L2	354124
ENSG00000185101	ANO9	353581
ENSG00000089723	OTUB2	353159
ENSG00000163993	S100P	353119
ENSG00000213999	MEF2B	353080
ENSG00000161270	NPHS1	353036
ENSG00000159958	TNFRSF13C	352825
ENSG00000113739	STC2	352333
ENSG00000169836	TACR3	352300
ENSG00000150681	RGS18	351799
ENSG00000274180	NATD1	351731
ENSG00000171847	FAM90A1	351500
ENSG00000220008	LINGO3	351493
ENSG00000178409	BEND3	351348
ENSG00000176571	CNBD1	351344
ENSG00000253309	SERPINE3	350930
ENSG00000144354	CDCA7	350796
ENSG00000130377	ACSBG2	350762
ENSG00000272968	RBAK-RBAKDN	350636
ENSG00000124257	NEURL2	350589
ENSG00000111404	RERGL	350542
ENSG00000186007	LEMD1	350473
ENSG00000138160	KIF11	350465
ENSG00000214842	RAD51AP2	349355
ENSG00000159212	CLIC6	349320
ENSG00000222009	BTBD19	349297
ENSG00000019549	SNAI2	349293
ENSG00000123374	CDK2	349128
ENSG00000170476	MZB1	349106
ENSG00000198346	ZNF813	348928
ENSG00000283782	ENSG00000283782.2	348712
ENSG00000198523	PLN	348644
ENSG00000137673	MMP7	348338
ENSG00000186645	SPDYE17	348104
ENSG00000204839	MROH6	347447
ENSG00000087303	NID2	347400
ENSG00000168079	SCARA5	347339
ENSG00000278558	TMEM191B	347145
ENSG00000173991	TCAP	346880
ENSG00000169435	RASSF6	346871
ENSG00000176387	HSD11B2	346785
ENSG00000214946	TBC1D26	346699
ENSG00000116035	VAX2	346364
ENSG00000189184	PCDH18	345922
ENSG00000100427	MLC1	345866
ENSG00000101447	FAM83D	345627
ENSG00000181036	FCRL6	345474
ENSG00000221882	OR3A2	345314
ENSG00000254585	MAGEL2	345178
ENSG00000136689	IL1RN	345064
ENSG00000183734	ASCL2	345001
ENSG00000099998	GGT5	344960
ENSG00000155875	SAXO1	344860
ENSG00000156966	B3GNT7	344644
ENSG00000204305	AGER	344557
ENSG00000109684	CLNK	344442
ENSG00000170370	EMX2	344228
ENSG00000169562	GJB1	344200
ENSG00000181631	P2RY13	344056
ENSG00000267060	PTGES3L	343694
ENSG00000176563	CNTD1	343681
ENSG00000068489	PRR11	343651
ENSG00000142512	SIGLEC10	343616
ENSG00000167723	TRPV3	343308
ENSG00000172058	SERF1A	343297
ENSG00000103343	ZNF174	343187
ENSG00000118156	ZNF541	343129
ENSG00000276070	CCL4L2	343060
ENSG00000088002	SULT2B1	343039
ENSG00000164049	FBXW12	342441
ENSG00000182931	WFDC10B	342337
ENSG00000110195	FOLR1	341984
ENSG00000188133	TMEM215	341962
ENSG00000187144	SPATA21	341840
ENSG00000142273	CBLC	341813
ENSG00000175544	CABP4	341782
ENSG00000198574	SH2D1B	341444
ENSG00000111305	GSG1	341206
ENSG00000115009	CCL20	340970
ENSG00000125864	BFSP1	340901
ENSG00000181847	TIGIT	340848
ENSG00000169126	ODAD2	340835
ENSG00000203907	OOEP	340783
ENSG00000168594	ADAM29	340700
ENSG00000131400	NAPSA	340342
ENSG00000163600	ICOS	340212
ENSG00000153093	ACOXL	340210
ENSG00000100628	ASB2	340091
ENSG00000278505	C17orf78	340078
ENSG00000181195	PENK	340024
ENSG00000176472	ZNF575	339703
ENSG00000137834	SMAD6	339532
ENSG00000273088	ENSG00000273088.2	339327
ENSG00000125245	GPR18	339017
ENSG00000187033	SAMD7	338977
ENSG00000215915	ATAD3C	338869
ENSG00000116774	OLFML3	338395
ENSG00000175697	GPR156	338156
ENSG00000146858	ZC3HAV1L	337875
ENSG00000144362	PHOSPHO2	337660
ENSG00000087510	TFAP2C	337344
ENSG00000186777	ZNF732	337097
ENSG00000168874	ATOH8	336704
ENSG00000080511	RDH8	336440
ENSG00000196981	WDR5B	336379
ENSG00000047936	ROS1	336359
ENSG00000124479	NDP	336196
ENSG00000212747	RTL8B	335906
ENSG00000172901	LVRN	335722
ENSG00000184388	PABPC1L2B	335712
ENSG00000141434	MEP1B	335677
ENSG00000162552	WNT4	335359
ENSG00000178623	GPR35	335160
ENSG00000197385	ZNF860	334969
ENSG00000101230	ISM1	334814
ENSG00000163645	ERICH6	334672
ENSG00000283321	ENSG00000283321.1	334652
ENSG00000122223	CD244	334645
ENSG00000172828	CES3	334573
ENSG00000180592	SKIDA1	334355
ENSG00000064205	CCN5	334351
ENSG00000285791	ENSG00000285791.1	334343
ENSG00000174327	SLC16A13	334291
ENSG00000112276	BVES	334280
ENSG00000237541	HLA-DQA2	334229
ENSG00000101188	NTSR1	334086
ENSG00000145975	FAM217A	334063
ENSG00000187486	KCNJ11	334033
ENSG00000122543	OCM	334028
ENSG00000170820	FSHR	333986
ENSG00000180346	TIGD2	333915
ENSG00000123901	GPR83	333693
ENSG00000118777	ABCG2	333481
ENSG00000105427	CNFN	333317
ENSG00000157833	GAREM2	333074
ENSG00000164976	MYORG	332328
ENSG00000139194	RBP5	331880
ENSG00000070193	FGF10	331778
ENSG00000143452	HORMAD1	331705
ENSG00000075643	MOCOS	331458
ENSG00000145936	KCNMB1	331383
ENSG00000143578	CREB3L4	330814
ENSG00000235387	SPAAR	330723
ENSG00000176153	GPX2	330524
ENSG00000173212	MAB21L3	330415
ENSG00000142178	SIK1	330296
ENSG00000170425	ADORA2B	330289
ENSG00000122952	ZWINT	330027
ENSG00000241935	HOGA1	329962
ENSG00000213689	TREX1	329912
ENSG00000173262	SLC2A14	329771
ENSG00000162004	CCDC78	329580
ENSG00000076258	FMO4	329243
ENSG00000117090	SLAMF1	329049
ENSG00000125355	TMEM255A	328861
ENSG00000122375	OPN4	328794
ENSG00000164326	CARTPT	328732
ENSG00000169436	COL22A1	328670
ENSG00000120051	CFAP58	328468
ENSG00000129009	ISLR	328384
ENSG00000156510	HKDC1	328375
ENSG00000183496	MEX3B	328372
ENSG00000259305	ZHX1-C8orf76	328351
ENSG00000138622	HCN4	328267
ENSG00000124102	PI3	328226
ENSG00000090889	KIF4A	328178
ENSG00000137731	FXYD2	328158
ENSG00000102890	ELMO3	328114
ENSG00000242715	CCDC169	327924
ENSG00000239998	LILRA2	327846
ENSG00000236383	CCDC200	327654
ENSG00000128383	APOBEC3A	327570
ENSG00000008226	DLEC1	327534
ENSG00000019102	VSIG2	327525
ENSG00000270011	ZNF559-ZNF177	327494
ENSG00000135747	ZNF670-ZNF695	327441
ENSG00000188338	SLC38A3	327281
ENSG00000214290	POU2AF3	327269
ENSG00000066185	ZMYND12	327200
ENSG00000155066	PROM2	327120
ENSG00000144730	IL17RD	327108
ENSG00000095303	PTGS1	327038
ENSG00000137473	TTC29	326806
ENSG00000171124	FUT3	326763
ENSG00000160318	CLDND2	326755
ENSG00000146700	SSC4D	326712
ENSG00000139352	ASCL1	326666
ENSG00000134690	CDCA8	326354
ENSG00000162062	TEDC2	326319
ENSG00000172738	TMEM217	326175
ENSG00000179859	RNF227	326062
ENSG00000164406	LEAP2	325959
ENSG00000165091	TMC1	325846
ENSG00000260537	ENSG00000260537.2	325618
ENSG00000153976	HS3ST3A1	325614
ENSG00000274290	H2BC6	325551
ENSG00000130772	MED18	325398
ENSG00000120217	CD274	325342
ENSG00000148482	SLC39A12	325238
ENSG00000196411	EPHB4	325171
ENSG00000205639	MFSD2B	325121
ENSG00000257057	C11orf97	325065
ENSG00000167103	PIP5KL1	324805
ENSG00000163633	C4orf36	324754
ENSG00000248483	POU5F2	324575
ENSG00000136883	KIF12	324501
ENSG00000133454	MYO18B	324366
ENSG00000139880	CDH24	324312
ENSG00000176723	ZNF843	324005
ENSG00000173083	HPSE	323977
ENSG00000137804	NUSAP1	323956
ENSG00000150594	ADRA2A	323904
ENSG00000187527	ATP13A5	323850
ENSG00000205221	VIT	323761
ENSG00000135114	OASL	323663
ENSG00000198835	GJC2	323639
ENSG00000197279	ZNF165	323587
ENSG00000112029	FBXO5	323504
ENSG00000173157	ADAMTS20	323366
ENSG00000139618	BRCA2	323254
ENSG00000074047	GLI2	323120
ENSG00000166126	AMN	322769
ENSG00000091262	ABCC6	322671
ENSG00000131037	EPS8L1	322666
ENSG00000176732	PFN4	322650
ENSG00000185479	KRT6B	322598
ENSG00000152670	DDX4	322528
ENSG00000175093	SPSB4	322345
ENSG00000264343	NOTCH2NLA	322124
ENSG00000182103	FAM181B	322055
ENSG00000050327	ARHGEF5	321962
ENSG00000119686	FLVCR2	321938
ENSG00000163521	GLB1L	321904
ENSG00000250506	CDK3	321876
ENSG00000115474	KCNJ13	321835
ENSG00000135625	EGR4	321680
ENSG00000139053	PDE6H	321556
ENSG00000173467	AGR3	321541
ENSG00000094963	FMO2	321330
ENSG00000172940	SLC22A13	321272
ENSG00000111886	GABRR2	321247
ENSG00000224578	HNRNPA1L3	320806
ENSG00000008516	MMP25	320763
ENSG00000158887	MPZ	320737
ENSG00000162843	WDR64	320596
ENSG00000173269	MMRN2	320581
ENSG00000234284	ZNF879	320483
ENSG00000143178	TBX19	320425
ENSG00000137404	NRM	320375
ENSG00000163154	TNFAIP8L2	320217
ENSG00000136943	CTSV	320174
ENSG00000170469	SPATA24	320059
ENSG00000151655	ITIH2	319897
ENSG00000070886	EPHA8	319737
ENSG00000187889	FYB2	319654
ENSG00000253506	NACA2	319559
ENSG00000185681	MORN5	319431
ENSG00000112936	C7_ENSG00000112936	319348
ENSG00000157017	GHRL	319170
ENSG00000169271	HSPB3	319101
ENSG00000177839	PCDHB9	319095
ENSG00000177943	MAMDC4	319051
ENSG00000231824	AKAIN1	319049
ENSG00000213214	ARHGEF35	318846
ENSG00000168398	BDKRB2	318654
ENSG00000085999	RAD54L	318602
ENSG00000122176	FMOD	318485
ENSG00000151725	CENPU	318414
ENSG00000010310	GIPR	318396
ENSG00000168878	SFTPB	318278
ENSG00000118137	APOA1	318265
ENSG00000189409	MMP23B	317702
ENSG00000235007	ENSG00000235007.3	317696
ENSG00000123342	MMP19	317620
ENSG00000168806	LCMT2	317133
ENSG00000176381	PRR18	317062
ENSG00000133710	SPINK5	317037
ENSG00000155760	FZD7	316824
ENSG00000066279	ASPM	316760
ENSG00000101470	TNNC2	316742
ENSG00000017483	SLC38A5	316712
ENSG00000109255	NMU	316370
ENSG00000171169	NAIF1	316161
ENSG00000179008	C14orf39	316021
ENSG00000135702	CHST5	315788
ENSG00000104808	DHDH	315608
ENSG00000155659	VSIG4	315187
ENSG00000165171	METTL27	314901
ENSG00000186818	LILRB4	314795
ENSG00000164089	ETNPPL	314521
ENSG00000269955	FMC1-LUC7L2	314461
ENSG00000030304	MUSK	314305
ENSG00000196466	ZNF799	314280
ENSG00000113924	HGD	314220
ENSG00000273025	ENSG00000273025.1	314026
ENSG00000104892	KLC3	313794
ENSG00000146469	VIP	313696
ENSG00000260729	ENSG00000260729.1	313654
ENSG00000021461	CYP3A43	313537
ENSG00000164744	SUN3	313286
ENSG00000094755	GABRP	313170
ENSG00000163666	HESX1	313107
ENSG00000160185	UBASH3A	312802
ENSG00000100196	KDELR3	312558
ENSG00000113083	LOX	312378
ENSG00000166816	LDHD	312319
ENSG00000183873	SCN5A	312200
ENSG00000183647	ZNF530	312123
ENSG00000177459	ERICH5	312054
ENSG00000123838	C4BPA	312027
ENSG00000170684	ZNF296	311962
ENSG00000187116	LILRA5	311904
ENSG00000251287	ALG1L2	311671
ENSG00000143816	WNT9A	311566
ENSG00000128346	C22orf23	311343
ENSG00000204604	ZNF468	311309
ENSG00000109063	MYH3	311222
ENSG00000198324	PHETA1	311064
ENSG00000160949	TONSL	310828
ENSG00000132518	GUCY2D	310801
ENSG00000189292	ALKAL2	310734
ENSG00000165617	DACT1	310712
ENSG00000074219	TEAD2	310710
ENSG00000043039	BARX2	310592
ENSG00000141448	GATA6	310453
ENSG00000124134	KCNS1	310294
ENSG00000168060	NAALADL1	310229
ENSG00000167711	SERPINF2	310103
ENSG00000164695	CHMP4C	310019
ENSG00000100987	VSX1	310014
ENSG00000183208	GDPGP1	309977
ENSG00000273604	EPOP	309973
ENSG00000152939	MARVELD2	309904
ENSG00000184481	FOXO4	309819
ENSG00000184564	SLITRK6	309796
ENSG00000070526	ST6GALNAC1	309223
ENSG00000186446	ZNF501	309127
ENSG00000157703	SVOPL	309074
ENSG00000132357	CARD6	308989
ENSG00000171777	RASGRP4	308798
ENSG00000155719	OTOA	308502
ENSG00000102924	CBLN1	308373
ENSG00000175857	GAPT	307970
ENSG00000176601	MAP3K19	307569
ENSG00000138080	EMILIN1	307502
ENSG00000147432	CHRNB3	307417
ENSG00000173040	EVC2	307260
ENSG00000175318	GRAMD2A	307114
ENSG00000179869	ABCA13	307102
ENSG00000273802	H2BC8	307092
ENSG00000134323	MYCN	306689
ENSG00000189127	ANKRD34B	306543
ENSG00000221916	C19orf73	306387
ENSG00000176435	CLEC14A	306314
ENSG00000154760	SLFN13	306072
ENSG00000171227	TMEM37	305780
ENSG00000159339	PADI4	305718
ENSG00000162949	CAPN13	305279
ENSG00000120669	SOHLH2	305171
ENSG00000204444	APOM	305146
ENSG00000214128	TMEM213	305108
ENSG00000177374	HIC1	305107
ENSG00000119630	PGF	304937
ENSG00000142959	BEST4	304166
ENSG00000162482	AKR7A3	303868
ENSG00000147437	GNRH1	303864
ENSG00000177465	ACOT4	303478
ENSG00000146221	TCTE1	303429
ENSG00000100968	NFATC4	303371
ENSG00000170667	RASA4B	303294
ENSG00000166523	CLEC4E	303184
ENSG00000173548	SNX33	302864
ENSG00000185955	SPACDR	302779
ENSG00000241563	CORT	302452
ENSG00000204428	LY6G5C	302369
ENSG00000167994	RAB3IL1	302323
ENSG00000197903	H2BC12	302176
ENSG00000100162	CENPM	302084
ENSG00000129514	FOXA1	301981
ENSG00000187595	ZNF385C	301478
ENSG00000123453	SARDH	301295
ENSG00000120055	C10orf95	301268
ENSG00000286070	ENSG00000286070.2	301258
ENSG00000120324	PCDHB10	301088
ENSG00000184154	LRRC51	301016
ENSG00000186767	SPIN4	300623
ENSG00000167968	DNASE1L2	300366
ENSG00000167525	PROCA1	300308
ENSG00000214814	FER1L6	300291
ENSG00000243477	NAA80	300150
ENSG00000164749	HNF4G	300069
ENSG00000276087	ENSG00000276087.2	299863
ENSG00000215883	CYB5RL	299668
ENSG00000153347	FAM81B	299635
ENSG00000043355	ZIC2	299622
ENSG00000178440	TIMM23B-AGAP6	299143
ENSG00000141527	CARD14	299090
ENSG00000138135	CH25H	298862
ENSG00000213413	PVRIG	298766
ENSG00000148513	ANKRD30A	298657
ENSG00000004776	HSPB6	298606
ENSG00000185670	ZBTB3	298556
ENSG00000243364	EFNA4	298529
ENSG00000173826	KCNH6	298234
ENSG00000161664	ASB16	297923
ENSG00000262484	CCER2	297357
ENSG00000105509	HAS1	297279
ENSG00000129451	KLK10	297226
ENSG00000221986	MYBPHL	297214
ENSG00000186265	BTLA	297083
ENSG00000273045	C2orf15	296952
ENSG00000108786	HSD17B1	296794
ENSG00000204950	LRRC10B	296628
ENSG00000184979	USP18	296612
ENSG00000137124	ALDH1B1	296572
ENSG00000142233	NTN5	296461
ENSG00000160856	FCRL3	296302
ENSG00000072694	FCGR2B	296062
ENSG00000180347	ITPRID1	296055
ENSG00000161958	FGF11	295983
ENSG00000197837	H4C16	295911
ENSG00000183638	RP1L1	295474
ENSG00000133116	KL	295434
ENSG00000165807	PPP1R36	295272
ENSG00000283900	TPTEP2-CSNK1E	295209
ENSG00000102287	GABRE	295080
ENSG00000145113	MUC4	294910
ENSG00000156234	CXCL13	294803
ENSG00000135482	ZC3H10	294760
ENSG00000166292	TMEM100	294750
ENSG00000173809	TDRD12	294517
ENSG00000258864	ENSG00000258864.1	294413
ENSG00000089692	LAG3	294306
ENSG00000124091	GCNT7	294154
ENSG00000162078	ZG16B	294138
ENSG00000130368	MAS1	293856
ENSG00000215912	TTC34	293779
ENSG00000205927	OLIG2	293713
ENSG00000253731	PCDHGA6	293322
ENSG00000255501	CARD18	293121
ENSG00000137819	PAQR5	293037
ENSG00000122585	NPY	292844
ENSG00000157551	KCNJ15	292842
ENSG00000165325	DEUP1	292777
ENSG00000187773	DIPK1C	292545
ENSG00000196081	ZNF724	292369
ENSG00000170190	SLC16A5	292367
ENSG00000142961	MOB3C	291824
ENSG00000061656	SPAG4	291820
ENSG00000160223	ICOSLG	291808
ENSG00000101850	GPR143	291689
ENSG00000167874	TMEM88	291465
ENSG00000259823	LYPD8	291391
ENSG00000099958	DERL3	291145
ENSG00000183977	PP2D1	291129
ENSG00000212123	PRR22	291070
ENSG00000136305	CIDEB	291032
ENSG00000147465	STAR	291004
ENSG00000100368	CSF2RB	290746
ENSG00000142583	SLC2A5	290720
ENSG00000244752	CRYBB2	290317
ENSG00000186832	KRT16	290254
ENSG00000130176	CNN1	290093
ENSG00000100197	CYP2D6	289808
ENSG00000035720	STAP1	289592
ENSG00000163083	INHBB	289515
ENSG00000122188	LAX1	289513
ENSG00000130300	PLVAP	289427
ENSG00000183196	CHST6	289364
ENSG00000204659	CBY3	289346
ENSG00000128285	MCHR1	288735
ENSG00000256453	DND1	288663
ENSG00000078081	LAMP3	288638
ENSG00000144031	ANKRD53	288334
ENSG00000203697	CAPN8	288177
ENSG00000255423	EBLN2	287921
ENSG00000081277	PKP1	287878
ENSG00000138271	GPR87	287703
ENSG00000204301	NOTCH4	287701
ENSG00000275395	FCGBP	287688
ENSG00000121454	LHX4	287295
ENSG00000130948	HSD17B3	287288
ENSG00000145248	SLC10A4	287263
ENSG00000183971	NPW	287228
ENSG00000006555	TTC22	287175
ENSG00000152475	ZNF837	287049
ENSG00000205045	SLFN12L	286919
ENSG00000167157	PRRX2	286888
ENSG00000112299	VNN1	286676
ENSG00000101307	SIRPB1	286595
ENSG00000188897	ENSG00000188897.10	286455
ENSG00000152785	BMP3	286428
ENSG00000131153	GINS2	286421
ENSG00000016082	ISL1	286382
ENSG00000144452	ABCA12	286219
ENSG00000197057	DTHD1	286169
ENSG00000254806	SYS1-DBNDD2	286045
ENSG00000129204	USP6	285950
ENSG00000221818	EBF2	285910
ENSG00000163958	ZDHHC19	285850
ENSG00000169026	SLC49A3	285769
ENSG00000136872	ALDOB	285748
ENSG00000160886	LY6K	285394
ENSG00000163071	SPATA18	285340
ENSG00000243955	GSTA1	285289
ENSG00000140798	ABCC12	285270
ENSG00000153165	RGPD3	285260
ENSG00000273734	ENSG00000273734.1	284806
ENSG00000271723	MROH7-TTC4	284653
ENSG00000255339	ENSG00000255339.6	284651
ENSG00000125434	SLC25A35	284586
ENSG00000113073	SLC4A9	284366
ENSG00000152779	SLC16A12	284105
ENSG00000140795	MYLK3	284023
ENSG00000113262	GRM6	283951
ENSG00000166863	TAC3	283943
ENSG00000132207	SLX1A	283873
ENSG00000168658	VWA3B	283723
ENSG00000099377	HSD3B7	282876
ENSG00000138161	CUZD1	282824
ENSG00000167858	TEKT1	282461
ENSG00000278384	ENSG00000278384.1	282338
ENSG00000198342	ZNF442	282297
ENSG00000135736	CCDC102A	282249
ENSG00000109163	GNRHR	282235
ENSG00000241852	C8orf58	282167
ENSG00000140961	OSGIN1	282046
ENSG00000128965	CHAC1	281658
ENSG00000113248	PCDHB15	281200
ENSG00000168792	ABHD15	281171
ENSG00000160957	RECQL4	280686
ENSG00000120903	CHRNA2	280624
ENSG00000132749	TESMIN	280419
ENSG00000102010	BMX	279811
ENSG00000102886	GDPD3	279494
ENSG00000171773	NXNL1	279391
ENSG00000261150	EPPK1	279384
ENSG00000007171	NOS2	279367
ENSG00000120498	TEX11	279157
ENSG00000197467	COL13A1	278797
ENSG00000259066	ENSG00000259066.5	278502
ENSG00000188613	NANOS1	278456
ENSG00000051180	RAD51	278326
ENSG00000145757	SPATA9	278125
ENSG00000134256	CD101	278048
ENSG00000105880	DLX5	277942
ENSG00000138823	MTTP	277936
ENSG00000177551	NHLH2	277933
ENSG00000094804	CDC6	277738
ENSG00000125378	BMP4	277218
ENSG00000158715	SLC45A3	277114
ENSG00000241106	HLA-DOB	277084
ENSG00000128045	RASL11B	277073
ENSG00000185267	CDNF	276641
ENSG00000183378	OVCH2	276561
ENSG00000188536	HBA2	276375
ENSG00000278195	SSTR3	276344
ENSG00000121361	KCNJ8	276028
ENSG00000160051	IQCC	275904
ENSG00000184933	OR6A2	275889
ENSG00000179776	CDH5	275832
ENSG00000134830	C5AR2	275780
ENSG00000174600	CMKLR1	275646
ENSG00000166803	PCLAF	275457
ENSG00000166188	ZNF319	275298
ENSG00000163534	FCRL1	275209
ENSG00000278615	C11orf98	275207
ENSG00000104918	RETN	274992
ENSG00000186867	QRFPR	274909
ENSG00000172123	SLFN12	274892
ENSG00000117724	CENPF	274791
ENSG00000088726	TMEM40	274747
ENSG00000188493	ACTMAP	274282
ENSG00000061492	WNT8A	274261
ENSG00000163661	PTX3	274242
ENSG00000130762	ARHGEF16	274126
ENSG00000162543	UBXN10	273874
ENSG00000134363	FST	273801
ENSG00000145721	LIX1	273581
ENSG00000143167	GPA33	273419
ENSG00000213213	CCDC183	273375
ENSG00000249240	ENSG00000249240.2	273230
ENSG00000145908	ZNF300	273046
ENSG00000174963	ZIC4	273045
ENSG00000120328	PCDHB12	272950
ENSG00000147883	CDKN2B	272912
ENSG00000168306	ACOX2	272865
ENSG00000198400	NTRK1	272619
ENSG00000160013	PTGIR	272590
ENSG00000153060	TEKT5	272573
ENSG00000153404	PLEKHG4B	272570
ENSG00000125820	NKX2-2	272445
ENSG00000137648	TMPRSS4	271979
ENSG00000183397	TEKTIP1	271963
ENSG00000140932	CMTM2	271658
ENSG00000131015	ULBP2	271342
ENSG00000204252	HLA-DOA	271212
ENSG00000185585	OLFML2A	271075
ENSG00000154319	FAM167A	271058
ENSG00000174292	TNK1	270924
ENSG00000176971	FIBIN	270844
ENSG00000197614	MFAP5	270516
ENSG00000101945	SUV39H1	270222
ENSG00000205002	AARD	270187
ENSG00000136110	CNMD	269835
ENSG00000189114	BLOC1S3	269433
ENSG00000168004	PLAAT5	269098
ENSG00000147113	DIPK2B	268957
ENSG00000158473	CD1D	268881
ENSG00000062524	LTK	268744
ENSG00000110375	UPK2	268712
ENSG00000266524	GDF10	268291
ENSG00000152936	LMNTD1	268226
ENSG00000154016	GRAP	268099
ENSG00000092377	TBL1Y	268037
ENSG00000184206	GOLGA6L4	268017
ENSG00000087586	AURKA	267960
ENSG00000198643	FAM3D	267808
ENSG00000158104	HPD	267664
ENSG00000005471	ABCB4	267411
ENSG00000156869	FRRS1	267320
ENSG00000163568	AIM2	267223
ENSG00000166947	EPB42	267207
ENSG00000228198	OR2M3	266996
ENSG00000275740	ENSG00000275740.1	266989
ENSG00000095932	SMIM24	266729
ENSG00000136698	CFC1	266706
ENSG00000108602	ALDH3A1	266630
ENSG00000196659	TTC30B	266198
ENSG00000186364	NUDT17	265993
ENSG00000197496	SLC2A10	265447
ENSG00000181143	MUC16	265363
ENSG00000137812	KNL1	265332
ENSG00000184434	LRRC19	265226
ENSG00000163508	EOMES	265180
ENSG00000165972	CCDC38	265096
ENSG00000170276	HSPB2	265079
ENSG00000204385	SLC44A4	265062
ENSG00000147434	CHRNA6	264841
ENSG00000157399	ARSL	264777
ENSG00000167701	GPT	264756
ENSG00000184675	AMER1	264186
ENSG00000141744	PNMT	264079
ENSG00000175664	TEX26	263743
ENSG00000163823	CCR1	263661
ENSG00000164251	F2RL1	263400
ENSG00000248144	ADH1C	263194
ENSG00000158125	XDH	263079
ENSG00000167653	PSCA	263068
ENSG00000142405	NLRP12	262975
ENSG00000187905	LRRC74B	262755
ENSG00000147255	IGSF1	262675
ENSG00000083817	ZNF416	262439
ENSG00000154227	CERS3	261859
ENSG00000172497	ACOT12	261743
ENSG00000168612	ZSWIM1	261535
ENSG00000104921	FCER2	261245
ENSG00000164078	MST1R	261245
ENSG00000171236	LRG1	261170
ENSG00000099974	DDTL	260974
ENSG00000286231	ENSG00000286231.1	260806
ENSG00000137251	TINAG	260703
ENSG00000206075	SERPINB5	260655
ENSG00000077935	SMC1B	260587
ENSG00000137507	LRRC32	260536
ENSG00000120215	MLANA	260476
ENSG00000253626	EIF5AL1	260365
ENSG00000138395	CDK15	260040
ENSG00000206113	CFAP99	259998
ENSG00000120280	TASL	259854
ENSG00000164764	SBSPON	259850
ENSG00000213398	LCAT	259781
ENSG00000196371	FUT4	259315
ENSG00000129450	SIGLEC9	259253
ENSG00000148734	NPFFR1	259235
ENSG00000127472	PLA2G5	259170
ENSG00000140522	RLBP1	258882
ENSG00000175564	UCP3	258806
ENSG00000136514	RTP4	258738
ENSG00000110887	DAO	258553
ENSG00000184574	LPAR5	258389
ENSG00000124721	DNAH8	258367
ENSG00000204323	SMIM5	258351
ENSG00000185100	ADSS1	258341
ENSG00000118557	PMFBP1	258331
ENSG00000112039	FANCE	258044
ENSG00000179902	CFAP276	257870
ENSG00000186496	ZNF396	257675
ENSG00000166428	PLD4	257621
ENSG00000131480	AOC2	257368
ENSG00000134545	KLRC1	257348
ENSG00000120093	HOXB3	257302
ENSG00000182782	HCAR2	257179
ENSG00000100024	UPB1	256869
ENSG00000112539	C6orf118	256773
ENSG00000140451	PIF1	256620
ENSG00000140254	DUOXA1	256549
ENSG00000169105	CHST14	256510
ENSG00000185303	SFTPA2	256475
ENSG00000173947	PIFO	256300
ENSG00000250349	ENSG00000250349.3	256219
ENSG00000133067	LGR6	255921
ENSG00000283755	CPHXL	255844
ENSG00000099812	MISP	255458
ENSG00000284484	CPHXL2	255314
ENSG00000169035	KLK7	254919
ENSG00000141052	MYOCD	254786
ENSG00000169550	MUC15	254753
ENSG00000171695	LKAAEAR1	254689
ENSG00000233436	BTBD18	254396
ENSG00000182575	NXPH3	254207
ENSG00000219435	CATSPERZ	254178
ENSG00000143185	XCL2	254142
ENSG00000265203	RBP3	254096
ENSG00000166573	GALR1	253988
ENSG00000271605	MILR1	253353
ENSG00000119614	VSX2	253144
ENSG00000269404	SPIB	253071
ENSG00000135914	HTR2B	253035
ENSG00000109072	VTN	252864
ENSG00000183908	LRRC55	252675
ENSG00000107815	TWNK	252638
ENSG00000120500	ARR3	252579
ENSG00000198075	SULT1C4	252549
ENSG00000170703	TTLL6	252529
ENSG00000183423	LRIT3	252425
ENSG00000023839	ABCC2	251956
ENSG00000167757	KLK11	251943
ENSG00000066056	TIE1	251895
ENSG00000108342	CSF3	251843
ENSG00000158571	PFKFB1	251746
ENSG00000239605	STPG4	251591
ENSG00000265817	FSBP	251175
ENSG00000128218	VPREB3	251152
ENSG00000014257	ACP3	251150
ENSG00000132000	PODNL1	251146
ENSG00000073737	DHRS9	250950
ENSG00000259030	FPGT-TNNI3K	250866
ENSG00000108839	ALOX12	250803
ENSG00000163362	INAVA	250619
ENSG00000198774	RASSF9	250499
ENSG00000101670	LIPG	250381
ENSG00000185290	NUPR2	250367
ENSG00000168447	SCNN1B	250287
ENSG00000173597	SULT1B1	250283
ENSG00000188549	CCDC9B	250192
ENSG00000172399	MYOZ2	250157
ENSG00000101194	SLC17A9	250029
ENSG00000253305	PCDHGB6	249441
ENSG00000171873	ADRA1D	249377
ENSG00000186583	SPATC1	249376
ENSG00000181085	MAPK15	249347
ENSG00000173627	APOBEC4	248968
ENSG00000137807	KIF23	248868
ENSG00000103044	HAS3	248762
ENSG00000181585	TMIE	248547
ENSG00000110944	IL23A	248457
ENSG00000176194	CIDEA	248256
ENSG00000176040	TMPRSS7	248106
ENSG00000108733	PEX12	248063
ENSG00000105929	ATP6V0A4	247877
ENSG00000129673	AANAT	247695
ENSG00000264324	ENSG00000264324.1	247497
ENSG00000227877	MRLN	247484
ENSG00000174500	GCSAM	247330
ENSG00000164294	GPX8	247091
ENSG00000162692	VCAM1	247042
ENSG00000204315	FKBPL	246801
ENSG00000167612	ANKRD33	246668
ENSG00000118655	DCLRE1B	246524
ENSG00000048545	GUCA1A	246480
ENSG00000016602	CLCA4	246238
ENSG00000186281	GPAT2	246196
ENSG00000184925	LCN12	246017
ENSG00000276600	RAB7B	246013
ENSG00000066405	CLDN18	245649
ENSG00000124664	SPDEF	245557
ENSG00000137265	IRF4	245430
ENSG00000101825	MXRA5	245371
ENSG00000165923	AGBL2	245371
ENSG00000174788	PCP2	245271
ENSG00000205502	C2CD4B	245169
ENSG00000196169	KIF19	245120
ENSG00000136630	HLX	245022
ENSG00000034239	CLXN	245008
ENSG00000112559	MDFI	244880
ENSG00000185040	SPDYE16	244744
ENSG00000169684	CHRNA5	244622
ENSG00000167207	NOD2	244572
ENSG00000139209	SLC38A4	244484
ENSG00000111206	FOXM1	244282
ENSG00000276085	CCL3L3	244072
ENSG00000171631	P2RY6	244039
ENSG00000164756	SLC30A8	243963
ENSG00000164761	TNFRSF11B	243792
ENSG00000204979	MS4A13	243765
ENSG00000178217	SH2D4B	243412
ENSG00000180483	DEFB119	243361
ENSG00000133477	FAM83F	243267
ENSG00000121207	LRAT	242913
ENSG00000186810	CXCR3	242840
ENSG00000124003	MOGAT1	242609
ENSG00000206172	HBA1	242608
ENSG00000091181	IL5RA	242444
ENSG00000182489	XKRX	242225
ENSG00000124429	POF1B	242180
ENSG00000172551	MUCL1	242114
ENSG00000240747	KRBOX1	242053
ENSG00000167083	GNGT2	241790
ENSG00000175868	CALCB	241716
ENSG00000150337	FCGR1A	241680
ENSG00000255690	TRIL	241477
ENSG00000114455	HHLA2	241380
ENSG00000183831	ANKRD45	241167
ENSG00000197921	HES5	241071
ENSG00000173976	RAX2	240908
ENSG00000111665	CDCA3	240829
ENSG00000082175	PGR	240826
ENSG00000148604	RGR	240638
ENSG00000188064	WNT7B	240547
ENSG00000196408	NOXO1	240386
ENSG00000134201	GSTM5	240317
ENSG00000073111	MCM2	240309
ENSG00000130037	KCNA5	240206
ENSG00000276043	UHRF1	240201
ENSG00000184647	PRSS55	240188
ENSG00000235169	SMIM1	239933
ENSG00000183019	MCEMP1	239914
ENSG00000167769	ACER1	239654
ENSG00000186710	CFAP73	239602
ENSG00000261587	TMEM249	239434
ENSG00000196155	PLEKHG4	239278
ENSG00000280571	ENSG00000280571.2	239084
ENSG00000213859	KCTD11	239012
ENSG00000161798	AQP5	238896
ENSG00000178860	MSC	238861
ENSG00000128394	APOBEC3F	238674
ENSG00000186792	HYAL3	238532
ENSG00000182795	C1orf116	238132
ENSG00000177483	RBM44	238065
ENSG00000179922	ZNF784	238065
ENSG00000006377	DLX6	238016
ENSG00000187372	PCDHB13	237688
ENSG00000241322	FBXW10B	237426
ENSG00000127831	VIL1	237180
ENSG00000101890	GUCY2F	237115
ENSG00000177455	CD19	237041
ENSG00000123427	EEF1AKMT3	237001
ENSG00000136542	GALNT5	236953
ENSG00000205810	KLRC3	236767
ENSG00000184160	ADRA2C	236637
ENSG00000142449	FBN3	236481
ENSG00000284753	EEF1AKMT4	235923
ENSG00000172568	FNDC9	235224
ENSG00000057149	SERPINB3	234866
ENSG00000104081	BMF	234851
ENSG00000285901	ENSG00000285901.2	234845
ENSG00000096088	PGC	234784
ENSG00000152076	CCDC74B	234737
ENSG00000249961	TERB1	234567
ENSG00000116833	NR5A2	234560
ENSG00000233932	CTXN2	234558
ENSG00000196421	C20orf204	234479
ENSG00000165905	LARGE2	234358
ENSG00000153002	CPB1	234352
ENSG00000107593	PKD2L1	234106
ENSG00000166845	C18orf54	233553
ENSG00000163380	LMOD3	233379
ENSG00000115607	IL18RAP	233196
ENSG00000187258	NPSR1	232919
ENSG00000188626	GOLGA8M_ENSG00000188626	232843
ENSG00000197565	COL4A6	232724
ENSG00000204711	CFAP95	232573
ENSG00000285444	ENSG00000285444.1	232269
ENSG00000188522	FAM83G	232243
ENSG00000173404	INSM1	232148
ENSG00000150628	SPATA4	231977
ENSG00000160606	TLCD1	231974
ENSG00000270276	H4C15	231724
ENSG00000253485	PCDHGA5	231607
ENSG00000169291	SHE	231477
ENSG00000130052	STARD8	231436
ENSG00000171848	RRM2	230965
ENSG00000142945	KIF2C	230878
ENSG00000134955	SLC37A2	230840
ENSG00000197889	MEIG1	230808
ENSG00000158246	TENT5B	230486
ENSG00000158406	H4C8	230411
ENSG00000134460	IL2RA	230340
ENSG00000197993	KEL	230135
ENSG00000204136	GGTA1	230116
ENSG00000176842	IRX5	230108
ENSG00000145506	NKD2	229656
ENSG00000122852	SFTPA1	229448
ENSG00000186871	ERCC6L	229220
ENSG00000164266	SPINK1	229046
ENSG00000204025	TRPC5OS	228958
ENSG00000186288	PABPC1L2A	228895
ENSG00000204060	FOXO6	228498
ENSG00000177688	SUMO4	228285
ENSG00000163762	TM4SF18	228243
ENSG00000176714	CCDC121	228166
ENSG00000174326	SLC16A11	228131
ENSG00000181284	TMEM102	228085
ENSG00000129167	TPH1	227936
ENSG00000071539	TRIP13	227713
ENSG00000267534	S1PR2	227578
ENSG00000230601	TEX48	227511
ENSG00000198753	PLXNB3	227401
ENSG00000167011	NAT16	227207
ENSG00000062096	ARSF	227200
ENSG00000183054	RGPD6	226922
ENSG00000174527	MYO1H	226880
ENSG00000039537	C6_ENSG00000039537	226836
ENSG00000215612	HMX1	226779
ENSG00000012211	PRICKLE3	226679
ENSG00000049247	UTS2	226654
ENSG00000146453	PNLDC1	226547
ENSG00000205832	C16orf96	226249
ENSG00000251349	MSANTD3-TMEFF1	226004
ENSG00000237136	C4orf51	225706
ENSG00000100065	CARD10	225648
ENSG00000196767	POU3F4	225608
ENSG00000186523	FAM86B1	225573
ENSG00000184785	SMIM10	225370
ENSG00000197409	H3C4	225358
ENSG00000163106	HPGDS	225220
ENSG00000112333	NR2E1	225165
ENSG00000188038	NRN1L	225113
ENSG00000170180	GYPA	224955
ENSG00000125551	PLGLB2	224761
ENSG00000174807	CD248	224676
ENSG00000285082	ENSG00000285082.3	224196
ENSG00000171747	LGALS4	224100
ENSG00000188822	CNR2	224094
ENSG00000188523	CFAP77	223742
ENSG00000214491	SEC14L6	223676
ENSG00000183889	NPIPA9_ENSG00000183889	223648
ENSG00000120279	MYCT1	223589
ENSG00000185614	INKA1	223585
ENSG00000125319	HROB	223451
ENSG00000174898	CATSPERD	223373
ENSG00000185739	SRL	223329
ENSG00000163092	XIRP2	223206
ENSG00000125735	TNFSF14	223201
ENSG00000205426	KRT81	223015
ENSG00000086696	HSD17B2	223012
ENSG00000273173	SNURF	222980
ENSG00000164855	TMEM184A	222886
ENSG00000100341	PNPLA5	222824
ENSG00000197506	SLC28A3	222808
ENSG00000064300	NGFR	222743
ENSG00000092295	TGM1	222494
ENSG00000183421	RIPK4	222492
ENSG00000134548	SPX	222458
ENSG00000288859	H2AC19	222192
ENSG00000127588	GNG13	222121
ENSG00000164690	SHH	222024
ENSG00000164694	FNDC1	222015
ENSG00000162490	DRAXIN	221956
ENSG00000204176	SYT15	221929
ENSG00000118520	ARG1	221871
ENSG00000225110	PNMA6F	221741
ENSG00000104321	TRPA1	221736
ENSG00000084734	GCKR	221653
ENSG00000138347	MYPN	221631
ENSG00000142731	PLK4	221439
ENSG00000267179	ENSG00000267179.1	221381
ENSG00000196890	H2BC26	221367
ENSG00000065618	COL17A1	221331
ENSG00000156427	FGF18	221199
ENSG00000166349	RAG1	220842
ENSG00000286185	ENSG00000286185.1	220684
ENSG00000055732	MCOLN3	220635
ENSG00000173678	SPDYE2B	220557
ENSG00000285558	ENSG00000285558.1	220554
ENSG00000143365	RORC	220159
ENSG00000175707	KDF1	220123
ENSG00000170549	IRX1	220019
ENSG00000180316	PNPLA1	219998
ENSG00000163817	SLC6A20	219858
ENSG00000164920	OSR2	219521
ENSG00000179348	GATA2	219190
ENSG00000125409	TEKT3	219104
ENSG00000130829	DUSP9	219061
ENSG00000198113	TOR4A	219036
ENSG00000101412	E2F1	218935
ENSG00000251357	ENSG00000251357.4	218933
ENSG00000099960	SLC7A4	218885
ENSG00000137434	C6orf52	218756
ENSG00000184616	SPDYE12	218686
ENSG00000113555	PCDH12	218479
ENSG00000226979	LTA	218381
ENSG00000183671	CMKLR2	217989
ENSG00000234224	TMEM229A	217930
ENSG00000171496	OR1L8	217898
ENSG00000198826	ARHGAP11A	217868
ENSG00000134762	DSC3	217840
ENSG00000050730	TNIP3	217735
ENSG00000182379	NXPH4	217712
ENSG00000183979	NPB	217657
ENSG00000091128	LAMB4	217650
ENSG00000177283	FZD8	217622
ENSG00000125931	CITED1	217614
ENSG00000134042	MRO	217445
ENSG00000247626	MARS2	217173
ENSG00000158402	CDC25C	217057
ENSG00000104974	LILRA1	216603
ENSG00000007908	SELE	216600
ENSG00000100206	DMC1	216570
ENSG00000268750	ENSG00000268750.7	216119
ENSG00000205809	KLRC2	216090
ENSG00000235711	ANKRD34C	216008
ENSG00000204956	PCDHGA1	215786
ENSG00000214866	DCDC2C	215752
ENSG00000111537	IFNG	215722
ENSG00000180878	C11orf42	215656
ENSG00000125999	BPIFB1	215458
ENSG00000255439	ENSG00000255439.6	215446
ENSG00000167741	GGT6	215365
ENSG00000101213	PTK6	215267
ENSG00000186684	CYP27C1	215242
ENSG00000162391	FAM151A	215181
ENSG00000213588	ZBTB9	215122
ENSG00000167600	CYP2S1	214885
ENSG00000151577	DRD3	214861
ENSG00000165887	ANKRD2	214666
ENSG00000198759	EGFL6	214566
ENSG00000259040	BLOC1S5-TXNDC5	214551
ENSG00000182742	HOXB4	214382
ENSG00000173546	CSPG4	214344
ENSG00000254553	ENSG00000254553.1	214139
ENSG00000226763	SRRM5	213837
ENSG00000143869	GDF7	213635
ENSG00000152213	ARL11	213520
ENSG00000164591	MYOZ3	213472
ENSG00000166246	DNAAF8	213409
ENSG00000095110	NXPE1	213363
ENSG00000127241	MASP1	213324
ENSG00000167034	NKX3-1	213139
ENSG00000159618	ADGRG5	213080
ENSG00000005102	MEOX1	213055
ENSG00000111199	TRPV4	213008
ENSG00000115705	TPO	212956
ENSG00000277075	H2AC8	212792
ENSG00000253953	PCDHGB4	212488
ENSG00000139055	ERP27	212443
ENSG00000049283	EPN3	212353
ENSG00000069482	GAL	212338
ENSG00000178814	OPLAH	212108
ENSG00000115590	IL1R2	211577
ENSG00000213793	ZNF888	211114
ENSG00000256966	ENSG00000256966.6	210631
ENSG00000241945	PWP2	210631
ENSG00000160447	PKN3	210459
ENSG00000221843	C2orf16	210210
ENSG00000158748	HTR6	210025
ENSG00000111181	SLC6A12	209915
ENSG00000178175	ZNF366	209793
ENSG00000114654	EFCC1	209772
ENSG00000100721	TCL1A	209740
ENSG00000132517	SLC52A1	209387
ENSG00000141086	CTRL	209330
ENSG00000104537	ANXA13	209275
ENSG00000185652	NTF3	209262
ENSG00000008323	PLEKHG6	209241
ENSG00000181773	GPR3	209193
ENSG00000131097	HIGD1B	209183
ENSG00000149968	MMP3	209043
ENSG00000282881	TMEM275	209005
ENSG00000142632	ARHGEF19	208876
ENSG00000264187	ENSG00000264187.1	208774
ENSG00000143001	TMEM61	208707
ENSG00000105048	TNNT1	208666
ENSG00000165269	AQP7	208642
ENSG00000270885	RASL10B	208326
ENSG00000161905	ALOX15	208297
ENSG00000203782	LORICRIN	208266
ENSG00000080644	CHRNA3	208119
ENSG00000105989	WNT2	207873
ENSG00000139287	TPH2	207635
ENSG00000165816	VWA2	207598
ENSG00000090534	THPO	207214
ENSG00000127325	BEST3	207195
ENSG00000149596	JPH2	207069
ENSG00000175894	TSPEAR	207059
ENSG00000149124	GLYAT	206945
ENSG00000186509	OR9Q1	206826
ENSG00000167900	TK1	206581
ENSG00000141579	ZNF750	206499
ENSG00000179846	NKPD1	206354
ENSG00000124701	APOBEC2	205685
ENSG00000156970	BUB1B	205257
ENSG00000091482	SMPX	205106
ENSG00000153292	ADGRF1	205079
ENSG00000069206	ADAM7	205079
ENSG00000111713	GYS2	205071
ENSG00000163736	PPBP	205045
ENSG00000164379	FOXQ1	204947
ENSG00000108515	ENO3	204946
ENSG00000118193	KIF14	204945
ENSG00000099617	EFNA2	204900
ENSG00000103313	MEFV	204753
ENSG00000149948	HMGA2	204691
ENSG00000166415	WDR72	204641
ENSG00000010704	HFE	204619
ENSG00000143318	CASQ1	204483
ENSG00000131746	TNS4	204462
ENSG00000177984	LCN15	204354
ENSG00000167880	EVPL	204020
ENSG00000128040	SPINK2	203703
ENSG00000205609	EIF3CL	203641
ENSG00000066230	SLC9A3	203634
ENSG00000236444	UBE2L5	203576
ENSG00000205784	ARRDC5	203531
ENSG00000257594	GALNT4	203373
ENSG00000131471	AOC3	203229
ENSG00000166959	MS4A8	203213
ENSG00000179921	GPBAR1	202830
ENSG00000204941	PSG5	202619
ENSG00000187474	FPR3	202494
ENSG00000104953	TLE6	202494
ENSG00000105227	PRX	202400
ENSG00000145692	BHMT	202390
ENSG00000162494	LRRC38	202341
ENSG00000164850	GPER1	202287
ENSG00000212127	TAS2R14	202080
ENSG00000171119	NRTN	202047
ENSG00000140465	CYP1A1	201926
ENSG00000105219	CCNP	201418
ENSG00000167618	LAIR2	201273
ENSG00000196209	SIRPB2	201168
ENSG00000068976	PYGM	201103
ENSG00000080293	SCTR	200904
ENSG00000183691	NOG	200885
ENSG00000171428	NAT1	200441
ENSG00000175920	DOK7	200235
ENSG00000121577	POPDC2	200219
ENSG00000099985	OSM	200140
ENSG00000070019	GUCY2C	200090
ENSG00000174529	TMEM81	200040
ENSG00000258539	ENSG00000258539.1	199962
ENSG00000166831	RBPMS2	199852
ENSG00000256463	SALL3	199814
ENSG00000174175	SELP	199613
ENSG00000119608	PROX2	199421
ENSG00000161888	SPC24	199415
ENSG00000145217	SLC26A1	199299
ENSG00000106004	HOXA5	199101
ENSG00000177627	C12orf54	199071
ENSG00000004838	ZMYND10	199062
ENSG00000273274	ZBTB8B	198846
ENSG00000278662	GOLGA6L10	198798
ENSG00000133636	NTS	198693
ENSG00000184454	NCMAP	198596
ENSG00000162757	C1orf74	198563
ENSG00000159248	GJD2	198289
ENSG00000198670	LPA	198093
ENSG00000131355	ADGRE3	197983
ENSG00000138152	BTBD16	197945
ENSG00000120457	KCNJ5	197888
ENSG00000162621	LRRC53	197841
ENSG00000121933	TMIGD3	197760
ENSG00000069011	PITX1	197657
ENSG00000174837	ADGRE1	197554
ENSG00000132185	FCRLA	197547
ENSG00000217236	SP9	197419
ENSG00000205038	PKHD1L1	197381
ENSG00000162396	PARS2	197328
ENSG00000104951	IL4I1	197185
ENSG00000184709	LRRC26	197056
ENSG00000160117	ANKLE1	197010
ENSG00000139574	NPFF	196972
ENSG00000129467	ADCY4	196826
ENSG00000205702	CYP2D7	196744
ENSG00000144843	ADPRH	196720
ENSG00000167656	LY6D	196628
ENSG00000141979	ENSG00000141979.4	196567
ENSG00000146904	EPHA1	196436
ENSG00000186806	VSIG10L	196362
ENSG00000124343	XG	196338
ENSG00000166317	SYNPO2L	196331
ENSG00000167476	JSRP1	195974
ENSG00000119457	SLC46A2	195973
ENSG00000124159	MATN4	195909
ENSG00000198768	APCDD1L	195888
ENSG00000226314	ZKSCAN8P1	195715
ENSG00000197520	FAM177B	195556
ENSG00000161944	ASGR2	195370
ENSG00000138472	GUCA1C	195305
ENSG00000128591	FLNC	195252
ENSG00000101057	MYBL2	195209
ENSG00000105852	PON3	194999
ENSG00000163017	ACTG2	194879
ENSG00000105137	SYDE1	194859
ENSG00000253313	C1orf210	194792
ENSG00000171596	NMUR1	194489
ENSG00000169418	NPR1	194460
ENSG00000284512	ENSG00000284512.1	194394
ENSG00000287542	HERC3_ENSG00000287542	194358
ENSG00000179774	ATOH7	194264
ENSG00000130768	SMPDL3B	194205
ENSG00000121797	CCRL2	194073
ENSG00000188729	OSTN	194010
ENSG00000174123	TLR10	193959
ENSG00000160683	CXCR5	193950
ENSG00000141570	CBX8	193862
ENSG00000127578	WFIKKN1	193833
ENSG00000198796	ALPK2	193693
ENSG00000166106	ADAMTS15	193683
ENSG00000186431	FCAR	193398
ENSG00000148735	PLEKHS1	193315
ENSG00000254726	MEX3A	193204
ENSG00000054179	ENTPD2	192968
ENSG00000276302	ENSG00000276302.1	192961
ENSG00000132704	FCRL2	192897
ENSG00000198092	TMPRSS11F	192818
ENSG00000172232	AZU1	192558
ENSG00000136155	SCEL	192476
ENSG00000114124	GRK7	192345
ENSG00000086548	CEACAM6	192314
ENSG00000166840	GLYATL1	192096
ENSG00000250120	PCDHA10	192086
ENSG00000198203	SULT1C2	191966
ENSG00000147003	CLTRN	191673
ENSG00000129465	RIPK3	191632
ENSG00000268104	SLC6A14	191574
ENSG00000240720	LRRD1	191524
ENSG00000162367	TAL1	191466
ENSG00000101883	RHOXF1	191432
ENSG00000180257	ZNF816	191412
ENSG00000150281	CTF1	191321
ENSG00000168995	SIGLEC7	191287
ENSG00000100031	GGT1	191267
ENSG00000118972	FGF23	191244
ENSG00000123405	NFE2	191173
ENSG00000171812	COL8A2	191139
ENSG00000004846	ABCB5	191139
ENSG00000183185	GABRR3	191100
ENSG00000285043	ENSG00000285043.3	190848
ENSG00000177519	RPRM	190751
ENSG00000283361	CFAP97D2	190620
ENSG00000187944	C2orf66	190584
ENSG00000263715	LINC02210-CRHR1	190477
ENSG00000172421	EFCAB3	190444
ENSG00000188257	PLA2G2A	190426
ENSG00000197093	GAL3ST4	190217
ENSG00000276966	H4C5	190161
ENSG00000080031	PTPRH	190132
ENSG00000189420	ZFP92	190113
ENSG00000101076	HNF4A	189934
ENSG00000196787	H2AC11	189721
ENSG00000176402	GJC3	189708
ENSG00000177045	SIX5	189647
ENSG00000137310	TCF19	189498
ENSG00000196826	ENSG00000196826.7	189102
ENSG00000108576	SLC6A4	188904
ENSG00000134962	KLB	188842
ENSG00000184911	DMRTC1B	188817
ENSG00000166558	SLC38A8	188728
ENSG00000147536	GINS4	188624
ENSG00000181617	FDCSP	188489
ENSG00000204618	RNF39	188454
ENSG00000102854	MSLN	187709
ENSG00000080986	NDC80	187658
ENSG00000267168	ENSG00000267168.1	187381
ENSG00000203952	CCDC160	187168
ENSG00000165480	SKA3	186954
ENSG00000151117	TMEM86A	186950
ENSG00000174236	REP15	186921
ENSG00000261717	ENSG00000261717.5	186863
ENSG00000196611	MMP1	186824
ENSG00000100156	SLC16A8	186726
ENSG00000269113	TRABD2B	186705
ENSG00000169856	ONECUT1	186689
ENSG00000134061	CD180	186628
ENSG00000224383	PRR29	186586
ENSG00000141748	ARL5C	186403
ENSG00000170801	HTRA3	186312
ENSG00000124875	CXCL6	186301
ENSG00000113525	IL5	185973
ENSG00000167183	PRR15L	185937
ENSG00000134258	VTCN1	185759
ENSG00000162746	FCRLB	185658
ENSG00000154133	ROBO4	185559
ENSG00000185974	GRK1	185488
ENSG00000249693	THEGL	185468
ENSG00000101115	SALL4	185191
ENSG00000203883	SOX18	185148
ENSG00000280670	CCDC163	185021
ENSG00000102837	OLFM4	184983
ENSG00000242252	BGLAP	184974
ENSG00000148965	SAA4	184950
ENSG00000137440	FGFBP1	184774
ENSG00000103710	RASL12	184478
ENSG00000165304	MELK	184308
ENSG00000158816	VWA5B1	183988
ENSG00000175536	LIPT2	183952
ENSG00000213973	ZNF99	183771
ENSG00000100558	PLEK2	183622
ENSG00000283761	ENSG00000283761.1	183507
ENSG00000010030	ETV7	183452
ENSG00000100170	SLC5A1	183401
ENSG00000115844	DLX2	183270
ENSG00000116014	KISS1R	183104
ENSG00000172935	MRGPRF	182975
ENSG00000273706	LHX1	182974
ENSG00000243137	PSG4	182935
ENSG00000284526	ENSG00000284526.2	182912
ENSG00000128917	DLL4	182821
ENSG00000138615	CILP	182802
ENSG00000277611	ENSG00000277611.1	182714
ENSG00000105371	ICAM4	182652
ENSG00000179148	ALOXE3	182517
ENSG00000255274	SMIM35	182493
ENSG00000197479	PCDHB11	182485
ENSG00000249751	ECSCR	182470
ENSG00000132622	HSPA12B	182456
ENSG00000204540	PSORS1C1	182375
ENSG00000205693	MANSC4	182356
ENSG00000161896	IP6K3	182339
ENSG00000154485	MMP21	182282
ENSG00000157653	C9orf43	182118
ENSG00000121318	TAS2R10	181929
ENSG00000100033	PRODH	181795
ENSG00000237172	B3GNT9	181737
ENSG00000170961	HAS2	181652
ENSG00000204099	NEU4	181572
ENSG00000175311	ANKS4B	181502
ENSG00000141485	SLC13A5	181488
ENSG00000130167	TSPAN16	181446
ENSG00000088827	SIGLEC1	180938
ENSG00000168676	KCTD19	180823
ENSG00000137747	TMPRSS13	180780
ENSG00000121742	GJB6	180718
ENSG00000151364	KCTD14	180679
ENSG00000189430	NCR1	180384
ENSG00000178226	PRSS36	180039
ENSG00000134757	DSG3	179967
ENSG00000144891	AGTR1	179917
ENSG00000139899	CBLN3	179890
ENSG00000174130	TLR6	179797
ENSG00000113209	PCDHB5	179782
ENSG00000267552	ENSG00000267552.6	179749
ENSG00000167850	CD300C	179742
ENSG00000169393	ELSPBP1	179627
ENSG00000240505	TNFRSF13B	179605
ENSG00000122194	PLG	179566
ENSG00000171049	FPR2	179396
ENSG00000129214	SHBG	179216
ENSG00000183542	KLRC4	179001
ENSG00000211452	DIO1	178954
ENSG00000167094	TTC16	178856
ENSG00000169994	MYO7B	178759
ENSG00000099994	SUSD2	178750
ENSG00000255730	ENSG00000255730.5	178485
ENSG00000112175	BMP5	178394
ENSG00000168143	FAM83B	178140
ENSG00000288643	ENSG00000288643.1	178132
ENSG00000184343	SRPK3	178119
ENSG00000197721	CR1L	178066
ENSG00000075891	PAX2	178031
ENSG00000135577	NMBR	177910
ENSG00000282933	RHOXF1P3	177803
ENSG00000261130	ENSG00000261130.5	177693
ENSG00000167767	KRT80	177341
ENSG00000284491	THSD8	177289
ENSG00000163746	PLSCR2	177240
ENSG00000243130	PSG11	176940
ENSG00000146670	CDCA5	176787
ENSG00000261740	BOLA2-SMG1P6	176742
ENSG00000164411	GJB7	176502
ENSG00000117501	MROH9	176474
ENSG00000182566	CLEC4G	176327
ENSG00000215009	ACSM4	175844
ENSG00000124635	H2BC11	175817
ENSG00000276345	ENSG00000276345.1	175756
ENSG00000198885	ITPRIPL1	175627
ENSG00000079112	CDH17	175504
ENSG00000163586	FABP1	175462
ENSG00000036828	CASR	175451
ENSG00000165474	GJB2	175395
ENSG00000121270	ABCC11	175390
ENSG00000135094	SDS	175383
ENSG00000187583	PLEKHN1	175332
ENSG00000163421	PROK2	175312
ENSG00000157456	CCNB2	175206
ENSG00000258984	UBE2F-SCLY	175169
ENSG00000164342	TLR3	175139
ENSG00000159763	PIP	175107
ENSG00000170965	PLAC1	175045
ENSG00000134184	GSTM1	174979
ENSG00000277399	GPR179	174976
ENSG00000115596	WNT6	174858
ENSG00000163354	DCST2	174476
ENSG00000167754	KLK5	174474
ENSG00000101203	COL20A1	174393
ENSG00000112852	PCDHB2	174193
ENSG00000253251	SHLD3	174135
ENSG00000269476	ENSG00000269476.1	174032
ENSG00000130812	ANGPTL6	173775
ENSG00000088882	CPXM1	173696
ENSG00000147689	FAM83A	173693
ENSG00000188910	GJB3	173634
ENSG00000164304	CAGE1	173540
ENSG00000204396	VWA7	173525
ENSG00000179520	SLC17A8	173387
ENSG00000111339	ART4	173282
ENSG00000161610	HCRT	173121
ENSG00000177138	FAM9B	173079
ENSG00000226490	C8orf90	172947
ENSG00000159197	KCNE2	172841
ENSG00000270181	BIVM-ERCC5	172785
ENSG00000129749	CHRNA10	172765
ENSG00000285854	ENSG00000285854.1	172742
ENSG00000116990	MYCL	172469
ENSG00000105997	HOXA3	172450
ENSG00000203797	DDO	172278
ENSG00000261857	MIA	172216
ENSG00000077498	TYR	171963
ENSG00000135374	ELF5	171701
ENSG00000157111	TMEM171	171584
ENSG00000147082	CCNB3	171568
ENSG00000144648	ACKR2	171501
ENSG00000117407	ARTN	171472
ENSG00000070915	SLC12A3	171351
ENSG00000124253	PCK1	170842
ENSG00000171234	UGT2B7	170689
ENSG00000172382	PRSS27	170669
ENSG00000164736	SOX17	170656
ENSG00000078399	HOXA9	170653
ENSG00000276231	PIK3R6	170486
ENSG00000170262	MRAP	170411
ENSG00000118492	ADGB	170388
ENSG00000186204	CYP4F12	170360
ENSG00000284686	ENSG00000284686.1	170077
ENSG00000124939	SCGB2A1	169972
ENSG00000241644	INMT	169643
ENSG00000171819	ANGPTL7	169544
ENSG00000267909	CCDC177	169518
ENSG00000214787	MS4A4E	169402
ENSG00000164488	DACT2	169031
ENSG00000281106	TMEM272	168600
ENSG00000180884	ZNF792	168588
ENSG00000137948	BRDT	168576
ENSG00000164746	C7orf57	168179
ENSG00000125650	PSPN	167906
ENSG00000131203	IDO1	167851
ENSG00000264058	ENSG00000264058.2	167807
ENSG00000147606	SLC26A7	167777
ENSG00000110169	HPX	167707
ENSG00000158428	CATIP	167669
ENSG00000180730	SHISA2	167658
ENSG00000156222	SLC28A1	167574
ENSG00000211454	AKR7L	167566
ENSG00000114547	ROPN1B	167517
ENSG00000128408	RIBC2	167286
ENSG00000159263	SIM2	167230
ENSG00000145777	TSLP	167213
ENSG00000171243	SOSTDC1	167174
ENSG00000172000	ZNF556	167102
ENSG00000206073	SERPINB4	166772
ENSG00000185610	DBX2	166677
ENSG00000120949	TNFRSF8	166610
ENSG00000088836	SLC4A11	166506
ENSG00000178401	DNAJC22	166291
ENSG00000188817	SNTN	166266
ENSG00000248771	SMIM31	166195
ENSG00000160401	CFAP157	165945
ENSG00000127364	TAS2R4	165814
ENSG00000105011	ASF1B	165784
ENSG00000186529	CYP4F3	165616
ENSG00000112812	PRSS16	165485
ENSG00000169515	CCDC8	165485
ENSG00000100314	CABP7	165209
ENSG00000163909	HEYL	165161
ENSG00000130720	FIBCD1	164942
ENSG00000186367	MINAR2	164845
ENSG00000138316	ADAMTS14	164805
ENSG00000143994	ABHD1	164789
ENSG00000197353	LYPD2	164733
ENSG00000226887	ERVMER34-1	164578
ENSG00000171219	CDC42BPG	164537
ENSG00000072571	HMMR	164486
ENSG00000164708	PGAM2	164392
ENSG00000176532	PRR15	164369
ENSG00000152705	CATSPER3	164303
ENSG00000255104	ZNF286A-TBC1D26	164000
ENSG00000105246	EBI3	163870
ENSG00000075673	ATP12A	163833
ENSG00000253958	CLDN23	163718
ENSG00000157884	CIB4	163622
ENSG00000105146	AURKC	163495
ENSG00000198535	C2CD4A	163308
ENSG00000196388	INCA1	163182
ENSG00000166819	PLIN1	162968
ENSG00000135898	GPR55	162749
ENSG00000227729	RD3L	162636
ENSG00000185105	MYADML2	162628
ENSG00000115602	IL1RL1	162599
ENSG00000249662	LINC02218	162396
ENSG00000177363	LRRN4CL	162299
ENSG00000255398	HCAR3	162224
ENSG00000285777	ENSG00000285777.1	162126
ENSG00000146166	LGSN	162075
ENSG00000183801	OLFML1	161952
ENSG00000143297	FCRL5	161634
ENSG00000139344	AMDHD1	161418
ENSG00000134668	SPOCD1	161305
ENSG00000182612	TSPAN10	161298
ENSG00000172404	DNAJB7	161141
ENSG00000182890	GLUD2	161102
ENSG00000152292	SH2D6	160768
ENSG00000113889	KNG1	160711
ENSG00000131747	TOP2A	160633
ENSG00000118729	CASQ2	160536
ENSG00000175294	CATSPER1	160513
ENSG00000204390	HSPA1L	160396
ENSG00000179593	ALOX15B	160345
ENSG00000174990	CA5A	160105
ENSG00000284461	ENSG00000284461.2	160100
ENSG00000167513	CDT1	159950
ENSG00000186193	SAPCD2	159906
ENSG00000140297	GCNT3	159904
ENSG00000170442	KRT86	159902
ENSG00000151164	RAD9B	159798
ENSG00000174371	EXO1	159769
ENSG00000196344	ADH7	159692
ENSG00000015413	DPEP1	159561
ENSG00000185523	SPATA45	159459
ENSG00000135903	PAX3	159408
ENSG00000109805	NCAPG	159273
ENSG00000285920	ENSG00000285920.2	159206
ENSG00000086506	HBQ1	158974
ENSG00000106648	GALNTL5	158948
ENSG00000130487	KLHDC7B	158417
ENSG00000198723	TEX45	158405
ENSG00000128322	IGLL1	158355
ENSG00000163631	ALB	158219
ENSG00000187566	NHLRC1	158060
ENSG00000121152	NCAPH	157895
ENSG00000185522	LMNTD2	157872
ENSG00000095970	TREM2	157858
ENSG00000196844	PATE2	157853
ENSG00000148704	VAX1	157714
ENSG00000277494	GPIHBP1	157590
ENSG00000177398	UMODL1	157324
ENSG00000113600	C9_ENSG00000113600	157180
ENSG00000123496	IL13RA2	157078
ENSG00000162598	C1orf87	157077
ENSG00000182308	DCAF4L1	157075
ENSG00000204967	PCDHA4	156955
ENSG00000187800	PEAR1	156948
ENSG00000117122	MFAP2	156903
ENSG00000186212	SOWAHB	156895
ENSG00000141497	ZMYND15	156895
ENSG00000167676	PLIN4	156799
ENSG00000271949	ENSG00000271949.1	156690
ENSG00000085840	ORC1	156442
ENSG00000205592	MUC19	156322
ENSG00000183668	PSG9	156304
ENSG00000143355	LHX9	156262
ENSG00000204175	GPRIN2	156213
ENSG00000172818	OVOL1	156187
ENSG00000151704	KCNJ1	155864
ENSG00000140481	CCDC33	155712
ENSG00000160200	CBS	155666
ENSG00000143450	OAZ3	155615
ENSG00000283239	KBTBD11-OT1_ENSG00000283239	155486
ENSG00000168779	SHOX2	155309
ENSG00000257017	HP	155186
ENSG00000260027	HOXB7	155137
ENSG00000100739	BDKRB1	155001
ENSG00000152207	CYSLTR2	154983
ENSG00000073734	ABCB11	154949
ENSG00000240563	L1TD1	154921
ENSG00000159251	ACTC1	154567
ENSG00000160868	CYP3A4	154554
ENSG00000258644	SYNJ2BP-COX16	154551
ENSG00000101916	TLR8	154534
ENSG00000205089	CCNI2	154485
ENSG00000203910	C1orf146	154398
ENSG00000104499	GML	154225
ENSG00000158481	CD1C	154209
ENSG00000164626	KCNK5	154077
ENSG00000163687	DNASE1L3	154021
ENSG00000159398	CES5A	153952
ENSG00000255561	FDXACB1	153862
ENSG00000134940	ACRV1	153853
ENSG00000126259	KIRREL2	153782
ENSG00000089685	BIRC5	153586
ENSG00000101327	PDYN	153568
ENSG00000187513	GJA4	153438
ENSG00000171551	ECEL1	153437
ENSG00000204657	OR2H2	153370
ENSG00000160183	TMPRSS3	153356
ENSG00000230054	TEX53	153327
ENSG00000170209	ANKK1	153174
ENSG00000116985	BMP8B	153094
ENSG00000173867	ENSG00000173867.10	153046
ENSG00000170893	TRH	152737
ENSG00000234828	IQCM	152734
ENSG00000189001	SBSN	152653
ENSG00000130054	NALF2	152414
ENSG00000163735	CXCL5	152354
ENSG00000177873	ZNF619	152342
ENSG00000244617	ASPRV1	152331
ENSG00000136944	LMX1B	152308
ENSG00000268089	GABRQ	152232
ENSG00000270379	HEATR9	151957
ENSG00000157150	TIMP4	151590
ENSG00000148584	A1CF	151542
ENSG00000205710	C17orf107	151349
ENSG00000248713	C4orf54	151185
ENSG00000156413	FUT6	151101
ENSG00000107165	TYRP1	150977
ENSG00000278023	RDM1	150905
ENSG00000284773	ENSG00000284773.1	150858
ENSG00000133063	CHIT1	150764
ENSG00000183876	ARSI	150761
ENSG00000138722	MMRN1	150699
ENSG00000143184	XCL1	150680
ENSG00000204571	KRTAP5-11	150586
ENSG00000163357	DCST1	150548
ENSG00000119973	PRLHR	150531
ENSG00000205236	ENSG00000205236.6	150499
ENSG00000006788	MYH13	150479
ENSG00000177191	B3GNT8	150213
ENSG00000185056	C5orf47	150129
ENSG00000133665	DYDC2	150090
ENSG00000160182	TFF1	150076
ENSG00000139540	SLC39A5	150042
ENSG00000244588	RAD21L1	150042
ENSG00000129455	KLK8	150028
ENSG00000106341	PPP1R17	149951
ENSG00000132514	CLEC10A	149919
ENSG00000181541	MAB21L2	149857
ENSG00000177238	TRIM72	149792
ENSG00000204965	PCDHA5	149783
ENSG00000258659	TRIM34	149696
ENSG00000285458	ENSG00000285458.1	149691
ENSG00000186471	AKAP14	149493
ENSG00000113205	PCDHB3	149207
ENSG00000110203	FOLR3	148952
ENSG00000104804	TULP2	148824
ENSG00000233041	PHGR1	148802
ENSG00000215910	C1orf167	148779
ENSG00000160867	FGFR4	148775
ENSG00000189152	GRAPL	148727
ENSG00000184058	TBX1	148627
ENSG00000274386	TMEM269	148362
ENSG00000174951	FUT1	148336
ENSG00000146250	PRSS35	148335
ENSG00000117322	CR2	148202
ENSG00000188959	C9orf152	148190
ENSG00000132297	HHLA1	148182
ENSG00000150676	CCDC83	148013
ENSG00000263620	ENSG00000263620.1	147980
ENSG00000159307	SCUBE1	147968
ENSG00000130598	TNNI2	147908
ENSG00000027644	INSRR	147831
ENSG00000107984	DKK1	147789
ENSG00000186038	HTR3E	147752
ENSG00000185664	PMEL	147725
ENSG00000103067	ESRP2	147436
ENSG00000180929	GPR62	147387
ENSG00000145283	SLC10A6	147325
ENSG00000215529	EFCAB8	147320
ENSG00000136352	NKX2-1	147269
ENSG00000116981	NT5C1A	147253
ENSG00000088926	F11_ENSG00000088926	146988
ENSG00000224420	ADM5	146968
ENSG00000178826	TMEM139	146960
ENSG00000180061	TMEM150B	146932
ENSG00000169385	RNASE2	146910
ENSG00000249319	ENSG00000249319.2	146813
ENSG00000121621	KIF18A	146798
ENSG00000132972	RNF17	146794
ENSG00000131944	FAAP24	146789
ENSG00000268790	ENSG00000268790.5	146610
ENSG00000166670	MMP10	146601
ENSG00000185269	NOTUM	146515
ENSG00000163239	TDRD10	146430
ENSG00000135248	GARIN1B	146265
ENSG00000165685	TMEM52B	146149
ENSG00000075218	GTSE1	146134
ENSG00000214967	NPIPA7	146130
ENSG00000271092	TLCD4-RWDD3	146082
ENSG00000172548	NIPAL4	145954
ENSG00000270106	TSNAX-DISC1	145756
ENSG00000101342	TLDC2	145727
ENSG00000213996	TM6SF2	145692
ENSG00000213420	GPC2	145653
ENSG00000273269	ENSG00000273269.3	145583
ENSG00000164265	SCGB3A2	145535
ENSG00000179477	ALOX12B	145526
ENSG00000124818	OPN5	145448
ENSG00000154025	SLC5A10	145348
ENSG00000159261	CLDN14	145008
ENSG00000069764	PLA2G10	144964
ENSG00000205358	MT1H	144962
ENSG00000130876	SLC7A10	144950
ENSG00000148483	TMEM236	144892
ENSG00000140287	HDC	144817
ENSG00000174417	TRHR	144811
ENSG00000259207	ITGB3	144750
ENSG00000248712	CCDC153	144667
ENSG00000145358	DDIT4L	144611
ENSG00000175063	UBE2C	144585
ENSG00000068781	STON1-GTF2A1L	144541
ENSG00000111644	ACRBP	144532
ENSG00000019186	CYP24A1	144482
ENSG00000175097	RAG2	144480
ENSG00000272674	PCDHB16	144325
ENSG00000102057	KCND1	144310
ENSG00000169402	RSPH10B2	144303
ENSG00000183160	TMEM119	144111
ENSG00000261456	TUBB8	144104
ENSG00000169203	NPIPB12	144098
ENSG00000283632	EXOC3L2	144087
ENSG00000162676	GFI1	144069
ENSG00000180938	ZNF572	144018
ENSG00000171611	PTCRA	143717
ENSG00000157766	ACAN	143663
ENSG00000163121	NEURL3	143500
ENSG00000287839	ENSG00000287839.2	143413
ENSG00000178821	TMEM52	143372
ENSG00000281039	ENSG00000281039.1	143337
ENSG00000169006	NTSR2	143326
ENSG00000243811	APOBEC3D	143123
ENSG00000134240	HMGCS2	143082
ENSG00000171517	LPAR3	143012
ENSG00000123307	NEUROD4	142880
ENSG00000158077	NLRP14	142773
ENSG00000278677	H2AC17	142753
ENSG00000198156	NPIPB6	142743
ENSG00000262165	C17orf114	142713
ENSG00000163467	TSACC	142676
ENSG00000134443	GRP	142564
ENSG00000124249	KCNK15	142540
ENSG00000178150	ZNF114	142480
ENSG00000123572	NRK	142480
ENSG00000143257	NR1I3	142394
ENSG00000100298	APOBEC3H	142362
ENSG00000141294	LRRC46	142256
ENSG00000177669	MBOAT4	142177
ENSG00000251201	TMED7-TICAM2	142098
ENSG00000170312	CDK1	142053
ENSG00000130270	ATP8B3	142031
ENSG00000164520	RAET1E	142023
ENSG00000121446	RGSL1	141929
ENSG00000197245	FAM110D	141812
ENSG00000125726	CD70	141638
ENSG00000170819	BFSP2	141636
ENSG00000095596	CYP26A1	141561
ENSG00000149043	SYT8	141487
ENSG00000204669	C9orf57	141434
ENSG00000128652	HOXD3	141400
ENSG00000080007	DDX43	141279
ENSG00000137709	POU2F3	141129
ENSG00000151365	THRSP	140898
ENSG00000179165	PXT1	140880
ENSG00000160808	MYL3	140829
ENSG00000171595	DNAI2	140737
ENSG00000187726	DNAJB13	140643
ENSG00000113212	PCDHB7	140526
ENSG00000175591	P2RY2	140474
ENSG00000188095	MESP2	140445
ENSG00000196196	HRCT1	140388
ENSG00000157315	TMED6	140319
ENSG00000150048	CLEC1A	140199
ENSG00000282218	ENSG00000282218.1	140176
ENSG00000165457	FOLR2	139981
ENSG00000173728	C1orf100	139980
ENSG00000143839	REN	139942
ENSG00000198088	NUP62CL	139939
ENSG00000012504	NR1H4	139883
ENSG00000269067	ZNF728	139803
ENSG00000178015	GPR150	139652
ENSG00000118298	CA14	139616
ENSG00000134183	GNAT2	139380
ENSG00000103375	AQP8	139181
ENSG00000263639	MSMB	139158
ENSG00000288520	ENSG00000288520.1	139007
ENSG00000138379	MSTN	138977
ENSG00000167419	LPO	138940
ENSG00000085741	WNT11	138874
ENSG00000009709	PAX7	138873
ENSG00000277224	H2BC7	138867
ENSG00000132911	NMUR2	138736
ENSG00000139985	ADAM21	138670
ENSG00000146360	GPR6	138512
ENSG00000187912	CLEC17A	138452
ENSG00000121807	CCR2	138371
ENSG00000274588	DGKK	138298
ENSG00000158955	WNT9B	138227
ENSG00000170627	GTSF1	138058
ENSG00000275714	H3C1	137933
ENSG00000130711	PRDM12	137811
ENSG00000158423	RIBC1	137600
ENSG00000173702	MUC13	137523
ENSG00000134827	TCN1	137474
ENSG00000116039	ATP6V1B1	137467
ENSG00000163705	FANCD2OS	137409
ENSG00000135406	PRPH	137319
ENSG00000196664	TLR7	137021
ENSG00000006638	TBXA2R	136740
ENSG00000110484	SCGB2A2	136724
ENSG00000177096	PHETA2	136643
ENSG00000187867	PALM3	136505
ENSG00000259803	SLC22A31	136433
ENSG00000185559	DLK1	136419
ENSG00000205420	KRT6A	136357
ENSG00000142748	FCN3	136265
ENSG00000189233	NUGGC	136195
ENSG00000079689	SCGN	136142
ENSG00000134398	ERN2	136061
ENSG00000184459	BPIFC	135948
ENSG00000179270	PCARE	135914
ENSG00000162398	LEXM	135884
ENSG00000163599	CTLA4	135719
ENSG00000284873	OOSP1	135660
ENSG00000178363	CALML3	135357
ENSG00000164867	NOS3	135304
ENSG00000188611	ASAH2	135214
ENSG00000105672	ETV2	135155
ENSG00000173253	DMRT2	135136
ENSG00000105388	CEACAM5	134885
ENSG00000173825	TIGD3	134850
ENSG00000253293	HOXA10	134740
ENSG00000175879	HOXD8	134648
ENSG00000188373	GPR15LG	134598
ENSG00000127564	PKMYT1	134597
ENSG00000281883	ENSG00000281883.1	134414
ENSG00000165490	DDIAS	134365
ENSG00000285585	ENSG00000285585.1	134253
ENSG00000100336	APOL4	134246
ENSG00000261210	CLEC19A	134179
ENSG00000160224	AIRE	134057
ENSG00000170044	ZPLD1	133929
ENSG00000179913	B3GNT3	133836
ENSG00000121690	DEPDC7	133826
ENSG00000184599	TAFA3	133747
ENSG00000186329	TMEM212	133738
ENSG00000176244	ACBD7	133621
ENSG00000024526	DEPDC1	133599
ENSG00000275410	HNF1B	133438
ENSG00000137135	ARHGEF39	133400
ENSG00000285231	OOSP3	133361
ENSG00000170890	PLA2G1B	133297
ENSG00000163440	PDCL2	133204
ENSG00000255663	ENSG00000255663.1	133188
ENSG00000111254	AKAP3	133127
ENSG00000272741	ENSG00000272741.1	133127
ENSG00000203995	ZYG11A	132967
ENSG00000128645	HOXD1	132826
ENSG00000188000	OR7D2	132814
ENSG00000263961	RHEX	132762
ENSG00000173769	TOPAZ1	132743
ENSG00000122592	HOXA7	132728
ENSG00000100101	ENSG00000100101.15	132714
ENSG00000131019	ULBP3	132635
ENSG00000274810	NPHP3-ACAD11	132612
ENSG00000011052	NME1-NME2	132539
ENSG00000114487	MORC1	132513
ENSG00000105523	FAM83E	132473
ENSG00000284946	ENSG00000284946.1	132311
ENSG00000276409	CCL14	132216
ENSG00000146839	ZAN	131888
ENSG00000174576	NPAS4	131862
ENSG00000104760	FGL1	131835
ENSG00000272647	ENSG00000272647.3	131824
ENSG00000215397	SCRT2	131756
ENSG00000139800	ZIC5	131632
ENSG00000149922	TBX6	131553
ENSG00000129810	SGO1	131312
ENSG00000197587	DMBX1	131308
ENSG00000184389	A3GALT2	131275
ENSG00000148942	SLC5A12	131250
ENSG00000159648	TEPP	131163
ENSG00000184163	C1QTNF12	131042
ENSG00000248919	ATP5MF-PTCD1	130948
ENSG00000188779	SKOR1	130695
ENSG00000171017	LRRC8E	130688
ENSG00000129474	AJUBA	130663
ENSG00000188883	KLRG2	130550
ENSG00000156284	CLDN8	130545
ENSG00000187037	GPR141	130519
ENSG00000137975	CLCA2	130336
ENSG00000189068	VSTM1	130322
ENSG00000184860	SDR42E1	130303
ENSG00000204909	SPINK9	130283
ENSG00000167244	IGF2	130099
ENSG00000122711	SPINK4	130094
ENSG00000278828	H3C10	129971
ENSG00000178372	CALML5	129917
ENSG00000105641	SLC5A5	129893
ENSG00000117400	MPL	129784
ENSG00000124208	PEDS1-UBE2V1	129715
ENSG00000007350	TKTL1	129561
ENSG00000183760	ACP7	129298
ENSG00000143632	ACTA1	129285
ENSG00000126562	WNK4	129167
ENSG00000161594	KLHL10	129157
ENSG00000197416	FABP12	129129
ENSG00000092607	TBX15	129074
ENSG00000240445	FOXO3B	128999
ENSG00000130595	TNNT3	128976
ENSG00000274847	MAFIP	128913
ENSG00000135436	FAM186B	128742
ENSG00000180269	GPR139	128690
ENSG00000178201	VN1R1	128548
ENSG00000102048	ASB9	128424
ENSG00000277639	CHD9NB	128247
ENSG00000133980	VRTN	128205
ENSG00000066735	KIF26A	128109
ENSG00000156269	NAA11	127941
ENSG00000111012	CYP27B1	127911
ENSG00000128510	CPA4	127877
ENSG00000002726	AOC1	127847
ENSG00000197632	SERPINB2	127845
ENSG00000196862	RGPD4	127817
ENSG00000175315	CST6	127442
ENSG00000078579	FGF20	127405
ENSG00000165863	C10orf82	127405
ENSG00000171931	FBXW10	127390
ENSG00000117834	SLC5A9	127355
ENSG00000254415	SIGLEC14	127324
ENSG00000109758	HGFAC	127264
ENSG00000105479	ODAD1	127262
ENSG00000214940	NPIPA8	127219
ENSG00000138131	LOXL4	127128
ENSG00000113249	HAVCR1	127027
ENSG00000173338	KCNK7	127015
ENSG00000185467	KPNA7	126976
ENSG00000095752	IL11	126954
ENSG00000204531	POU5F1	126619
ENSG00000267426	ENSG00000267426.5	126565
ENSG00000148773	MKI67	126425
ENSG00000170482	SLC23A1	126392
ENSG00000164935	DCSTAMP	126335
ENSG00000100557	CCDC198	126233
ENSG00000104879	CKM	126177
ENSG00000113211	PCDHB6	126119
ENSG00000198125	MB	126062
ENSG00000198844	ARHGEF15	125985
ENSG00000166828	SCNN1G	125855
ENSG00000278817	ENSG00000278817.1	125777
ENSG00000136378	ADAMTS7	125735
ENSG00000131233	GJA9	125730
ENSG00000169594	BNC1	125713
ENSG00000002745	WNT16	125641
ENSG00000124827	GCM2	125525
ENSG00000267748	ENSG00000267748.4	125412
ENSG00000275221	H2AC15	125394
ENSG00000138435	CHRNA1	125367
ENSG00000183549	ACSM5	125293
ENSG00000283580	ENSG00000283580.4	125149
ENSG00000272442	ENSG00000272442.2	124937
ENSG00000167748	KLK1	124764
ENSG00000142606	MMEL1	124753
ENSG00000283128	ENSG00000283128.3	124556
ENSG00000149300	C11orf52	124493
ENSG00000244482	LILRA6	124491
ENSG00000137273	FOXF2	124446
ENSG00000187871	GFRAL	124394
ENSG00000126778	SIX1	123911
ENSG00000283683	MYOCOS	123763
ENSG00000178795	GDPD4	123702
ENSG00000173662	TAS1R1	123674
ENSG00000175820	CCDC168	123666
ENSG00000198336	MYL4	123450
ENSG00000161031	PGLYRP2	123336
ENSG00000198074	AKR1B10	123328
ENSG00000164122	ASB5	123265
ENSG00000183615	FAM167B	123136
ENSG00000145826	LECT2	123110
ENSG00000106328	FSCN3	123089
ENSG00000261594	TPBGL	123050
ENSG00000171433	GLOD5	123036
ENSG00000161609	KASH5	122950
ENSG00000143476	DTL	122871
ENSG00000184530	C6orf58	122735
ENSG00000288722	F8A1	122676
ENSG00000159625	DRC7	122585
ENSG00000169676	DRD5	122530
ENSG00000140623	SEPTIN12	122487
ENSG00000171401	KRT13	122477
ENSG00000176177	ENTHD1	122414
ENSG00000147059	SPIN2A	122408
ENSG00000142615	CELA2A	122271
ENSG00000127533	F2RL3	122045
ENSG00000188488	SERPINA5	121961
ENSG00000169900	PYDC1	121745
ENSG00000175084	DES	121709
ENSG00000172425	TTC36	121539
ENSG00000158714	SLAMF8	121532
ENSG00000166743	ACSM1	121500
ENSG00000124205	EDN3	121344
ENSG00000184716	SERINC4	121227
ENSG00000185761	ADAMTSL5	121218
ENSG00000253598	SLC10A5	120981
ENSG00000179627	ZBTB42	120961
ENSG00000152611	CAPSL	120808
ENSG00000166928	MS4A14	120702
ENSG00000237412	PRSS56	120567
ENSG00000169224	GCSAML	120526
ENSG00000007933	FMO3	120409
ENSG00000138315	OIT3	120338
ENSG00000188501	LCTL	120324
ENSG00000008197	TFAP2D	120133
ENSG00000116690	PRG4	120115
ENSG00000139219	COL2A1	120015
ENSG00000187823	RTL4	119654
ENSG00000182508	LHFPL1	119638
ENSG00000108823	SGCA	119407
ENSG00000263155	MYZAP	119390
ENSG00000166866	MYO1A	119264
ENSG00000154252	GAL3ST2	119188
ENSG00000178997	EXD1	119167
ENSG00000154997	SEPTIN14	119114
ENSG00000186452	TMPRSS12	118980
ENSG00000137204	SLC22A7	118875
ENSG00000134438	RAX	118824
ENSG00000128250	RFPL1	118678
ENSG00000117399	CDC20	118505
ENSG00000184661	CDCA2	118501
ENSG00000260851	ENSG00000260851.7	118282
ENSG00000112246	SIM1	118262
ENSG00000173641	HSPB7	118244
ENSG00000183571	PGPEP1L	118027
ENSG00000126010	GRPR	117811
ENSG00000173013	CCDC96	117789
ENSG00000166183	ASPG	117752
ENSG00000099953	MMP11	117726
ENSG00000237330	RNF223	117634
ENSG00000106336	FBXO24	117618
ENSG00000188175	HEPACAM2	117585
ENSG00000165182	CXorf58	117554
ENSG00000135476	ESPL1	117533
ENSG00000108511	HOXB6	117455
ENSG00000283765	ENSG00000283765.1	117171
ENSG00000163737	PF4	117127
ENSG00000131650	KREMEN2	117079
ENSG00000230873	STMND1	117076
ENSG00000143867	OSR1	117075
ENSG00000037280	FLT4	117064
ENSG00000169314	C22orf15	116851
ENSG00000125878	TCF15	116748
ENSG00000121594	CD80	116710
ENSG00000176092	CRYBG2	116616
ENSG00000151360	ALLC	116415
ENSG00000104901	DKKL1	116373
ENSG00000187510	PLEKHG7	116256
ENSG00000180549	FUT7	116091
ENSG00000188991	SLC15A5	116062
ENSG00000178789	CD300LB	115986
ENSG00000185245	GP1BA	115878
ENSG00000102076	OPN1LW	115837
ENSG00000178934	LGALS7B	115800
ENSG00000039600	SOX30	115700
ENSG00000229676	ZNF492	115698
ENSG00000269502	DMRTC1	115647
ENSG00000185860	CCDC190	115581
ENSG00000216588	IGSF23	115485
ENSG00000186675	MAGEE2	115334
ENSG00000169679	BUB1	115250
ENSG00000054938	CHRDL2	115204
ENSG00000204140	CLPSL1	115173
ENSG00000175206	NPPA	115144
ENSG00000205482	SPDYE18	115026
ENSG00000137868	STRA6	114994
ENSG00000132744	ACY3	114925
ENSG00000145103	ILDR1	114854
ENSG00000126467	TSKS	114846
ENSG00000204335	SP5	114629
ENSG00000284626	ENSG00000284626.1	114580
ENSG00000166396	SERPINB7	114533
ENSG00000196860	TOMM20L	114531
ENSG00000034971	MYOC	114496
ENSG00000161940	BCL6B	114449
ENSG00000065328	MCM10	114384
ENSG00000124602	UNC5CL	114381
ENSG00000188306	LRRIQ4	114340
ENSG00000274997	H2AC12	114291
ENSG00000180999	C1orf105	114241
ENSG00000092850	TEKT2	114161
ENSG00000114854	TNNC1	114097
ENSG00000117650	NEK2	114088
ENSG00000262664	OVCA2	114042
ENSG00000099984	GSTT2	113807
ENSG00000267618	ENSG00000267618.5	113763
ENSG00000103241	FOXF1	113696
ENSG00000108242	CYP2C18	113600
ENSG00000164220	F2RL2	113595
ENSG00000159588	CCDC17	113590
ENSG00000188763	FZD9	113508
ENSG00000112837	TBX18	113501
ENSG00000133328	PLAAT2	113382
ENSG00000069812	HES2	113330
ENSG00000137878	GCOM1	113306
ENSG00000185933	CALHM1	113227
ENSG00000115507	OTX1	113207
ENSG00000120332	TNN	113094
ENSG00000171320	ESCO2	113023
ENSG00000060566	CREB3L3	112908
ENSG00000182484	WASH6P_ENSG00000182484	112838
ENSG00000272414	FAM47E-STBD1	112765
ENSG00000168348	INSM2	112711
ENSG00000237649	KIFC1	112656
ENSG00000179111	HES7	112645
ENSG00000285547	ENSG00000285547.1	112626
ENSG00000179058	C9orf50	112560
ENSG00000213471	TTLL13	112542
ENSG00000118526	TCF21	112482
ENSG00000115718	PROC	112480
ENSG00000254709	IGLL5	112457
ENSG00000179044	EXOC3L1	112352
ENSG00000198601	OR2M2	112210
ENSG00000187783	TMEM72	112167
ENSG00000124743	KLHL31	112114
ENSG00000261794	GOLGA8H	112112
ENSG00000143627	PKLR	112107
ENSG00000181333	HEPHL1	112086
ENSG00000129437	KLK14	112003
ENSG00000186973	CFAP144	111978
ENSG00000180806	HOXC9	111880
ENSG00000107821	KAZALD1	111794
ENSG00000213085	CFAP45	111786
ENSG00000163646	CLRN1	111670
ENSG00000115386	REG1A	111652
ENSG00000121764	HCRTR1	111575
ENSG00000007038	PRSS21	111556
ENSG00000274443	C8orf89	111526
ENSG00000131686	CA6	111523
ENSG00000149651	SPINT4	111498
ENSG00000166869	CHP2	110846
ENSG00000228727	SAPCD1	110719
ENSG00000175018	TEX36	110645
ENSG00000176083	ZNF683	110506
ENSG00000104941	RSPH6A	110350
ENSG00000285733	ENSG00000285733.1	110328
ENSG00000253767	PCDHGA8	110252
ENSG00000180871	CXCR2	110190
ENSG00000213937	CLDN9	110180
ENSG00000214510	SPINK13	110143
ENSG00000259120	SMIM6	110133
ENSG00000188886	ASTL	110050
ENSG00000170290	SLN	110046
ENSG00000244067	GSTA2	109964
ENSG00000154611	PSMA8	109923
ENSG00000155026	RSPH10B	109890
ENSG00000132031	MATN3	109832
ENSG00000259916	AQP7B	109727
ENSG00000272899	ATP6V1FNB	109677
ENSG00000132881	CPLANE2	109627
ENSG00000105679	GAPDHS	109607
ENSG00000134765	DSC1	109515
ENSG00000179709	NLRP8	109480
ENSG00000144230	GPR17	109460
ENSG00000164743	C8orf48	109302
ENSG00000232629	HLA-DQB2	109283
ENSG00000154007	ASB17	109127
ENSG00000144644	GADL1	109075
ENSG00000254122	PCDHGB7	108872
ENSG00000184357	H1-5	108867
ENSG00000095627	TDRD1	108714
ENSG00000269035	ENSG00000269035.1	108528
ENSG00000272573	MUSTN1	108453
ENSG00000249222	ATP5MGL	108361
ENSG00000204165	CXorf65	108268
ENSG00000157093	LYZL4	108021
ENSG00000253537	PCDHGA7	107933
ENSG00000171954	CYP4F22	107925
ENSG00000128886	ELL3	107881
ENSG00000174448	STARD6	107763
ENSG00000100985	MMP9	107755
ENSG00000189320	FAM180A	107749
ENSG00000270249	ENSG00000270249.2	107694
ENSG00000265818	EEF1E1-BLOC1S5	107574
ENSG00000182264	IZUMO1	107346
ENSG00000266302	ENSG00000266302.6	107325
ENSG00000120471	TP53AIP1	107203
ENSG00000136457	CHAD	107166
ENSG00000144837	PLA1A	107138
ENSG00000170477	KRT4	107043
ENSG00000164093	PITX2	107023
ENSG00000257950	P2RX5-TAX1BP3	106999
ENSG00000171487	NLRP5	106984
ENSG00000187908	DMBT1	106952
ENSG00000184937	WT1	106937
ENSG00000167131	CCDC103	106896
ENSG00000154620	TMSB4Y	106800
ENSG00000134812	CBLIF	106773
ENSG00000197888	UGT2B17	106745
ENSG00000167080	B4GALNT2	106629
ENSG00000088386	SLC15A1	106623
ENSG00000225556	C2CD4D	106608
ENSG00000139890	REM2	106468
ENSG00000261934	PCDHGA9	106450
ENSG00000124935	SCGB1D2	106412
ENSG00000151475	SLC25A31	106395
ENSG00000176125	UFSP1	106360
ENSG00000122121	XPNPEP2	106175
ENSG00000183347	GBP6	105998
ENSG00000104415	CCN4	105949
ENSG00000197446	CYP2F1	105778
ENSG00000261796	ISY1-RAB43	105756
ENSG00000148702	HABP2	105710
ENSG00000101162	TUBB1	105700
ENSG00000166148	AVPR1A	105535
ENSG00000179855	GIPC3	105529
ENSG00000197935	ZNF311	105389
ENSG00000146955	RAB19	105194
ENSG00000184302	SIX6	105060
ENSG00000214654	B3GALT9	104987
ENSG00000124103	FAM209A	104968
ENSG00000107159	CA9	104841
ENSG00000170516	COX7B2	104831
ENSG00000166664	CHRFAM7A	104829
ENSG00000129654	FOXJ1	104809
ENSG00000188505	NCCRP1	104730
ENSG00000213638	ADAT3	104712
ENSG00000105398	SULT2A1	104608
ENSG00000103426	CORO7-PAM16	104591
ENSG00000164107	HAND2	104582
ENSG00000261341	SMIM47	104518
ENSG00000286237	ARMCX5-GPRASP2_ENSG00000286237	104511
ENSG00000188869	TMC3	104377
ENSG00000269226	TMSB15C	104355
ENSG00000099834	CDHR5	104288
ENSG00000186103	ARGFX	104284
ENSG00000185149	NPY2R	104247
ENSG00000135100	HNF1A	104212
ENSG00000268133	ENSG00000268133.1	104138
ENSG00000282988	ENSG00000282988.2	104121
ENSG00000147570	DNAJC5B	104071
ENSG00000198353	HOXC4	103814
ENSG00000185198	PRSS57	103811
ENSG00000257743	MGAM2	103809
ENSG00000117560	FASLG	103749
ENSG00000227268	KLLN	103428
ENSG00000132681	ATP1A4	103391
ENSG00000188176	SMTNL2	103365
ENSG00000105352	CEACAM4	103272
ENSG00000171903	CYP4F11	103199
ENSG00000081248	CACNA1S	102804
ENSG00000232125	DYTN	102755
ENSG00000179639	FCER1A	102703
ENSG00000188931	CFAP126	102524
ENSG00000089225	TBX5	102519
ENSG00000230797	YY2	102511
ENSG00000182698	RESP18	102439
ENSG00000221887	HMSD	102376
ENSG00000203963	C1orf141	102339
ENSG00000107447	DNTT	102319
ENSG00000158014	SLC30A2	102237
ENSG00000164045	CDC25A	102180
ENSG00000215274	GAGE10	102164
ENSG00000198553	KCNRG	102114
ENSG00000005381	MPO	102063
ENSG00000005421	PON1	102021
ENSG00000180574	EIF2S3B	101975
ENSG00000125798	FOXA2	101967
ENSG00000172215	CXCR6	101895
ENSG00000180090	OR3A1	101843
ENSG00000164853	UNCX	101795
ENSG00000146809	ASB15	101776
ENSG00000189280	GJB5	101775
ENSG00000222014	RAB6C	101683
ENSG00000248672	LY75-CD302	101386
ENSG00000186185	KIF18B	101378
ENSG00000178776	C5orf46	101377
ENSG00000092054	MYH7	101322
ENSG00000233670	PIRT	101316
ENSG00000243284	VSIG8	101300
ENSG00000146410	MTFR2	101193
ENSG00000188060	RAB42	101062
ENSG00000258429	PDF	101061
ENSG00000125285	SOX21	101025
ENSG00000165891	E2F7	100761
ENSG00000004948	CALCR	100677
ENSG00000205678	TECRL	100665
ENSG00000196260	SFTA2	100625
ENSG00000115593	SMYD1	100607
ENSG00000215182	MUC5AC	100551
ENSG00000166796	LDHC	100531
ENSG00000165841	CYP2C19	100485
ENSG00000198807	PAX9	100484
ENSG00000007952	NOX1	100449
ENSG00000163012	ZSWIM2	100345
ENSG00000120149	MSX2	100275
ENSG00000259753	ENSG00000259753.1	99947
ENSG00000156509	FBXO43	99850
ENSG00000152766	ANKRD22	99576
ENSG00000165837	ERICH6B	99519
ENSG00000260836	ENSG00000260836.2	99321
ENSG00000204961	PCDHA9	99309
ENSG00000253159	PCDHGA12	99220
ENSG00000204022	LIPJ	99032
ENSG00000049249	TNFRSF9	98993
ENSG00000153789	CIBAR2	98913
ENSG00000167634	NLRP7	98894
ENSG00000123843	C4BPB	98800
ENSG00000205572	SERF1B	98695
ENSG00000124780	KCNK17	98682
ENSG00000169607	CKAP2L	98615
ENSG00000260007	ENSG00000260007.3	98527
ENSG00000100373	UPK3A	98487
ENSG00000262633	ENSG00000262633.2	98482
ENSG00000274512	TBC1D3L	98459
ENSG00000139572	GPR84	98426
ENSG00000130234	ACE2	98277
ENSG00000126787	DLGAP5	98086
ENSG00000131080	EDA2R	98060
ENSG00000253304	TMEM200B	98001
ENSG00000084110	HAL	97790
ENSG00000167646	DNAAF3	97736
ENSG00000130055	GDPD2	97563
ENSG00000170608	FOXA3	97523
ENSG00000182885	ADGRG3	97476
ENSG00000188958	UTS2B	97465
ENSG00000283199	C13orf46	97382
ENSG00000166589	CDH16	97354
ENSG00000244219	TMEM225B	97337
ENSG00000144962	SPATA16	97285
ENSG00000150783	TEX12	97257
ENSG00000100053	CRYBB3	97254
ENSG00000125965	GDF5	96867
ENSG00000196747	H2AC13	96802
ENSG00000278224	PRICKLE4	96743
ENSG00000125780	TGM3	96702
ENSG00000128165	ADM2	96636
ENSG00000131126	TEX101	96488
ENSG00000170848	PSG6	96437
ENSG00000164404	GDF9	96351
ENSG00000227868	TEX46	96338
ENSG00000133488	SEC14L4	96225
ENSG00000249948	GBA3	96223
ENSG00000135960	EDAR	96211
ENSG00000152672	CLEC4F	96184
ENSG00000112214	FHL5	96149
ENSG00000010932	FMO1	95779
ENSG00000124237	C20orf85	95684
ENSG00000198104	OR2T6	95681
ENSG00000144852	NR1I2	95660
ENSG00000234906	APOC2	95646
ENSG00000140835	CHST4	95616
ENSG00000143412	ANXA9	95611
ENSG00000173894	CBX2	95549
ENSG00000152595	MEPE	95548
ENSG00000170891	CYTL1	95532
ENSG00000282757	DUXB	95401
ENSG00000205177	C11orf91	95047
ENSG00000175262	C1orf127	94854
ENSG00000143028	SYPL2	94806
ENSG00000125787	GNRH2	94772
ENSG00000161653	NAGS	94767
ENSG00000169495	HTRA4	94570
ENSG00000177464	GPR4	94556
ENSG00000136929	HEMGN	94481
ENSG00000117983	MUC5B	94416
ENSG00000124593	ENSG00000124593.16	94275
ENSG00000116882	HAO2	94182
ENSG00000255245	FXYD6-FXYD2	94075
ENSG00000007968	E2F2	94048
ENSG00000165349	SLC7A3	93995
ENSG00000115850	LCT	93974
ENSG00000134489	HRH4	93954
ENSG00000205126	ACCSL	93822
ENSG00000186326	RGS9BP	93786
ENSG00000140839	CLEC18B	93692
ENSG00000121236	TRIM6	93685
ENSG00000266953	ENSG00000266953.6	93577
ENSG00000158516	CPA2	93476
ENSG00000178999	AURKB	93432
ENSG00000116745	RPE65	93396
ENSG00000243910	TUBA4B	93334
ENSG00000100593	ISM2	93333
ENSG00000106631	MYL7	93146
ENSG00000231924	PSG1	93146
ENSG00000113303	BTNL8	93076
ENSG00000254692	ENSG00000254692.1	93007
ENSG00000257390	ENSG00000257390.5	92934
ENSG00000172927	MYEOV	92773
ENSG00000152463	OLAH	92719
ENSG00000284057	ENSG00000284057.1	92603
ENSG00000257524	ENSG00000257524.6	92590
ENSG00000162510	MATN1	92562
ENSG00000261884	ENSG00000261884.2	92549
ENSG00000147573	TRIM55	92538
ENSG00000144045	DQX1	92401
ENSG00000254245	PCDHGA3	92318
ENSG00000144191	CNGA3	92295
ENSG00000243696	ENSG00000243696.5	92260
ENSG00000269891	ARHGAP19-SLIT1	92240
ENSG00000188089	PLA2G4E	92212
ENSG00000257108	NHLRC4	92147
ENSG00000006047	YBX2	92122
ENSG00000105697	HAMP	92040
ENSG00000274391	TPTE	91925
ENSG00000142661	MYOM3	91921
ENSG00000179914	ITLN1	91729
ENSG00000188676	IDO2	91490
ENSG00000140675	SLC5A2	91449
ENSG00000152430	BOLL	91326
ENSG00000114771	AADAC	91074
ENSG00000197191	CYSRT1	91064
ENSG00000086967	MYBPC2	90961
ENSG00000105675	ATP4A	90865
ENSG00000078900	TP73	90844
ENSG00000184270	H2AC21	90798
ENSG00000254852	NPIPA2	90743
ENSG00000093009	CDC45	90636
ENSG00000164509	IL31RA	90630
ENSG00000120337	TNFSF18	90606
ENSG00000242221	PSG2	90593
ENSG00000272921	ENSG00000272921.1	90540
ENSG00000133105	RXFP2	90478
ENSG00000237452	MEIOSIN	90276
ENSG00000181625	SLX1B	90233
ENSG00000159450	TCHH	90213
ENSG00000173868	PHOSPHO1	90181
ENSG00000147145	LPAR4	90150
ENSG00000007314	SCN4A	90136
ENSG00000266076	ENSG00000266076.1	90094
ENSG00000101200	AVP	89958
ENSG00000181634	TNFSF15	89927
ENSG00000140534	TICRR	89894
ENSG00000165125	TRPV6	89624
ENSG00000137674	MMP20	89564
ENSG00000224109	CENPVL3	89549
ENSG00000198765	SYCP1	89543
ENSG00000271824	SMIM32	89412
ENSG00000164047	CAMP	89399
ENSG00000255587	RAB44	89282
ENSG00000185313	SCN10A	89276
ENSG00000134571	MYBPC3	89265
ENSG00000144481	TRPM8	89014
ENSG00000187682	ERAS	88995
ENSG00000261787	TCF24	88960
ENSG00000256713	PGA5	88772
ENSG00000143556	S100A7	88707
ENSG00000270757	HSPE1-MOB4	88578
ENSG00000180340	FZD2	88544
ENSG00000171804	WDR87	88519
ENSG00000188487	INSC	88504
ENSG00000066813	ACSM2B	88323
ENSG00000284713	SMIM38	88254
ENSG00000161652	IZUMO2	88213
ENSG00000275713	H2BC9	88158
ENSG00000137077	CCL21	88152
ENSG00000174016	TENT5D	88096
ENSG00000251664	PCDHA12	88057
ENSG00000091583	APOH	88042
ENSG00000283992	SLURP2	88022
ENSG00000174950	CD164L2	87992
ENSG00000221826	PSG3	87927
ENSG00000168418	KCNG4	87924
ENSG00000165702	GFI1B	87922
ENSG00000254536	ENSG00000254536.2	87849
ENSG00000144820	ADGRG7	87715
ENSG00000168907	PLA2G4F	87609
ENSG00000140279	DUOX2	87525
ENSG00000250021	ARPIN-AP3S2	87425
ENSG00000170689	HOXB9	87401
ENSG00000183747	ACSM2A	87399
ENSG00000184210	DGAT2L6	87305
ENSG00000157060	SHCBP1L	87284
ENSG00000233024	NPIPA9_ENSG00000233024	87225
ENSG00000138039	LHCGR	87220
ENSG00000197272	IL27	87125
ENSG00000183798	EMILIN3	87105
ENSG00000140459	CYP11A1	87065
ENSG00000180745	CLRN3	87056
ENSG00000134028	ADAMDEC1	86970
ENSG00000180767	CHST13	86967
ENSG00000118094	TREH	86946
ENSG00000164500	SPATA48	86867
ENSG00000251493	FOXD1	86655
ENSG00000179564	LSMEM2	86433
ENSG00000161992	PRR35	86374
ENSG00000182521	TBPL2	86352
ENSG00000169174	PCSK9	86106
ENSG00000285827	ENSG00000285827.1	85966
ENSG00000160870	CYP3A7	85885
ENSG00000081051	AFP	85878
ENSG00000162571	TTLL10	85813
ENSG00000256646	ENSG00000256646.8	85788
ENSG00000283378	CNTNAP3C	85740
ENSG00000235376	RPEL1	85700
ENSG00000270765	GAS2L2	85676
ENSG00000107014	RLN2	85655
ENSG00000168062	BATF2	85588
ENSG00000198354	DCAF12L2	85436
ENSG00000010319	SEMA3G	85420
ENSG00000138180	CEP55	85321
ENSG00000176635	HORMAD2	85305
ENSG00000197233	OR1J2	85291
ENSG00000176399	DMRTA1	85173
ENSG00000162438	CTRC	85138
ENSG00000284906	ENSG00000284906.3	85071
ENSG00000187848	P2RX2	85002
ENSG00000154646	TMPRSS15	84959
ENSG00000170788	DYDC1	84918
ENSG00000109511	ANXA10	84868
ENSG00000215472	RPL17-C18orf32	84862
ENSG00000115665	SLC5A7	84740
ENSG00000268361	ENSG00000268361.1	84684
ENSG00000180176	TH	84662
ENSG00000197893	NRAP	84563
ENSG00000204632	HLA-G	84478
ENSG00000166527	CLEC4D	84358
ENSG00000117971	CHRNB4	84301
ENSG00000145850	TIMD4	84279
ENSG00000278139	P3R3URF-PIK3R3	84259
ENSG00000176692	FOXC2	84154
ENSG00000186399	GOLGA8R	84093
ENSG00000143032	BARHL2	84074
ENSG00000052850	ALX4	84069
ENSG00000183813	CCR4	84014
ENSG00000256566	ENSG00000256566.1	83962
ENSG00000081853	PCDHGA2	83910
ENSG00000248710	ENSG00000248710.1	83851
ENSG00000171864	PRND	83680
ENSG00000141194	OR4D1	83654
ENSG00000127412	TRPV5	83618
ENSG00000250799	PRODH2	83568
ENSG00000075886	TUBA3D	83490
ENSG00000151846	PABPC3	83460
ENSG00000169894	MUC3A	83401
ENSG00000101405	OXT	83358
ENSG00000170439	METTL7B	83200
ENSG00000179046	TRIML2	83170
ENSG00000143631	FLG	83154
ENSG00000111291	GPRC5D	83087
ENSG00000214562	NUTM2D	83041
ENSG00000165828	PRAP1	82885
ENSG00000166603	MC4R	82822
ENSG00000244115	DNAJC25-GNG10	82737
ENSG00000204361	NXPE2	82457
ENSG00000196550	FAM72A	82435
ENSG00000170498	KISS1	82369
ENSG00000233056	ERVH48-1	82124
ENSG00000131055	COX4I2	82097
ENSG00000188368	PRR19	82094
ENSG00000197046	SIGLEC15	82030
ENSG00000188389	PDCD1	81978
ENSG00000163060	TEKT4	81895
ENSG00000167355	OR51B5	81836
ENSG00000269825	ENSG00000269825.3	81740
ENSG00000266997	ENSG00000266997.2	81733
ENSG00000206127	GOLGA8O	81678
ENSG00000129991	TNNI3	81671
ENSG00000186510	CLCNKA	81468
ENSG00000162594	IL23R	81444
ENSG00000197408	CYP2B6	81357
ENSG00000189057	FAM111B	81305
ENSG00000213512	GBP7	81269
ENSG00000112499	SLC22A2	81249
ENSG00000109625	CPZ	81161
ENSG00000196433	ASMT_ENSG00000196433	81151
ENSG00000258227	CLEC5A	81042
ENSG00000188508	KRTDAP	80928
ENSG00000284341	ENSG00000284341.1	80922
ENSG00000115008	IL1A	80902
ENSG00000109182	CWH43	80895
ENSG00000142700	DMRTA2	80848
ENSG00000196415	PRTN3	80763
ENSG00000175077	RTP1	80669
ENSG00000197757	HOXC6	80647
ENSG00000248099	INSL3	80511
ENSG00000168955	TM4SF20	80472
ENSG00000198028	ZNF560	80444
ENSG00000260097	SPDYE6	80378
ENSG00000130656	HBZ	80371
ENSG00000169344	UMOD	80357
ENSG00000137976	DNASE2B	80355
ENSG00000165376	CLDN2	80354
ENSG00000256812	CAPNS2	80183
ENSG00000265590	CFAP298-TCP10L	80067
ENSG00000140955	ADAD2	79954
ENSG00000165370	GPR101	79872
ENSG00000168070	MAJIN	79868
ENSG00000168811	IL12A	79792
ENSG00000137875	BCL2L10	79782
ENSG00000100253	MIOX	79755
ENSG00000101280	ANGPT4	79730
ENSG00000168621	GDNF	79632
ENSG00000177791	MYOZ1	79586
ENSG00000183644	HOATZ	79518
ENSG00000273213	H3-7	79516
ENSG00000158477	CD1A	79394
ENSG00000188277	C15orf62	79364
ENSG00000174502	SLC26A9	79363
ENSG00000189120	SP6	79322
ENSG00000179071	CCDC89	79313
ENSG00000179813	FAM216B	79181
ENSG00000160791	CCR5	79127
ENSG00000177275	OR2AJ1	79113
ENSG00000157343	ARMC12	79112
ENSG00000284130	TUBA3FP	78853
ENSG00000168619	ADAM18	78847
ENSG00000124143	ARHGAP40	78826
ENSG00000128617	OPN1SW	78814
ENSG00000197992	CLEC9A	78768
ENSG00000261701	HPR	78711
ENSG00000142623	PADI1	78672
ENSG00000169218	RSPO1	78647
ENSG00000113492	AGXT2	78530
ENSG00000111536	IL26	78519
ENSG00000197472	ZNF695	78469
ENSG00000168875	SOX14	78402
ENSG00000186765	FSCN2	78399
ENSG00000134538	SLCO1B1	78293
ENSG00000048462	TNFRSF17	78252
ENSG00000168671	UGT3A2	78208
ENSG00000167414	GNG8	77916
ENSG00000112742	TTK	77867
ENSG00000275896	PRSS2	77859
ENSG00000130433	CACNG6	77858
ENSG00000204928	GRXCR2	77855
ENSG00000204930	FAM221B	77669
ENSG00000009765	IYD	77585
ENSG00000105131	EPHX3	77523
ENSG00000283297	TEX52	77446
ENSG00000250151	ARPC4-TTLL3	77390
ENSG00000213906	LTB4R2	77354
ENSG00000219073	CELA3B	77287
ENSG00000170426	SDR9C7	77271
ENSG00000145192	AHSG	77153
ENSG00000165556	CDX2	77081
ENSG00000134760	DSG1	77056
ENSG00000182968	SOX1	76974
ENSG00000196917	HCAR1	76872
ENSG00000163499	CRYBA2	76863
ENSG00000206043	C18orf63	76848
ENSG00000164651	SP8	76829
ENSG00000197641	SERPINB13	76820
ENSG00000163581	SLC2A2	76756
ENSG00000169903	TM4SF4	76751
ENSG00000165188	RNF183	76698
ENSG00000261147	ENSG00000261147.1	76572
ENSG00000263429	TMEM238L	76547
ENSG00000132746	ALDH3B2	76522
ENSG00000249967	ENSG00000249967.1	76466
ENSG00000285253	ENSG00000285253.1	76432
ENSG00000114248	LRRC31	76312
ENSG00000188015	S100A3	76238
ENSG00000108700	CCL8	76216
ENSG00000204671	IL31	76200
ENSG00000162761	LMX1A	76186
ENSG00000225528	TMA7B	76166
ENSG00000228672	PROB1	76097
ENSG00000151650	VENTX	75985
ENSG00000015520	NPC1L1	75942
ENSG00000163209	SPRR3	75792
ENSG00000124610	H1-1	75777
ENSG00000156574	NODAL	75754
ENSG00000165805	C12orf50	75740
ENSG00000178752	ERFE	75692
ENSG00000242441	GTF2A1L	75634
ENSG00000276903	H2AC16	75585
ENSG00000139610	CELA1	75560
ENSG00000187808	SOWAHD	75242
ENSG00000105954	NPVF	75220
ENSG00000127074	RGS13	75160
ENSG00000186335	SLC36A2	75128
ENSG00000249481	SPATS1	75060
ENSG00000256188	TAS2R30	74991
ENSG00000185823	NPAP1	74882
ENSG00000159387	IRX6	74867
ENSG00000165606	DRGX	74843
ENSG00000177710	SLC35G5	74777
ENSG00000188305	PEAK3	74740
ENSG00000158055	GRHL3	74694
ENSG00000176029	C11orf16	74644
ENSG00000141161	UNC45B	74543
ENSG00000188558	OR2G6	74527
ENSG00000184908	CLCNKB	74500
ENSG00000160339	FCN2	74457
ENSG00000183607	GKN2	74399
ENSG00000106927	AMBP	74300
ENSG00000184378	ACTRT3	74210
ENSG00000120057	SFRP5	74142
ENSG00000242366	UGT1A8	74119
ENSG00000240403	KIR3DL2	74047
ENSG00000226321	CROCC2	73988
ENSG00000187537	POTEG	73954
ENSG00000257987	TEX49	73830
ENSG00000188334	BSPH1	73800
ENSG00000215817	ZC3H11B	73776
ENSG00000171388	APLN	73707
ENSG00000279301	OR2T11	73691
ENSG00000188282	RUFY4	73675
ENSG00000204086	RPA4	73667
ENSG00000205436	EXOC3L4	73643
ENSG00000197576	HOXA4	73642
ENSG00000183856	IQGAP3	73582
ENSG00000167105	TMEM92	73528
ENSG00000255359	CCDC179	73525
ENSG00000223953	C1QTNF5	73520
ENSG00000206069	LHFPL7	73471
ENSG00000174697	LEP	73447
ENSG00000264230	ANXA8L1	73390
ENSG00000004939	SLC4A1	73384
ENSG00000139914	FITM1	73365
ENSG00000132677	RHBG	73283
ENSG00000205076	LGALS7	73245
ENSG00000100012	SEC14L3	73189
ENSG00000281938	ENSG00000281938.2	73145
ENSG00000258083	OR9A4	73087
ENSG00000136634	IL10	73078
ENSG00000154839	SKA1	73077
ENSG00000213714	FAM209B	73068
ENSG00000187862	TTC24	73034
ENSG00000277893	SRD5A2	73022
ENSG00000181092	ADIPOQ	72967
ENSG00000215187	FAM166B	72898
ENSG00000146013	GFRA3	72862
ENSG00000187242	KRT12	72779
ENSG00000184344	GDF3	72629
ENSG00000254647	INS	72626
ENSG00000171916	LGALS9C	72626
ENSG00000137757	CASP5	72623
ENSG00000159723	AGRP	72613
ENSG00000155918	RAET1L	72365
ENSG00000100122	CRYBB1	72307
ENSG00000091704	CPA1	72269
ENSG00000135220	UGT2A3	72268
ENSG00000126262	FFAR2	72207
ENSG00000198183	BPIFA1	72172
ENSG00000049768	FOXP3	72079
ENSG00000118231	CRYGD	71974
ENSG00000137869	CYP19A1	71873
ENSG00000140067	FAM181A	71852
ENSG00000268041	ERFL	71735
ENSG00000169551	CT55	71712
ENSG00000007216	SLC13A2	71697
ENSG00000147613	PSKH2	71529
ENSG00000188937	NYX	71454
ENSG00000165202	OR1Q1	71431
ENSG00000109424	UCP1	71427
ENSG00000272410	ENSG00000272410.5	71341
ENSG00000143107	FNDC7	71331
ENSG00000283599	ENSG00000283599.3	71108
ENSG00000160233	LRRC3	71013
ENSG00000147697	GSDMC	70944
ENSG00000120160	EQTN	70830
ENSG00000173535	TNFRSF10C	70696
ENSG00000140506	LMAN1L	70615
ENSG00000255524	NPIPB8	70607
ENSG00000016490	CLCA1	70564
ENSG00000267206	LCN6	70536
ENSG00000077800	FKBP6	70509
ENSG00000103023	PRSS54	70450
ENSG00000165066	NKX6-3	70440
ENSG00000136574	GATA4	70372
ENSG00000173610	UGT2A1	70185
ENSG00000171431	KRT20	70173
ENSG00000145321	GC	70162
ENSG00000156466	GDF6	70122
ENSG00000129988	LBP	70097
ENSG00000101276	SLC52A3	70083
ENSG00000152254	G6PC2	70025
ENSG00000166736	HTR3A	69934
ENSG00000172023	REG1B	69816
ENSG00000116032	GRIN3B	69774
ENSG00000188375	H3-5	69765
ENSG00000179826	MRGPRX3	69725
ENSG00000285077	ARHGAP11B	69705
ENSG00000135451	TROAP	69640
ENSG00000274736	CCL23	69591
ENSG00000004809	SLC22A16	69516
ENSG00000170298	LGALS9B	69457
ENSG00000284922	LRTOMT	69445
ENSG00000273520	SPDYE8	69420
ENSG00000163263	CFAP141	69410
ENSG00000122787	AKR1D1	69366
ENSG00000142789	CELA3A	69309
ENSG00000237693	IRGM	69293
ENSG00000213297	ZNF625-ZNF20	69229
ENSG00000187288	CIDEC	69227
ENSG00000137090	DMRT1	69183
ENSG00000186919	ZACN	69166
ENSG00000241489	ENSG00000241489.8	69104
ENSG00000160472	TMEM190	69071
ENSG00000197915	HRNR	68984
ENSG00000164362	TERT	68977
ENSG00000157322	CLEC18A	68951
ENSG00000167346	MMP26	68904
ENSG00000139547	RDH16	68841
ENSG00000231852	CYP21A2	68839
ENSG00000197561	ELANE	68837
ENSG00000198099	ADH4	68830
ENSG00000105261	OVOL3	68826
ENSG00000177414	UBE2U	68804
ENSG00000205863	C1QTNF9B	68798
ENSG00000037965	HOXC8	68671
ENSG00000129910	CDH15	68607
ENSG00000100867	DHRS2	68582
ENSG00000109674	NEIL3	68560
ENSG00000158488	CD1E	68424
ENSG00000185792	NLRP9	68415
ENSG00000148377	IDI2	68367
ENSG00000167633	KIR3DL1	68353
ENSG00000285404	ENSG00000285404.1	68332
ENSG00000174792	ODAPH	68249
ENSG00000188396	DYNLT4	68051
ENSG00000219607	PPP1R3G	68026
ENSG00000161649	CD300LG	67893
ENSG00000176919	C8G	67857
ENSG00000137634	NXPE4	67791
ENSG00000127129	EDN2	67704
ENSG00000259332	ST20-MTHFS	67561
ENSG00000260342	ENSG00000260342.2	67516
ENSG00000127530	OR7C1	67459
ENSG00000160838	LRRC71	67394
ENSG00000139151	PLCZ1	67379
ENSG00000170935	NCBP2L	67359
ENSG00000129170	CSRP3	67315
ENSG00000198829	SUCNR1	67283
ENSG00000173585	CCR9	67254
ENSG00000130957	FBP2	67248
ENSG00000204952	FBXO47	67185
ENSG00000111087	GLI1	67116
ENSG00000186838	SELENOV	67065
ENSG00000113430	IRX4	66945
ENSG00000086288	NME8	66928
ENSG00000243480	AMY2A	66907
ENSG00000155428	TRIM74	66850
ENSG00000169347	GP2	66836
ENSG00000184571	PIWIL3	66807
ENSG00000169876	MUC17	66779
ENSG00000217442	SYCE3	66747
ENSG00000084674	APOB	66736
ENSG00000268870	ENSG00000268870.1	66733
ENSG00000105609	LILRB5	66613
ENSG00000161911	TREML1	66503
ENSG00000276547	PCDHGB5	66483
ENSG00000170790	OR10A2	66473
ENSG00000197238	H4C11	66379
ENSG00000105668	UPK1A	66248
ENSG00000134817	APLNR	66217
ENSG00000107831	FGF8	66161
ENSG00000148602	LRIT1	66131
ENSG00000164283	ESM1	66131
ENSG00000248405	PRR5-ARHGAP8	66110
ENSG00000206072	SERPINB11	65940
ENSG00000166143	PPP1R14D	65901
ENSG00000204983	PRSS1	65826
ENSG00000214978	GSG1L2	65654
ENSG00000138308	PLA2G12B	65617
ENSG00000179750	APOBEC3B	65609
ENSG00000276368	H2AC14	65579
ENSG00000167914	GSDMA	65532
ENSG00000204347	BTBD17	65449
ENSG00000120075	HOXB5	65391
ENSG00000105467	SYNGR4	65382
ENSG00000250803	ENSG00000250803.7	65303
ENSG00000142484	TM4SF5	65189
ENSG00000182645	CCDC172	65177
ENSG00000168078	PBK	65133
ENSG00000168582	CRYGA	65090
ENSG00000268107	ENSG00000268107.6	65068
ENSG00000243772	KIR2DL3	65028
ENSG00000159650	UROC1	64998
ENSG00000267281	ATF7-NPFF	64976
ENSG00000167791	CABP2	64946
ENSG00000198178	CLEC4C	64929
ENSG00000128310	GALR3	64920
ENSG00000218823	PAPOLB	64850
ENSG00000214872	SMTNL1	64835
ENSG00000177462	OR2T8	64778
ENSG00000130675	MNX1	64700
ENSG00000127743	IL17B	64698
ENSG00000026036	RTEL1-TNFRSF6B	64691
ENSG00000165621	OXGR1	64583
ENSG00000132855	ANGPTL3	64504
ENSG00000036473	OTC	64503
ENSG00000150750	POU2AF2	64497
ENSG00000168970	JMJD7-PLA2G4B	64461
ENSG00000204290	BTNL2	64460
ENSG00000162747	FCGR3B	64426
ENSG00000129195	PIMREG	64341
ENSG00000124019	FAM124B	64318
ENSG00000125872	LRRN4	64214
ENSG00000174992	ZG16	64191
ENSG00000213648	SULT1A4	64106
ENSG00000120054	CPN1	64022
ENSG00000186198	SLC51B	63965
ENSG00000156886	ITGAD	63936
ENSG00000272104	ENSG00000272104.1	63792
ENSG00000228144	ENSG00000228144.2	63780
ENSG00000259529	ENSG00000259529.2	63763
ENSG00000164532	TBX20	63720
ENSG00000204033	LRIT2	63652
ENSG00000204420	MPIG6B	63651
ENSG00000205835	GMNC	63625
ENSG00000260272	ENSG00000260272.1	63562
ENSG00000005981	ASB4	63542
ENSG00000121351	IAPP	63540
ENSG00000187048	CYP4A11	63517
ENSG00000286264	ENSG00000286264.2	63472
ENSG00000184022	OR2T10	63424
ENSG00000160161	CILP2	63395
ENSG00000188393	CLEC2A	63390
ENSG00000197253	TPSB2	63346
ENSG00000064218	DMRT3	63332
ENSG00000253873	PCDHGA11	63270
ENSG00000075073	TACR2	63144
ENSG00000187492	CDHR4	63043
ENSG00000111432	FZD10	62987
ENSG00000139445	FOXN4	62951
ENSG00000006606	CCL26	62948
ENSG00000160973	FOXH1	62862
ENSG00000270316	BORCS7-ASMT	62762
ENSG00000198225	FKBP1C	62729
ENSG00000145642	SHISAL2B	62675
ENSG00000171195	MUC7	62612
ENSG00000172179	PRL	62600
ENSG00000284292	ENSG00000284292.1	62583
ENSG00000090402	SI	62566
ENSG00000143520	FLG2	62459
ENSG00000081800	SLC13A1	62370
ENSG00000172955	ADH6	62303
ENSG00000077274	CAPN6	62230
ENSG00000184361	SPATA32	62220
ENSG00000107018	RLN1	62194
ENSG00000135312	HTR1B	62122
ENSG00000114786	ABHD14A-ACY1	62054
ENSG00000159337	PLA2G4D	62044
ENSG00000174225	ARL13A	61923
ENSG00000206034	DEFB109B	61921
ENSG00000154415	PPP1R3A	61908
ENSG00000278637	H4C1	61768
ENSG00000236980	C3orf84	61737
ENSG00000204279	PAGE3	61706
ENSG00000188037	CLCN1	61699
ENSG00000170807	LMOD2	61681
ENSG00000204644	ZFP57	61631
ENSG00000187942	LDLRAD2	61600
ENSG00000188152	NUTM2G	61582
ENSG00000232237	ASCL5	61535
ENSG00000173714	WFIKKN2	61501
ENSG00000169469	SPRR1B	61464
ENSG00000260371	ENSG00000260371.1	61462
ENSG00000196565	HBG2	61418
ENSG00000160471	COX6B2	61351
ENSG00000172969	FRG2C	61350
ENSG00000142224	IL19	61349
ENSG00000113722	CDX1	61324
ENSG00000088320	REM1	61317
ENSG00000187642	PERM1	61287
ENSG00000172478	MAB21L4	61216
ENSG00000185038	MROH2A	61191
ENSG00000172752	COL6A5	61143
ENSG00000170577	SIX2	61090
ENSG00000274618	H4C6	61042
ENSG00000267221	C17orf113	61020
ENSG00000227471	AKR1B15	60931
ENSG00000189325	BNIP5	60816
ENSG00000164778	EN2	60812
ENSG00000272297	ENSG00000272297.2	60811
ENSG00000162040	HS3ST6	60792
ENSG00000147256	ARHGAP36	60778
ENSG00000196188	CTSE	60720
ENSG00000204366	ZBTB12	60615
ENSG00000179873	NLRP11	60615
ENSG00000187980	PLA2G2C	60611
ENSG00000167768	KRT1	60610
ENSG00000226792	C13orf42	60567
ENSG00000188162	OTOG	60517
ENSG00000213901	SLC23A3	60510
ENSG00000117601	SERPINC1	60458
ENSG00000126545	CSN1S1	60340
ENSG00000101292	PROKR2	60290
ENSG00000285880	ENSG00000285880.1	60207
ENSG00000163395	IGFN1	60126
ENSG00000171102	OBP2B	60093
ENSG00000156885	COX6A2	60025
ENSG00000186603	HPDL	59995
ENSG00000161640	SIGLEC11	59995
ENSG00000204970	PCDHA1	59985
ENSG00000255408	PCDHA3	59873
ENSG00000198842	STYXL2	59772
ENSG00000127366	TAS2R5	59367
ENSG00000181781	ODF3L2	59309
ENSG00000184811	TRARG1	59304
ENSG00000277157	H4C4	59290
ENSG00000182759	MAFA	59263
ENSG00000203985	LDLRAD1	59196
ENSG00000142698	C1orf94	59193
ENSG00000178093	TSSK6	59180
ENSG00000112818	MEP1A	59173
ENSG00000106128	GHRHR	59098
ENSG00000094796	KRT31	59067
ENSG00000169245	CXCL10	59065
ENSG00000241794	SPRR2A	58893
ENSG00000155269	GPR78	58893
ENSG00000175535	PNLIP	58870
ENSG00000281406	BLACAT1	58853
ENSG00000196711	ALKAL1	58804
ENSG00000242120	MDFIC2	58773
ENSG00000111704	NANOG	58752
ENSG00000258052	ENSG00000258052.1	58739
ENSG00000173626	TRAPPC3L	58698
ENSG00000264006	AKR1C8	58623
ENSG00000258790	ENSG00000258790.1	58588
ENSG00000115263	GCG	58561
ENSG00000167531	LALBA	58503
ENSG00000198758	EPS8L3	58488
ENSG00000142677	IL22RA1	58451
ENSG00000133317	LGALS12	58415
ENSG00000226690	ENSG00000226690.9	58339
ENSG00000128710	HOXD10	58329
ENSG00000168925	CTRB1	58214
ENSG00000167749	KLK4	58174
ENSG00000128709	HOXD9	58144
ENSG00000286920	SMIM40	58090
ENSG00000221874	ZNF816-ZNF321P	58071
ENSG00000102145	GATA1	58050
ENSG00000074771	NOX3	58007
ENSG00000275718	CCL15	57958
ENSG00000183888	SRARP	57714
ENSG00000180210	F2_ENSG00000180210	57704
ENSG00000182585	EPGN	57659
ENSG00000111780	ENSG00000111780.8	57643
ENSG00000159961	OR3A3	57624
ENSG00000111245	MYL2	57601
ENSG00000137225	CAPN11	57522
ENSG00000124678	TCP11	57483
ENSG00000166930	MS4A5	57477
ENSG00000136327	NKX2-8	57447
ENSG00000256500	ENSG00000256500.6	57426
ENSG00000065371	ROPN1	57362
ENSG00000158901	WFDC8	57349
ENSG00000181856	SLC2A4	57348
ENSG00000172742	OR4D9	57326
ENSG00000180264	ADGRD2	57302
ENSG00000168509	HJV	57298
ENSG00000205755	CRLF2_ENSG00000205755	57187
ENSG00000255819	KLRC4-KLRK1	57100
ENSG00000244411	KRTAP5-7	57090
ENSG00000255835	ENSG00000255835.1	57069
ENSG00000205899	BHLHA9	56929
ENSG00000159556	ISL2	56909
ENSG00000169885	CALML6	56878
ENSG00000153294	ADGRF4	56878
ENSG00000157330	CFAP107	56855
ENSG00000183134	PTGDR2	56700
ENSG00000182327	GLTPD2	56616
ENSG00000283703	VSIG10L2	56484
ENSG00000277150	F8A3	56431
ENSG00000275385	CCL18	56406
ENSG00000267059	ENSG00000267059.2	56386
ENSG00000115592	PRKAG3	56340
ENSG00000184954	OR6C70	56324
ENSG00000196805	SPRR2B	56307
ENSG00000215186	GOLGA6B	56225
ENSG00000154342	WNT3A	56135
ENSG00000169248	CXCL11	56106
ENSG00000163751	CPA3	56038
ENSG00000154165	GPR15	55989
ENSG00000139780	METTL21C	55572
ENSG00000255974	CYP2A6	55562
ENSG00000188167	TMPPE	55491
ENSG00000165192	ASB11	55384
ENSG00000057593	F7_ENSG00000057593	55309
ENSG00000126856	PRDM7	55298
ENSG00000232258	TMEM114	55288
ENSG00000131050	BPIFA2	55235
ENSG00000279486	OR2AG1	55228
ENSG00000179468	OR9A2	55152
ENSG00000125492	BARHL1	55151
ENSG00000173699	SPATA3	55123
ENSG00000130528	HRC	55099
ENSG00000187997	C17orf99	55085
ENSG00000286905	ENSG00000286905.1	55045
ENSG00000198788	MUC2	55045
ENSG00000124557	BTN1A1	55026
ENSG00000214415	GNAT3	54934
ENSG00000127377	CRYGN	54912
ENSG00000077009	NMRK2	54758
ENSG00000163982	OTOP1	54652
ENSG00000255073	ZFP91-CNTF	54599
ENSG00000232268	OR52I1	54502
ENSG00000214097	SMCO1	54456
ENSG00000278705	H4C2	54426
ENSG00000102313	ITIH6	54381
ENSG00000273111	LYPD4	54256
ENSG00000131183	SLC34A1	54172
ENSG00000269547	ENSG00000269547.1	54168
ENSG00000261732	ENSG00000261732.1	54143
ENSG00000171956	FOXB1	54093
ENSG00000168928	CTRB2	54090
ENSG00000260220	CCDC187	54084
ENSG00000234511	C5orf58	54022
ENSG00000131142	CCL25	53924
ENSG00000176979	TRIM60	53896
ENSG00000160951	PTGER1	53892
ENSG00000144035	NAT8	53678
ENSG00000087128	TMPRSS11E	53667
ENSG00000133115	STOML3	53662
ENSG00000250423	KIAA1210	53645
ENSG00000226650	KIF4B	53570
ENSG00000158525	CPA5	53554
ENSG00000187922	LCN10	53498
ENSG00000204616	TRIM31	53472
ENSG00000235118	FAM237A	53417
ENSG00000005073	HOXA11	53367
ENSG00000254959	INMT-MINDY4	53366
ENSG00000158022	TRIM63	53311
ENSG00000162006	MSLNL	53294
ENSG00000172236	TPSAB1	53290
ENSG00000157999	ANKRD61	53225
ENSG00000213204	ENSG00000213204.8	53150
ENSG00000111405	ENDOU	53115
ENSG00000256029	ENSG00000256029.6	53097
ENSG00000284188	ENSG00000284188.3	53085
ENSG00000224712	NPIPA3	53085
ENSG00000262209	PCDHGB3	53084
ENSG00000137392	CLPS	53030
ENSG00000168903	BTNL3	53001
ENSG00000288684	ENSG00000288684.1	52973
ENSG00000203837	PNLIPRP3	52938
ENSG00000215183	MSMP	52826
ENSG00000187080	OR2AK2	52818
ENSG00000180697	C3orf22	52793
ENSG00000236334	PPIAL4G	52698
ENSG00000119915	ELOVL3	52619
ENSG00000148677	ANKRD1	52609
ENSG00000162456	KNCN	52516
ENSG00000270617	URGCP-MRPS24	52508
ENSG00000204936	CD177	52433
ENSG00000212710	CTAGE1	52420
ENSG00000148795	CYP17A1	52357
ENSG00000180818	HOXC10	52338
ENSG00000129173	E2F8	52338
ENSG00000205359	SLCO6A1	52279
ENSG00000258311	ENSG00000258311.5	52215
ENSG00000086159	AQP6	52215
ENSG00000159217	IGF2BP1	52149
ENSG00000254598	CSNK2A3	52148
ENSG00000267314	ENSG00000267314.1	52143
ENSG00000087237	CETP	52127
ENSG00000271793	ENSG00000271793.2	52096
ENSG00000179284	DAND5	52049
ENSG00000276490	ENSG00000276490.1	52001
ENSG00000162891	IL20	51899
ENSG00000177324	BEND2	51869
ENSG00000172724	CCL19	51835
ENSG00000256980	KHDC1L	51828
ENSG00000253148	RGS21	51828
ENSG00000257065	ENSG00000257065.1	51803
ENSG00000120440	TTLL2	51788
ENSG00000158164	TMSB15A	51752
ENSG00000178828	RNF186	51738
ENSG00000239732	TLR9	51682
ENSG00000189431	RASSF10	51661
ENSG00000171872	KLF17	51595
ENSG00000204020	LIPN	51582
ENSG00000102891	MT4	51556
ENSG00000262304	ENSG00000262304.2	51521
ENSG00000184697	CLDN6	51466
ENSG00000185960	SHOX_ENSG00000185960	51427
ENSG00000243729	OR5V1	51413
ENSG00000096006	CRISP3	51398
ENSG00000204544	MUC21	51326
ENSG00000275489	C17orf98	51172
ENSG00000163810	TGM4	51102
ENSG00000123485	HJURP	51080
ENSG00000156096	UGT2B4	51072
ENSG00000288611	NPBWR1	51008
ENSG00000147166	ITGB1BP2	51007
ENSG00000265107	GJA5	50988
ENSG00000196119	OR8A1	50788
ENSG00000162892	IL24	50686
ENSG00000185888	PRSS38	50598
ENSG00000134551	PRH2	50519
ENSG00000159239	ENSG00000159239.13	50479
ENSG00000204006	C1orf185	50463
ENSG00000183463	URAD	50430
ENSG00000176988	FMR1NB	50407
ENSG00000284981	UPK3BL2	50155
ENSG00000253910	PCDHGB2	50139
ENSG00000213927	CCL27	50122
ENSG00000140986	RPL3L	50089
ENSG00000109193	SULT1E1	49971
ENSG00000204583	LRCOL1	49969
ENSG00000147127	RAB41	49885
ENSG00000171209	CSN3	49871
ENSG00000145107	TM4SF19	49855
ENSG00000156150	ALX3	49846
ENSG00000105492	SIGLEC6	49681
ENSG00000101197	BIRC7	49671
ENSG00000124232	RBPJL	49588
ENSG00000197870	PRB3	49491
ENSG00000257446	ZNF878	49311
ENSG00000135222	CSN2	49300
ENSG00000250673	REELD1	49295
ENSG00000153303	FRMD1	49118
ENSG00000205858	LRRC72	49112
ENSG00000173557	FAM166C	49082
ENSG00000112164	GLP1R	48987
ENSG00000151224	MAT1A	48956
ENSG00000198650	TAT	48924
ENSG00000225950	NTF4	48922
ENSG00000179363	TMEM31	48915
ENSG00000196900	TEX43	48899
ENSG00000171794	UTF1	48823
ENSG00000102970	CCL17	48760
ENSG00000150201	FXYD4	48737
ENSG00000215203	GRXCR1	48731
ENSG00000187045	TMPRSS6	48655
ENSG00000163157	TMOD4	48648
ENSG00000173093	CCDC63	48608
ENSG00000223658	C1GALT1C1L	48580
ENSG00000174429	ABRA	48575
ENSG00000205456	TP53TG3D	48557
ENSG00000102962	CCL22	48502
ENSG00000152192	POU4F1	48482
ENSG00000163792	TCF23	48441
ENSG00000205922	ONECUT3	48392
ENSG00000110245	APOC3	48379
ENSG00000240045	STRIT1	48284
ENSG00000184601	C14orf180	48267
ENSG00000184617	ZNF840P	48256
ENSG00000166961	MS4A15	48223
ENSG00000183145	RIPPLY3	48136
ENSG00000270806	C17orf50	48092
ENSG00000267261	ENSG00000267261.5	48081
ENSG00000182747	SLC35D3	47983
ENSG00000184507	NUTM1	47973
ENSG00000138109	CYP2C9	47920
ENSG00000179600	GPHB5	47868
ENSG00000268279	ENSG00000268279.4	47855
ENSG00000108255	CRYBA1	47789
ENSG00000167780	SOAT2	47779
ENSG00000179304	FAM156B	47710
ENSG00000172156	CCL11	47708
ENSG00000109205	ODAM	47680
ENSG00000187959	CPSF4L	47668
ENSG00000287363	GUCA1ANB	47639
ENSG00000186086	NBPF6	47600
ENSG00000166391	MOGAT2	47595
ENSG00000105664	COMP	47522
ENSG00000142319	SLC6A3	47521
ENSG00000205301	MGAT4D	47468
ENSG00000269711	ENSG00000269711.1	47427
ENSG00000167117	ANKRD40CL	47362
ENSG00000204882	GPR20	47317
ENSG00000198488	B3GNT6	47283
ENSG00000124469	CEACAM8	47178
ENSG00000170279	C7orf33	47176
ENSG00000120659	TNFSF11	47156
ENSG00000158485	CD1B	47123
ENSG00000106006	HOXA6	47064
ENSG00000151962	RBM46	47052
ENSG00000131910	NR0B2	47027
ENSG00000165917	RAPSN	47001
ENSG00000235272	RAMACL	46951
ENSG00000178403	NEUROG2	46753
ENSG00000111981	ULBP1	46669
ENSG00000203857	HSD3B1	46660
ENSG00000279956	ENSG00000279956.1	46658
ENSG00000169704	GP9	46604
ENSG00000197241	SLC2A7	46565
ENSG00000248109	MARCOL	46530
ENSG00000178343	SHISA3	46519
ENSG00000116748	AMPD1	46485
ENSG00000115297	TLX2	46479
ENSG00000256660	CLEC12B	46438
ENSG00000204595	DPRX	46351
ENSG00000169297	NR0B1	46323
ENSG00000162881	OXER1	46196
ENSG00000154545	MAGED4	46149
ENSG00000138068	SULT6B1	46022
ENSG00000064489	BORCS8-MEF2B	46016
ENSG00000197616	MYH6	46012
ENSG00000283515	ENSG00000283515.1	45965
ENSG00000163064	EN1	45902
ENSG00000251503	CENPS-CORT	45840
ENSG00000036565	SLC18A1	45752
ENSG00000161939	RNASEK-C17orf49	45704
ENSG00000257529	RPL36A-HNRNPH2	45651
ENSG00000124568	SLC17A1	45639
ENSG00000102243	VGLL1	45571
ENSG00000121570	DPPA4	45566
ENSG00000256762	STH	45492
ENSG00000267881	ENSG00000267881.2	45383
ENSG00000106384	MOGAT3	45349
ENSG00000203722	RAET1G	45326
ENSG00000145626	UGT3A1	45302
ENSG00000119737	GPR75	45265
ENSG00000215262	KCNU1	45231
ENSG00000186451	SPATA12	45200
ENSG00000133124	IRS4	45148
ENSG00000258989	ENSG00000258989.1	45126
ENSG00000163623	NKX6-1	45096
ENSG00000177201	OR2T12	45060
ENSG00000183625	CCR3	44982
ENSG00000242950	ERVW-1	44958
ENSG00000213265	TSGA13	44887
ENSG00000073754	CD5L	44866
ENSG00000248383	PCDHAC1	44828
ENSG00000136918	WDR38	44814
ENSG00000274750	H3C6	44777
ENSG00000234857	HNRNPUL2-BSCL2	44746
ENSG00000278463	H2AC4	44722
ENSG00000112195	TREML2	44668
ENSG00000267740	ENSG00000267740.5	44650
ENSG00000185002	RFX6	44640
ENSG00000181374	CCL13	44599
ENSG00000124564	SLC17A3	44574
ENSG00000262576	PCDHGA4	44565
ENSG00000258677	ENSG00000258677.2	44543
ENSG00000184350	MRGPRE	44519
ENSG00000268193	ENSG00000268193.5	44371
ENSG00000137707	BTG4	44247
ENSG00000172367	NHERF4	44208
ENSG00000196407	THEM5	44100
ENSG00000100565	LRRC74A	44081
ENSG00000259399	TGIF2-RAB5IF	43985
ENSG00000279263	OR2L8	43980
ENSG00000285868	ENSG00000285868.1	43800
ENSG00000178928	TPRX1	43775
ENSG00000216921	FAM240C	43515
ENSG00000164287	CDC20B	43500
ENSG00000253117	OC90	43492
ENSG00000283071	LBHD2	43421
ENSG00000159173	TNNI1	43341
ENSG00000215695	RSC1A1	43324
ENSG00000250644	ENSG00000250644.3	43313
ENSG00000239961	LILRA4	43296
ENSG00000276418	ENSG00000276418.5	43281
ENSG00000275976	SPDYE11	43192
ENSG00000154920	EME1	43172
ENSG00000105366	SIGLEC8	43169
ENSG00000181518	OR8D4	43129
ENSG00000182950	ODF3L1	43096
ENSG00000183770	FOXL2	43056
ENSG00000205882	DEFB134	43047
ENSG00000145384	FABP2	43023
ENSG00000256407	ENSG00000256407.2	42971
ENSG00000285269	ENSG00000285269.2	42850
ENSG00000101425	BPI	42785
ENSG00000080572	DNAAF6	42783
ENSG00000188610	FAM72B	42690
ENSG00000172410	INSL5	42683
ENSG00000154438	ASZ1	42674
ENSG00000213886	UBD	42626
ENSG00000223609	HBD	42622
ENSG00000189433	GJB4	42608
ENSG00000271741	ENSG00000271741.1	42585
ENSG00000133937	GSC	42436
ENSG00000134193	REG4	42401
ENSG00000109272	PF4V1	42394
ENSG00000285645	ENSG00000285645.1	42241
ENSG00000138755	CXCL9	42238
ENSG00000170948	MBD3L1	42226
ENSG00000186564	FOXD2	42179
ENSG00000149634	SPATA25	42124
ENSG00000277196	ENSG00000277196.4	42023
ENSG00000179546	HTR1D	42008
ENSG00000215644	GCGR	41959
ENSG00000197273	GUCA2A	41946
ENSG00000170099	SERPINA6	41945
ENSG00000134365	CFHR4	41764
ENSG00000162365	CYP4A22	41754
ENSG00000166049	PASD1	41743
ENSG00000238269	PAGE2B	41734
ENSG00000187021	PNLIPRP1	41725
ENSG00000274286	ADRA2B	41694
ENSG00000126890	CTAG2	41606
ENSG00000126231	PROZ	41523
ENSG00000130701	RBBP8NL	41494
ENSG00000100078	PLA2G3	41487
ENSG00000120068	HOXB8	41475
ENSG00000214102	WEE2	41435
ENSG00000259371	ENSG00000259371.2	41407
ENSG00000160994	CCDC105	41371
ENSG00000111701	APOBEC1	41310
ENSG00000175189	INHBC	41272
ENSG00000231213	PLSCR5	41213
ENSG00000284797	ENSG00000284797.2	41203
ENSG00000215906	LACTBL1	41155
ENSG00000179168	GGN	41148
ENSG00000230062	ANKRD66	41102
ENSG00000273155	ENSG00000273155.1	40936
ENSG00000286098	ENSG00000286098.1	40873
ENSG00000141371	CHCT1	40841
ENSG00000196993	NPIPB9	40803
ENSG00000131482	G6PC1	40793
ENSG00000188386	PPP3R2	40768
ENSG00000166926	MS4A6E	40757
ENSG00000165682	CLEC1B	40756
ENSG00000279983	ENSG00000279983.1	40694
ENSG00000108878	CACNG1	40657
ENSG00000160181	TFF2	40654
ENSG00000288825	H2AC18	40653
ENSG00000112077	RHAG	40627
ENSG00000179772	FOXS1	40623
ENSG00000089116	LHX5	40589
ENSG00000204193	TXNDC8	40562
ENSG00000167580	AQP2	40418
ENSG00000179674	ARL14	40384
ENSG00000105549	THEG	40380
ENSG00000283324	CTXND2	40343
ENSG00000282608	ADORA3	40318
ENSG00000186442	KRT3	40291
ENSG00000149534	MS4A2	40277
ENSG00000142538	PTH2	40269
ENSG00000167916	KRT24	40258
ENSG00000232070	TMEM253	40184
ENSG00000178404	CEP295NL	40139
ENSG00000126233	SLURP1	40041
ENSG00000280893	ENSG00000280893.1	40035
ENSG00000100249	C22orf31	39989
ENSG00000164893	SLC7A13	39979
ENSG00000163464	CXCR1	39967
ENSG00000214237	MINDY4B	39963
ENSG00000146039	SLC17A4	39947
ENSG00000185155	MIXL1	39905
ENSG00000276410	H2BC3	39852
ENSG00000134640	MTNR1B	39827
ENSG00000240654	C1QTNF9	39816
ENSG00000221878	PSG7	39781
ENSG00000269403	ENSG00000269403.1	39764
ENSG00000284791	SMIM41	39761
ENSG00000108813	DLX4	39683
ENSG00000205923	CEMP1	39644
ENSG00000182545	RNASE10	39635
ENSG00000282804	ENSG00000282804.1	39599
ENSG00000170374	SP7	39486
ENSG00000170465	KRT6C	39477
ENSG00000203785	SPRR2E	39455
ENSG00000178084	HTR3C	39399
ENSG00000268480	NFILZ	39360
ENSG00000241224	C3orf85	39317
ENSG00000206177	HBM	39217
ENSG00000256436	TAS2R31	39176
ENSG00000253831	ETV3L	39163
ENSG00000283228	ENSG00000283228.1	39131
ENSG00000283563	ENSG00000283563.1	39084
ENSG00000125498	KIR2DL1	39069
ENSG00000214688	C10orf105	39032
ENSG00000170486	KRT72	39015
ENSG00000198754	OXCT2	38986
ENSG00000156925	ZIC3	38883
ENSG00000163216	SPRR2D	38878
ENSG00000178033	CALHM5	38847
ENSG00000156920	ADGRG4	38787
ENSG00000181074	OR52N4	38730
ENSG00000125900	SIRPD	38714
ENSG00000196811	CHRNG	38688
ENSG00000140093	SERPINA10	38686
ENSG00000168631	MUCL3	38626
ENSG00000169575	VPREB1	38606
ENSG00000164900	GBX1	38533
ENSG00000154143	PANX3	38530
ENSG00000178172	SPINK6	38507
ENSG00000149506	ZP1	38500
ENSG00000288000	ENSG00000288000.1	38413
ENSG00000254788	CKLF-CMTM1	38392
ENSG00000166509	CLEC3A	38370
ENSG00000174038	C9orf131	38369
ENSG00000262481	TMEM256-PLSCR3	38332
ENSG00000258461	ENSG00000258461.5	38235
ENSG00000249773	ENSG00000249773.3	38219
ENSG00000186334	SLC36A3	38212
ENSG00000254221	PCDHGB1	38134
ENSG00000100448	CTSG	38015
ENSG00000273313	RBAKDN	38005
ENSG00000090659	CD209	38002
ENSG00000256825	ENSG00000256825.4	37907
ENSG00000254870	ATP6V1G2-DDX39B	37852
ENSG00000166948	TGM6	37789
ENSG00000229859	PGA3	37770
ENSG00000182333	LIPF	37704
ENSG00000099769	IGFALS	37497
ENSG00000092345	DAZL	37487
ENSG00000267952	ENSG00000267952.1	37455
ENSG00000233232	NPIPB7	37432
ENSG00000182631	RXFP3	37396
ENSG00000126549	STATH	37391
ENSG00000205856	C22orf42	37349
ENSG00000167759	KLK13	37318
ENSG00000070748	CHAT	37314
ENSG00000184544	DHRS7C	37311
ENSG00000248746	ACTN3	37310
ENSG00000162267	ITIH3	37284
ENSG00000205442	IZUMO3	37170
ENSG00000104755	ADAM2	37152
ENSG00000269590	ENSG00000269590.1	37076
ENSG00000070031	SCT	37043
ENSG00000121381	TAS2R9	36980
ENSG00000170956	CEACAM3	36927
ENSG00000064195	DLX3	36904
ENSG00000178394	HTR1A	36895
ENSG00000228336	OR9H1P	36850
ENSG00000225805	DEFB131B	36813
ENSG00000120937	NPPB	36786
ENSG00000131914	LIN28A	36693
ENSG00000164185	ZNF474	36683
ENSG00000254440	PBOV1	36659
ENSG00000177494	ZBED2	36606
ENSG00000184698	OR51M1	36581
ENSG00000075290	WNT8B	36511
ENSG00000178522	AMBN	36481
ENSG00000174885	NLRP6	36459
ENSG00000132464	ENAM	36405
ENSG00000000005	TNMD	36373
ENSG00000229972	IQCF3	36288
ENSG00000146910	CNPY1	36264
ENSG00000135902	CHRND	36169
ENSG00000179751	SYCN	36141
ENSG00000143512	HHIPL2	36114
ENSG00000112238	PRDM13	36090
ENSG00000055957	ITIH1	36058
ENSG00000188833	ENTPD8	36032
ENSG00000277758	SYT15B	36022
ENSG00000186105	LRRC70	35942
ENSG00000188624	IGFL3	35910
ENSG00000285283	ENSG00000285283.1	35857
ENSG00000241233	KRTAP5-8	35845
ENSG00000140274	DUOXA2	35833
ENSG00000126266	FFAR1	35818
ENSG00000168412	MTNR1A	35722
ENSG00000205857	NANOGNB	35691
ENSG00000165970	SLC6A5	35677
ENSG00000171570	RAB4B-EGLN2	35665
ENSG00000188263	IL17REL	35580
ENSG00000174358	SLC6A19	35490
ENSG00000256162	SMLR1	35336
ENSG00000205867	KRTAP5-2	35093
ENSG00000180432	CYP8B1	35083
ENSG00000256514	ENSG00000256514.1	35079
ENSG00000173389	IQCF1	35025
ENSG00000178115	GOLGA8Q	35025
ENSG00000221933	OR2A25	34998
ENSG00000135346	CGA	34950
ENSG00000179256	SMCO3	34824
ENSG00000186474	KLK12	34818
ENSG00000182938	OTOP3	34789
ENSG00000102128	RAB40AL	34759
ENSG00000256394	ASIC5	34717
ENSG00000189051	RNF222	34682
ENSG00000243232	PCDHAC2	34679
ENSG00000270136	MICOS10-NBL1	34539
ENSG00000205846	CLEC6A	34520
ENSG00000196666	FAM180B	34452
ENSG00000007306	CEACAM7	34431
ENSG00000177294	FBXO39	34421
ENSG00000157211	CDCP2	34418
ENSG00000131152	ENSG00000131152.4	34412
ENSG00000144488	ESPNL	34356
ENSG00000262302	ENSG00000262302.1	34151
ENSG00000126895	AVPR2	34113
ENSG00000164400	CSF2	34069
ENSG00000112494	UNC93A	34059
ENSG00000104055	TGM5	34016
ENSG00000157335	CLEC18C	34001
ENSG00000204001	LCN8	33995
ENSG00000175325	PROP1	33969
ENSG00000144130	NT5DC4	33924
ENSG00000272980	ENSG00000272980.5	33882
ENSG00000162771	GARIN4	33865
ENSG00000197428	OR51D1	33794
ENSG00000171489	SPACA5	33767
ENSG00000185271	KLHL33	33736
ENSG00000286095	SPEGNB	33734
ENSG00000171557	FGG	33721
ENSG00000214518	KRTAP2-2	33664
ENSG00000196431	CRYBA4	33650
ENSG00000196866	H2AC7	33608
ENSG00000105370	LIM2	33570
ENSG00000079557	AFM	33550
ENSG00000259900	ENSG00000259900.5	33537
ENSG00000196604	POTEF	33537
ENSG00000171495	MROH2B	33534
ENSG00000239389	PCDHA13	33459
ENSG00000268434	ENSG00000268434.5	33456
ENSG00000196350	ZNF729	33454
ENSG00000147206	NXF3	33425
ENSG00000241186	TDGF1	33402
ENSG00000163530	DPPA2	33373
ENSG00000146678	IGFBP1	33371
ENSG00000167194	C16orf92	33358
ENSG00000186766	FOXI2	33322
ENSG00000185156	MFSD6L	33288
ENSG00000189186	DCAF8L2	33250
ENSG00000182223	ZAR1	33230
ENSG00000269242	ENSG00000269242.1	33225
ENSG00000196620	UGT2B15	33219
ENSG00000172016	REG3A	33057
ENSG00000182393	IFNL1	33050
ENSG00000101074	R3HDML	33011
ENSG00000215784	FAM72D	32978
ENSG00000229894	GK3	32973
ENSG00000158578	ALAS2	32897
ENSG00000268696	ZNF723	32893
ENSG00000196834	POTEI	32810
ENSG00000188770	OPTC	32807
ENSG00000263020	ENSG00000263020.6	32735
ENSG00000212993	POU5F1B	32694
ENSG00000112984	KIF20A	32658
ENSG00000286221	ENSG00000286221.1	32649
ENSG00000168267	PTF1A	32646
ENSG00000162460	TMEM82	32636
ENSG00000165120	SSMEM1	32632
ENSG00000121314	TAS2R8	32573
ENSG00000268643	ENSG00000268643.2	32567
ENSG00000254636	ARMS2	32539
ENSG00000160505	NLRP4	32530
ENSG00000171201	SMR3B	32525
ENSG00000119919	NKX2-3	32516
ENSG00000151615	POU4F2	32499
ENSG00000279686	ENSG00000279686.1	32437
ENSG00000236320	SLFN14	32429
ENSG00000134588	USP26	32409
ENSG00000180251	SLC9A4	32299
ENSG00000165799	RNASE7	32267
ENSG00000166069	TMCO5A	32236
ENSG00000186115	CYP4F2	32104
ENSG00000163207	IVL	32086
ENSG00000273331	TM4SF19-DYNLT2B	32077
ENSG00000197769	MAP1LC3C	32061
ENSG00000269058	CALR3	32047
ENSG00000152266	PTH	32040
ENSG00000168124	OR1F1	32002
ENSG00000229924	FAM90A26	31999
ENSG00000261739	GOLGA8S	31982
ENSG00000204195	AWAT1	31932
ENSG00000268223	ARL14EPL	31916
ENSG00000260238	PMF1-BGLAP	31903
ENSG00000254997	KRTAP5-9	31864
ENSG00000123454	DBH	31862
ENSG00000187553	CYP26C1	31824
ENSG00000265118	ENSG00000265118.5	31737
ENSG00000183598	H3C13	31735
ENSG00000111700	SLCO1B3	31725
ENSG00000143595	AQP10	31681
ENSG00000229314	ORM1	31680
ENSG00000105205	CLC	31644
ENSG00000126550	HTN1	31579
ENSG00000181577	LINC03040	31545
ENSG00000215174	NLRP2B	31476
ENSG00000249158	PCDHA11	31449
ENSG00000268400	ENSG00000268400.6	31443
ENSG00000108849	PPY	31412
ENSG00000142182	DNMT3L	31322
ENSG00000254126	CD8B2	31315
ENSG00000163501	IHH	31254
ENSG00000260286	ARMH2	31249
ENSG00000171711	DEFB4A	31229
ENSG00000256574	OR13A1	31223
ENSG00000105198	LGALS13	31220
ENSG00000178021	TSPYL6	31201
ENSG00000188100	FAM25A	31193
ENSG00000117148	ACTL8	31187
ENSG00000128313	APOL5	31171
ENSG00000170423	KRT78	31122
ENSG00000258529	ENSG00000258529.5	31075
ENSG00000169474	SPRR1A	31038
ENSG00000169509	CRCT1	30922
ENSG00000186049	KRT73	30920
ENSG00000163394	CCKAR	30883
ENSG00000094661	OR1I1	30871
ENSG00000131864	USP29	30859
ENSG00000180083	WFDC11	30790
ENSG00000204421	LY6G6C	30788
ENSG00000166211	SPIC	30786
ENSG00000198077	CYP2A7	30784
ENSG00000183476	SH2D7	30760
ENSG00000180383	DEFB124	30743
ENSG00000106178	CCL24	30723
ENSG00000267561	ENSG00000267561.2	30723
ENSG00000149635	OCSTAMP	30675
ENSG00000240021	TEX35	30653
ENSG00000186051	TAL2	30612
ENSG00000164816	DEFA5	30600
ENSG00000149609	C20orf144	30584
ENSG00000159182	PRAC1	30501
ENSG00000165694	FRMD7	30420
ENSG00000187658	C5orf52	30387
ENSG00000128713	HOXD11	30387
ENSG00000260170	ENSG00000260170.1	30348
ENSG00000197406	DIO3	30330
ENSG00000255374	TAS2R43	30283
ENSG00000109061	MYH1	30280
ENSG00000204572	KRTAP5-10	30264
ENSG00000204610	TRIM15	30250
ENSG00000121743	GJA3	30229
ENSG00000267001	ENSG00000267001.1	30205
ENSG00000163497	FEV	30199
ENSG00000273983	H3C8	30197
ENSG00000206531	CD200R1L	30189
ENSG00000214860	EVPLL	30153
ENSG00000250821	EXOC1L	30141
ENSG00000103546	SLC6A2	30140
ENSG00000171815	PCDHB1	30139
ENSG00000139549	DHH	30126
ENSG00000168505	GBX2	30120
ENSG00000021852	C8B	30116
ENSG00000168427	KLHL30	30034
ENSG00000233087	RAB6D	30023
ENSG00000167332	OR51E2	29972
ENSG00000251537	ENSG00000251537.4	29969
ENSG00000176294	OR4N2	29950
ENSG00000272896	ENSG00000272896.1	29949
ENSG00000188996	HUS1B	29944
ENSG00000179528	LBX2	29808
ENSG00000112761	CCN6	29791
ENSG00000125531	FNDC11	29565
ENSG00000248592	STIMATE-MUSTN1	29559
ENSG00000283809	ENSG00000283809.1	29552
ENSG00000182261	NLRP10	29527
ENSG00000168634	WFDC13	29496
ENSG00000267385	ENSG00000267385.1	29393
ENSG00000179930	ZNF648	29384
ENSG00000146755	TRIM50	29311
ENSG00000257355	ENSG00000257355.1	29245
ENSG00000268083	ENSG00000268083.5	29225
ENSG00000171564	FGB	29191
ENSG00000244094	SPRR2F	29180
ENSG00000205022	PABPN1L	29165
ENSG00000118434	SPACA1	29128
ENSG00000234409	CCDC188	29053
ENSG00000129744	ART1	29001
ENSG00000215454	KRTAP10-4	28832
ENSG00000172482	AGXT	28813
ENSG00000124490	CRISP2	28807
ENSG00000039987	BEST2	28720
ENSG00000248385	TARM1	28707
ENSG00000170128	GPR25	28707
ENSG00000177144	NUDT4B	28652
ENSG00000188800	TMCO2	28582
ENSG00000262560	ENSG00000262560.1	28571
ENSG00000230657	PRB4	28545
ENSG00000182271	TMIGD1	28539
ENSG00000103310	ZP2	28477
ENSG00000178645	C10orf53	28423
ENSG00000285589	ENSG00000285589.1	28406
ENSG00000071203	MS4A12	28392
ENSG00000029559	IBSP	28368
ENSG00000125888	BANF2	28326
ENSG00000172061	LRRC15	28255
ENSG00000197487	GALP	28196
ENSG00000187243	MAGED4B	28175
ENSG00000179023	KLHDC7A	28106
ENSG00000109991	P2RX3	28101
ENSG00000145002	FAM86B2	28078
ENSG00000137270	GCM1	28068
ENSG00000141316	SPACA3	28068
ENSG00000138892	TTLL8	28041
ENSG00000244122	UGT1A7	28040
ENSG00000174343	CHRNA9	27999
ENSG00000257767	ENSG00000257767.3	27935
ENSG00000142619	PADI3	27913
ENSG00000172867	KRT2	27895
ENSG00000197838	CYP2A13	27855
ENSG00000164007	CLDN19	27838
ENSG00000160202	CRYAA	27824
ENSG00000170122	FOXD4	27809
ENSG00000288558	DUS4L-BCAP29	27799
ENSG00000284393	ENSG00000284393.1	27613
ENSG00000276180	H4C9	27528
ENSG00000124092	CTCFL	27525
ENSG00000284772	ENSG00000284772.1	27467
ENSG00000101448	EPPIN	27445
ENSG00000215595	C20orf202	27384
ENSG00000134595	SOX3	27347
ENSG00000258691	ENSG00000258691.1	27313
ENSG00000174156	GSTA3	27292
ENSG00000142515	KLK3	27256
ENSG00000255837	TAS2R20	27207
ENSG00000257008	GPR142	27206
ENSG00000149435	GGTLC1	27198
ENSG00000162399	BSND	27166
ENSG00000284762	ENSG00000284762.1	27149
ENSG00000226807	MROH5	27140
ENSG00000250254	PTTG2	27097
ENSG00000269437	NXF2B	27072
ENSG00000282936	ENSG00000282936.2	27033
ENSG00000262406	MMP12	27015
ENSG00000125084	WNT1	26999
ENSG00000128610	FEZF1	26994
ENSG00000197153	H3C12	26979
ENSG00000187918	OR51I2	26976
ENSG00000101323	HAO1	26897
ENSG00000275379	H3C11	26856
ENSG00000183479	TREX2	26838
ENSG00000143954	REG3G	26775
ENSG00000183395	PMCH	26716
ENSG00000167311	ART5	26716
ENSG00000155087	ODF1	26688
ENSG00000108825	PTGES3L-AARSD1	26674
ENSG00000163554	SPTA1	26662
ENSG00000171560	FGA	26642
ENSG00000187689	AMTN	26581
ENSG00000116218	NPHS2	26575
ENSG00000283706	PRSS50	26573
ENSG00000214414	TRIM77	26538
ENSG00000205667	ARSH	26538
ENSG00000180934	OR56A1	26476
ENSG00000149516	MS4A3	26449
ENSG00000116031	CD207	26446
ENSG00000188877	POTEA	26426
ENSG00000134216	CHIA	26408
ENSG00000113196	HAND1	26400
ENSG00000182111	ZNF716	26360
ENSG00000104938	CLEC4M	26328
ENSG00000256349	ENSG00000256349.1	26296
ENSG00000158764	ITLN2	26262
ENSG00000169789	PRY	26186
ENSG00000284730	TMDD1	26167
ENSG00000141977	CIB3	26104
ENSG00000251012	ENSG00000251012.2	26100
ENSG00000182687	GALR2	26094
ENSG00000110244	APOA4	26058
ENSG00000187533	PRR27	26036
ENSG00000258873	DUXA	26013
ENSG00000107187	LHX3	25982
ENSG00000073067	CYP2W1	25982
ENSG00000283267	FAM237B	25951
ENSG00000183035	CYLC1	25939
ENSG00000284987	ENSG00000284987.1	25928
ENSG00000214360	EFCAB9	25881
ENSG00000287856	ENSG00000287856.1	25833
ENSG00000106304	SPAM1	25832
ENSG00000204539	CDSN	25826
ENSG00000173612	GPRC6A	25755
ENSG00000285982	ENSG00000285982.1	25705
ENSG00000130173	ANGPTL8	25679
ENSG00000135517	MIP	25654
ENSG00000158874	APOA2	25636
ENSG00000288675	PANO1	25548
ENSG00000121853	GHSR	25522
ENSG00000185873	TMPRSS11B	25399
ENSG00000113905	HRG	25394
ENSG00000130700	GATA5	25390
ENSG00000169340	PDILT	25362
ENSG00000188219	POTEE	25353
ENSG00000104371	DKK4	25323
ENSG00000180219	GARIN6	25279
ENSG00000186150	UBL4B	25255
ENSG00000251569	ENSG00000251569.1	25228
ENSG00000258466	ENSG00000258466.5	25223
ENSG00000283189	ENSG00000283189.2	25210
ENSG00000254535	PABPC4L	25188
ENSG00000147596	PRDM14	25169
ENSG00000270882	H4C14	25126
ENSG00000263809	ENSG00000263809.1	25113
ENSG00000116785	CFHR3	25109
ENSG00000100312	ACR	25076
ENSG00000197123	ZNF679	25062
ENSG00000189013	KIR2DL4	24876
ENSG00000137745	MMP13	24839
ENSG00000204889	KRT40	24810
ENSG00000174562	KLK15	24801
ENSG00000159224	GIP	24785
ENSG00000176076	KCNE5	24691
ENSG00000171060	C8orf74	24636
ENSG00000250709	CCDC169-SOHLH2	24609
ENSG00000170166	HOXD4	24573
ENSG00000198569	SLC34A3	24544
ENSG00000135409	AMHR2	24497
ENSG00000242550	SERPINB10	24478
ENSG00000079393	DUSP13	24477
ENSG00000237353	PATE4	24442
ENSG00000272897	ENSG00000272897.5	24405
ENSG00000284776	ENSG00000284776.1	24386
ENSG00000274419	TBC1D3D	24364
ENSG00000259132	ENSG00000259132.1	24354
ENSG00000133020	MYH8	24307
ENSG00000106302	HYAL4	24250
ENSG00000169962	TAS1R3	24222
ENSG00000161973	CCDC42	24201
ENSG00000278704	ENSG00000278704.1	24190
ENSG00000147378	FATE1	24129
ENSG00000105996	HOXA2	24095
ENSG00000122145	TBX22	24083
ENSG00000258388	PPT2-EGFL8	24028
ENSG00000175513	TSGA10IP	23954
ENSG00000204779	FOXD4L5	23942
ENSG00000171540	OTP	23916
ENSG00000234469	CLDN34	23905
ENSG00000164256	PRDM9	23870
ENSG00000169877	AHSP	23863
ENSG00000267120	ENSG00000267120.3	23845
ENSG00000142513	ACP4	23829
ENSG00000182791	CCDC87	23810
ENSG00000241635	UGT1A1	23758
ENSG00000111732	AICDA	23739
ENSG00000072080	SPP2	23657
ENSG00000205649	HTN3	23652
ENSG00000196832	OR11G2	23617
ENSG00000167751	KLK2	23610
ENSG00000165794	SLC39A2	23603
ENSG00000188293	IGFL1	23515
ENSG00000215474	SKOR2	23489
ENSG00000182447	OTOL1	23400
ENSG00000261459	ENSG00000261459.1	23381
ENSG00000188269	OR7A5	23368
ENSG00000205642	VCX3B	23361
ENSG00000178772	CPN2	23317
ENSG00000177291	GJD4	23315
ENSG00000120563	LYZL1	23307
ENSG00000204511	MCCD1	23305
ENSG00000146857	STRA8	23237
ENSG00000179213	SIGLECL1	23213
ENSG00000274944	ENSG00000274944.4	23157
ENSG00000139269	INHBE	23141
ENSG00000196748	CLPSL2	23141
ENSG00000203737	GPR52	23080
ENSG00000070985	TRPM5	23074
ENSG00000244414	CFHR1	23071
ENSG00000168334	XIRP1	23070
ENSG00000105991	HOXA1	23046
ENSG00000249624	IFNAR2-IL10RB	23034
ENSG00000090512	FETUB	22993
ENSG00000244476	ERVFRD-1	22972
ENSG00000256206	ENSG00000256206.2	22949
ENSG00000249931	GOLGA8K	22946
ENSG00000105141	CASP14	22945
ENSG00000188163	FAM166A	22928
ENSG00000175202	HIGD2B	22927
ENSG00000182583	VCX	22920
ENSG00000168269	FOXI1	22918
ENSG00000180532	ZSCAN4	22910
ENSG00000186191	BPIFB4	22891
ENSG00000168065	SLC22A11	22869
ENSG00000258555	SPECC1L-ADORA2A	22749
ENSG00000262152	GREP1	22732
ENSG00000197953	AADACL2	22662
ENSG00000196131	VN1R2	22625
ENSG00000122728	TAF1L	22617
ENSG00000145879	SPINK7	22550
ENSG00000267173	ENSG00000267173.1	22527
ENSG00000139908	TSSK4	22499
ENSG00000282034	ENSG00000282034.2	22498
ENSG00000100121	GGTLC2	22480
ENSG00000171053	PATE1	22480
ENSG00000172640	OR10AD1	22466
ENSG00000107859	PITX3	22400
ENSG00000276747	PADI6	22392
ENSG00000215568	GAB4	22298
ENSG00000229544	NKX1-2	22297
ENSG00000101892	ATP1B4	22286
ENSG00000167165	UGT1A6	22276
ENSG00000196420	S100A5	22230
ENSG00000157131	C8A	22224
ENSG00000212124	TAS2R19	22214
ENSG00000167800	TBX10	22191
ENSG00000165383	LRRC18	22170
ENSG00000164485	IL22RA2	22138
ENSG00000186526	CYP4F8	22137
ENSG00000204695	OR14J1	22117
ENSG00000205883	DEFB135	22111
ENSG00000162592	CCDC27	22050
ENSG00000104848	KCNA7	21896
ENSG00000044012	GUCA2B	21870
ENSG00000184108	TRIML1	21846
ENSG00000264668	ENSG00000264668.2	21820
ENSG00000255641	ENSG00000255641.1	21799
ENSG00000204913	LRRC3C	21762
ENSG00000285245	ENSG00000285245.1	21749
ENSG00000100665	SERPINA4	21748
ENSG00000187268	FAM9C	21678
ENSG00000248329	APELA	21669
ENSG00000273003	ARL2-SNX15	21639
ENSG00000182070	OR52A1	21628
ENSG00000222036	POTEM	21612
ENSG00000231989	PPP1R2B	21612
ENSG00000203859	HSD3B2	21558
ENSG00000179059	ZFP42	21549
ENSG00000198033	TUBA3C	21546
ENSG00000156006	NAT2	21512
ENSG00000109101	FOXN1	21457
ENSG00000159495	TGM7	21418
ENSG00000287908	ENSG00000287908.1	21368
ENSG00000102055	PPP1R2C	21341
ENSG00000258674	ENSG00000258674.5	21328
ENSG00000185385	OR7A17	21321
ENSG00000204010	IFIT1B	21293
ENSG00000275591	XKR5	21269
ENSG00000267228	ENSG00000267228.7	21256
ENSG00000228372	SMIM10L2B-AS1	21256
ENSG00000251184	ENSG00000251184.1	21210
ENSG00000204969	PCDHA2	21174
ENSG00000180318	ALX1	21142
ENSG00000212128	TAS2R13	21110
ENSG00000143768	LEFTY2	21094
ENSG00000136931	NR5A1	21089
ENSG00000188199	NUTM2B	21085
ENSG00000204978	ERICH4	21074
ENSG00000273777	CEACAM20	21069
ENSG00000228278	ORM2	21044
ENSG00000236396	SLC35G4	21041
ENSG00000242689	CNTF	20999
ENSG00000255804	OR6J1	20972
ENSG00000242419	PCDHGC4	20962
ENSG00000175518	UBQLNL	20961
ENSG00000184923	NUTM2A	20960
ENSG00000282301	CYP3A7-CYP3A51P	20928
ENSG00000108688	CCL7	20917
ENSG00000198398	TMEM207	20883
ENSG00000187066	TMEM262	20878
ENSG00000226784	PGAM4	20871
ENSG00000178732	GP5	20870
ENSG00000273047	ENSG00000273047.1	20864
ENSG00000111046	MYF6	20863
ENSG00000261272	MUC22	20856
ENSG00000224389	C4B	20807
ENSG00000255298	OR8G5	20660
ENSG00000186652	PRG2	20633
ENSG00000101306	MYLK2	20569
ENSG00000185130	H2BC13	20563
ENSG00000164451	CALHM4	20507
ENSG00000203972	GLYATL3	20490
ENSG00000268964	ERVV-2	20487
ENSG00000106436	MYL10	20484
ENSG00000178919	FOXE1	20459
ENSG00000175329	ISX	20387
ENSG00000285085	ENSG00000285085.1	20372
ENSG00000255432	ENSG00000255432.1	20330
ENSG00000170748	RBMXL2	20308
ENSG00000204542	C6orf15	20288
ENSG00000186897	C1QL4	20270
ENSG00000196800	SPINK14	20237
ENSG00000180205	WFDC9	20182
ENSG00000244682	FCGR2C	20152
ENSG00000169194	IL13	20147
ENSG00000243543	WFDC6	20093
ENSG00000213215	OR2F1	20091
ENSG00000125998	FAM83C	20043
ENSG00000272856	ENSG00000272856.1	20025
ENSG00000174255	ZNF80	19994
ENSG00000255393	OOSP4B	19986
ENSG00000167941	SOST	19969
ENSG00000101898	MCTS2	19887
ENSG00000203870	SMIM9	19886
ENSG00000260861	ENSG00000260861.6	19846
ENSG00000109471	IL2	19839
ENSG00000255054	ENSG00000255054.3	19816
ENSG00000185863	TMEM210	19811
ENSG00000204963	PCDHA7	19806
ENSG00000139515	PDX1	19784
ENSG00000187758	ADH1A	19784
ENSG00000122136	OBP2A	19745
ENSG00000173572	NLRP13	19738
ENSG00000255071	SAA2-SAA4	19717
ENSG00000259571	BLID	19710
ENSG00000203908	KHDC3L	19705
ENSG00000273259	ENSG00000273259.3	19639
ENSG00000125861	GFRA4	19610
ENSG00000264424	MYH4	19599
ENSG00000183709	IFNL2	19595
ENSG00000092067	CEBPE	19586
ENSG00000143125	PROK1	19581
ENSG00000237988	OR2I1P	19537
ENSG00000213231	TCL1B	19523
ENSG00000189167	ZAR1L	19513
ENSG00000256797	KLRF2	19336
ENSG00000106038	EVX1	19318
ENSG00000134389	CFHR5	19301
ENSG00000161634	DCD	19282
ENSG00000168530	MYL1	19253
ENSG00000203740	NTMT2	19240
ENSG00000167139	TBC1D21	19232
ENSG00000196946	ZNF705A	19225
ENSG00000151418	ATP6V1G3	19194
ENSG00000183318	SPDYE4	19183
ENSG00000164822	DEFA6	19152
ENSG00000183153	GJD3	19122
ENSG00000277775	H3C7	19104
ENSG00000258653	ENSG00000258653.3	19088
ENSG00000240764	PCDHGC5	19076
ENSG00000111241	FGF6	18950
ENSG00000214782	MS4A18	18926
ENSG00000182896	TMEM95	18925
ENSG00000197891	SLC22A12	18919
ENSG00000238243	OR2W3	18900
ENSG00000188716	DUSP29	18860
ENSG00000266200	PNLIPRP2	18829
ENSG00000163218	PGLYRP4	18794
ENSG00000176009	ASCL3	18759
ENSG00000182676	PPP1R27	18748
ENSG00000170782	OR10A4	18738
ENSG00000187550	SBK2	18728
ENSG00000196184	OR10J1	18666
ENSG00000204694	OR11A1	18657
ENSG00000167774	ENSG00000167774.2	18582
ENSG00000204007	GLT6D1	18568
ENSG00000250264	ENSG00000250264.1	18561
ENSG00000095917	TPSD1	18556
ENSG00000161180	CCDC116	18554
ENSG00000171561	OR2AT4	18510
ENSG00000188782	CATSPER4	18506
ENSG00000124334	IL9R_ENSG00000124334	18506
ENSG00000189401	OTUD6A	18472
ENSG00000186146	DEFB131A	18467
ENSG00000285480	H2BK1	18447
ENSG00000137675	MMP27	18439
ENSG00000169605	GKN1	18434
ENSG00000147869	CER1	18380
ENSG00000136696	IL36B	18346
ENSG00000172362	OR5B12	18284
ENSG00000286019	NOTCH2NLB	18243
ENSG00000184995	IFNE	18223
ENSG00000183072	NKX2-5	18214
ENSG00000255833	TIFAB	18144
ENSG00000256950	ENSG00000256950.2	18052
ENSG00000177535	OR2B11	18012
ENSG00000186723	OR10H1	18010
ENSG00000102794	ACOD1	17995
ENSG00000128276	RFPL3	17976
ENSG00000268465	ENSG00000268465.1	17928
ENSG00000285330	ENSG00000285330.1	17903
ENSG00000260325	HSPB9	17794
ENSG00000178602	OTOS	17744
ENSG00000112116	IL17F	17727
ENSG00000162763	LRRC52	17688
ENSG00000188394	GPR21	17680
ENSG00000185028	LRRC14B	17677
ENSG00000260234	ENSG00000260234.5	17674
ENSG00000178473	UCN3	17552
ENSG00000198881	ASB12	17525
ENSG00000078898	BPIFB2	17490
ENSG00000278588	H2BC10	17487
ENSG00000188778	ADRB3	17447
ENSG00000125414	MYH2	17446
ENSG00000280709	LINC02203_ENSG00000280709	17425
ENSG00000095981	KCNK16	17424
ENSG00000140478	GOLGA6D	17396
ENSG00000276430	FAM25C	17338
ENSG00000269897	COMMD3-BMI1	17299
ENSG00000213892	CEACAM16	17272
ENSG00000254521	SIGLEC12	17248
ENSG00000124097	HMGB1P1	17243
ENSG00000186118	TEX38	17221
ENSG00000259075	POC1B-GALNT4	17156
ENSG00000285641	ENSG00000285641.1	17153
ENSG00000141096	DPEP3	17152
ENSG00000281887	GIMAP1-GIMAP5	17127
ENSG00000188050	RNF133	17027
ENSG00000243501	ENSG00000243501.5	16994
ENSG00000175699	CCDC197	16992
ENSG00000286106	NOTCH2NLR	16964
ENSG00000173250	GPR151	16955
ENSG00000158553	POM121L2	16939
ENSG00000178690	DYNAP	16925
ENSG00000239839	DEFA3	16916
ENSG00000136688	IL36G	16911
ENSG00000110680	CALCA	16910
ENSG00000176302	FOXR1	16866
ENSG00000101981	F9_ENSG00000101981	16801
ENSG00000250424	ENSG00000250424.4	16749
ENSG00000177602	HASPIN	16728
ENSG00000214513	NOTO	16711
ENSG00000073598	FNDC8	16707
ENSG00000180138	CSNK1A1L	16699
ENSG00000275954	TBC1D3F	16686
ENSG00000261949	GFY	16583
ENSG00000169397	RNASE3	16565
ENSG00000205116	TMEM88B	16545
ENSG00000163518	FCRL4	16496
ENSG00000254413	CHKB-CPT1B	16460
ENSG00000178462	TUBAL3	16449
ENSG00000135355	GJA10	16434
ENSG00000187855	ASCL4	16367
ENSG00000179934	CCR8	16324
ENSG00000179626	OR6C4	16277
ENSG00000183034	OTOP2	16247
ENSG00000172146	OR1A1	16237
ENSG00000213171	LINGO4	16164
ENSG00000213931	HBE1	16153
ENSG00000174876	AMY1B	16136
ENSG00000176510	OR10AC1	16081
ENSG00000286235	ENSG00000286235.1	16067
ENSG00000171403	KRT9	16056
ENSG00000273703	H2BC14	16051
ENSG00000274933	TBC1D3I	16045
ENSG00000284934	ENSG00000284934.2	16018
ENSG00000167098	SUN5	16007
ENSG00000215372	ZNF705G	16000
ENSG00000183303	OR5P2	15994
ENSG00000164438	TLX3	15979
ENSG00000172789	HOXC5	15964
ENSG00000274641	H2BC17	15945
ENSG00000204403	CASP12	15939
ENSG00000153498	SPACA7	15935
ENSG00000260802	SERTM2	15916
ENSG00000177300	CLDN22	15900
ENSG00000177212	OR2T33	15871
ENSG00000204246	OR13C3	15817
ENSG00000184471	C1QTNF8	15803
ENSG00000176678	FOXL1	15788
ENSG00000182040	USH1G	15758
ENSG00000288635	ENSG00000288635.1	15745
ENSG00000197991	ENSG00000197991.11	15743
ENSG00000166152	C16orf78	15681
ENSG00000130943	PKDREJ	15677
ENSG00000204962	PCDHA8	15653
ENSG00000185897	FFAR3	15636
ENSG00000259316	ENSG00000259316.12	15618
ENSG00000263513	FAM72C	15579
ENSG00000184478	OR56A3	15575
ENSG00000169208	OR10G3	15510
ENSG00000189375	TBC1D28	15505
ENSG00000285891	MSANTD5	15487
ENSG00000166634	SERPINB12	15475
ENSG00000262660	ENSG00000262660.1	15450
ENSG00000170523	KRT83	15422
ENSG00000116176	TPSG1	15411
ENSG00000170054	SERPINA9	15336
ENSG00000234602	MCIDAS	15296
ENSG00000248993	ENSG00000248993.1	15225
ENSG00000277932	OR52E5	15210
ENSG00000249861	LGALS16	15200
ENSG00000186910	SERPINA11	15170
ENSG00000146926	ASB10	15107
ENSG00000198610	AKR1C4	15074
ENSG00000285749	ENSG00000285749.3	15059
ENSG00000149735	GPHA2	15038
ENSG00000164325	TMEM174	14942
ENSG00000196778	OR52K1	14925
ENSG00000267022	ENSG00000267022.1	14924
ENSG00000164363	SLC6A18	14909
ENSG00000172519	OR10H5	14902
ENSG00000160349	LCN1	14840
ENSG00000120094	HOXB1	14794
ENSG00000080910	CFHR2	14761
ENSG00000125255	SLC10A2	14725
ENSG00000122859	NEUROG3	14699
ENSG00000169906	S100G	14690
ENSG00000142025	DMRTC2	14658
ENSG00000218819	TDRD15	14649
ENSG00000181965	NEUROG1	14646
ENSG00000185177	ZNF479	14636
ENSG00000165623	UCMA	14629
ENSG00000124157	SEMG2	14602
ENSG00000141946	ZIM3	14585
ENSG00000183733	FIGLA	14571
ENSG00000288649	ACTL10	14569
ENSG00000163206	SMCP	14549
ENSG00000222038	POTEJ	14527
ENSG00000171459	OR1L6	14463
ENSG00000162723	SLAMF9	14430
ENSG00000175336	APOF	14413
ENSG00000185013	NT5C1B	14409
ENSG00000280778	ENSG00000280778.1	14366
ENSG00000122133	PAEP	14359
ENSG00000274808	TBC1D3B	14355
ENSG00000214700	C12orf71	14346
ENSG00000185972	CCIN	14298
ENSG00000196240	OR2T2	14296
ENSG00000131668	BARX1	14274
ENSG00000284723	OR8S1	14137
ENSG00000255181	CCDC166	14126
ENSG00000286112	ENSG00000286112.1	14070
ENSG00000163515	RETNLB	14036
ENSG00000102239	BRS3	14012
ENSG00000176020	AMIGO3	14009
ENSG00000255152	MSH5-SAPCD1	14001
ENSG00000170367	CST5	13971
ENSG00000140505	CYP1A2	13945
ENSG00000143536	CRNN	13926
ENSG00000255526	NEDD8-MDP1	13912
ENSG00000124233	SEMG1	13896
ENSG00000125975	C20orf173	13896
ENSG00000229637	PRAC2	13874
ENSG00000249581	CLRN2	13867
ENSG00000168333	PPDPFL	13862
ENSG00000158497	HMHB1	13862
ENSG00000106031	HOXA13	13837
ENSG00000180785	OR51E1	13831
ENSG00000260643	ENSG00000260643.2	13830
ENSG00000175646	PRM1	13720
ENSG00000235631	RNF148	13712
ENSG00000285188	ENSG00000285188.1	13676
ENSG00000113520	IL4	13665
ENSG00000285815	GET1-SH3BGR	13663
ENSG00000182156	ENPP7	13653
ENSG00000143278	F13B	13628
ENSG00000188620	HMX3	13586
ENSG00000121075	TBX4	13542
ENSG00000177354	C10orf71	13490
ENSG00000172689	MS4A10	13490
ENSG00000185264	TEX33	13476
ENSG00000261832	ENSG00000261832.6	13376
ENSG00000274049	INO80B-WBP1	13353
ENSG00000096395	MLN	13300
ENSG00000184502	GAST	13298
ENSG00000176136	MC5R	13209
ENSG00000269179	ENSG00000269179.1	13185
ENSG00000173237	C11orf86	13179
ENSG00000163295	ALPI	13155
ENSG00000196772	OR14A16	13154
ENSG00000283654	CIROP	13124
ENSG00000196468	FGF16	13111
ENSG00000261247	GOLGA8T	13098
ENSG00000283149	ENSG00000283149.1	13065
ENSG00000233816	IFNA13	13009
ENSG00000124812	CRISP1	12852
ENSG00000169154	GOT1L1	12850
ENSG00000269720	CCDC194	12835
ENSG00000179938	GOLGA8J	12830
ENSG00000262179	MYMX	12754
ENSG00000099721	AMELY	12753
ENSG00000188056	TREML4	12745
ENSG00000172967	XKR3	12723
ENSG00000270299	ENSG00000270299.1	12708
ENSG00000198854	C1orf68	12706
ENSG00000188379	IFNA2	12706
ENSG00000163424	TEX55	12668
ENSG00000110243	APOA5	12651
ENSG00000131808	FSHB	12590
ENSG00000258830	ENSG00000258830.1	12575
ENSG00000260914	ENSG00000260914.3	12574
ENSG00000161643	SIGLEC16	12572
ENSG00000204424	LY6G6F	12563
ENSG00000283526	PRRT1B	12559
ENSG00000124391	IL17C	12520
ENSG00000284969	ENSG00000284969.1	12512
ENSG00000159184	HOXB13	12498
ENSG00000187559	FOXD4L3	12498
ENSG00000206549	ENSG00000206549.13	12471
ENSG00000231256	CFAP97D1	12467
ENSG00000125813	PAX1	12458
ENSG00000184492	FOXD4L1	12344
ENSG00000119913	TECTB	12333
ENSG00000135175	OCM2	12313
ENSG00000133136	GNG5B	12305
ENSG00000127318	IL22	12252
ENSG00000206026	SMIM21	12251
ENSG00000171446	KRT27	12228
ENSG00000269469	ENSG00000269469.1	12221
ENSG00000105610	KLF1	12208
ENSG00000175121	WFDC5	12187
ENSG00000171199	OPRPN	12183
ENSG00000167910	CYP7A1	12172
ENSG00000158786	PLA2G2F	12127
ENSG00000273167	ENSG00000273167.1	12123
ENSG00000272916	ENSG00000272916.5	12116
ENSG00000205143	ARID3C	12108
ENSG00000227152	OR2T7	12100
ENSG00000180772	AGTR2	12086
ENSG00000118702	GHRH	12083
ENSG00000282872	C1orf232	12080
ENSG00000151005	TKTL2	12001
ENSG00000159516	SPRR2G	11991
ENSG00000186009	ATP4B	11990
ENSG00000269405	NXF2	11989
ENSG00000285010	OOSP4A	11987
ENSG00000164113	ADAD1	11957
ENSG00000163114	PDHA2	11902
ENSG00000259784	ENSG00000259784.1	11861
ENSG00000278057	TEX28	11858
ENSG00000285471	ENSG00000285471.1	11834
ENSG00000226761	TAS2R46	11823
ENSG00000175877	TMEM270	11795
ENSG00000188032	C19orf67	11789
ENSG00000187569	DPPA3	11770
ENSG00000257341	ENSG00000257341.5	11767
ENSG00000162624	LHX8	11756
ENSG00000196228	SULT1C3	11711
ENSG00000284431	ENSG00000284431.1	11700
ENSG00000181616	OR52H1	11678
ENSG00000130182	ZSCAN10	11674
ENSG00000165953	SERPINA12	11667
ENSG00000180424	DEFB123	11619
ENSG00000262730	ENSG00000262730.1	11538
ENSG00000185069	KRT76	11531
ENSG00000288208	ENSG00000288208.1	11501
ENSG00000283877	ENSG00000283877.1	11495
ENSG00000271321	CTAGE6	11481
ENSG00000184166	OR1D2	11475
ENSG00000266265	KLF14	11471
ENSG00000177689	MAGEB10	11469
ENSG00000108759	KRT32	11458
ENSG00000254979	ENSG00000254979.5	11441
ENSG00000267467	APOC4	11430
ENSG00000138813	C4orf17	11429
ENSG00000160882	CYP11B1	11396
ENSG00000130427	EPO	11357
ENSG00000169953	HSFY2	11300
ENSG00000125695	ENSG00000125695.12	11299
ENSG00000112212	TSPO2	11192
ENSG00000229183	PGA4	11131
ENSG00000205869	KRTAP5-1	11117
ENSG00000181023	OR56B1	11114
ENSG00000118245	TNP1	11113
ENSG00000269533	ENSG00000269533.5	11107
ENSG00000267477	ENSG00000267477.1	11101
ENSG00000283528	TCAF2C	11089
ENSG00000181499	OR6T1	11089
ENSG00000118017	A4GNT	11062
ENSG00000254673	ENSG00000254673.1	11056
ENSG00000288681	ENSG00000288681.1	11053
ENSG00000182187	CRYGB	10918
ENSG00000188223	ENSG00000188223.9	10891
ENSG00000259009	TPRX2	10852
ENSG00000187806	TMEM202	10789
ENSG00000283428	CCDC195	10788
ENSG00000188909	BSX	10788
ENSG00000132703	APCS	10786
ENSG00000255508	ENSG00000255508.7	10777
ENSG00000249590	ENSG00000249590.7	10690
ENSG00000254737	OR10G4	10645
ENSG00000214943	GPR33	10619
ENSG00000206262	FOXL2NB	10609
ENSG00000264813	ENSG00000264813.6	10609
ENSG00000285509	TBCEL-TECTA	10601
ENSG00000170373	CST1	10589
ENSG00000257520	SFTA3_ENSG00000257520	10566
ENSG00000286140	DERPC	10552
ENSG00000106410	NOBOX	10543
ENSG00000204518	AADACL4	10528
ENSG00000262461	SPDYE9	10523
ENSG00000223614	ZNF735	10496
ENSG00000183128	CALHM3	10482
ENSG00000285629	ENSG00000285629.1	10477
ENSG00000268221	OPN1MW	10442
ENSG00000186795	KCNK18	10442
ENSG00000286522	H3C2	10409
ENSG00000186790	FOXE3	10390
ENSG00000131721	RHOXF2	10382
ENSG00000187581	COX8C	10376
ENSG00000204478	PRAMEF20	10348
ENSG00000101951	PAGE4	10343
ENSG00000243896	OR2A7	10340
ENSG00000184735	DDX53	10337
ENSG00000197213	ZSCAN5B	10256
ENSG00000189326	SPANXN4	10231
ENSG00000145040	UCN2	10226
ENSG00000248167	TRIM39-RPP21	10175
ENSG00000183695	MRGPRX2	10168
ENSG00000273542	H4C12	10163
ENSG00000254866	DEFB109D	10145
ENSG00000187140	FOXD3	10141
ENSG00000188984	AADACL3	10082
ENSG00000183389	OR56A4	10072
ENSG00000165076	PRSS37	10064
ENSG00000284505	LYNX1-SLURP2	10042
ENSG00000274209	ANTXRL	9999
ENSG00000122180	MYOG	9982
ENSG00000236032	OR5H14	9935
ENSG00000257046	SLCO1B3-SLCO1B7	9920
ENSG00000132693	CRP	9912
ENSG00000205186	FABP9	9910
ENSG00000215148	PRSS41	9906
ENSG00000266728	ENSG00000266728.5	9890
ENSG00000083782	EPYC	9832
ENSG00000230667	SETSIP	9773
ENSG00000179636	TPPP2	9755
ENSG00000165496	RPL10L	9752
ENSG00000274611	TBC1D3	9749
ENSG00000283787	PRR33	9717
ENSG00000151033	LYZL2	9700
ENSG00000112337	SLC17A2	9690
ENSG00000177558	FAM187B	9669
ENSG00000259224	SLC35G6	9632
ENSG00000285505	ENSG00000285505.1	9630
ENSG00000189090	FAM25G	9625
ENSG00000258064	ENSG00000258064.1	9614
ENSG00000182798	MAGEB17	9605
ENSG00000101446	SPINT3	9595
ENSG00000258588	TRIM6-TRIM34	9547
ENSG00000162897	FCAMR	9541
ENSG00000196570	PFN3	9534
ENSG00000167014	TERB2	9513
ENSG00000166856	GPR182	9478
ENSG00000261915	ENSG00000261915.6	9475
ENSG00000196859	KRT39	9456
ENSG00000180042	OR1R1P	9440
ENSG00000275722	LYZL6	9423
ENSG00000169067	ACTBL2	9414
ENSG00000172238	ATOH1	9365
ENSG00000278599	TBC1D3E	9349
ENSG00000187833	C2orf78	9348
ENSG00000284895	ENSG00000284895.1	9344
ENSG00000181785	OR5AS1	9338
ENSG00000265303	ENSG00000265303.1	9296
ENSG00000133055	MYBPH	9290
ENSG00000124449	IRGC	9240
ENSG00000244731	C4A	9223
ENSG00000166118	SPATA19	9117
ENSG00000283288	SMIM33	9104
ENSG00000281348	ENSG00000281348.1	9074
ENSG00000275152	CCL16	9069
ENSG00000261611	ENSG00000261611.6	9037
ENSG00000167195	GOLGA6C	9037
ENSG00000285528	ENSG00000285528.1	9030
ENSG00000236027	PATE3	9017
ENSG00000255072	PIGY	9015
ENSG00000285133	ENSG00000285133.1	8976
ENSG00000183246	RIMBP3C	8971
ENSG00000174450	GOLGA6L2	8957
ENSG00000221852	KRTAP1-5	8947
ENSG00000259522	ENSG00000259522.3	8940
ENSG00000138684	IL21	8925
ENSG00000118113	MMP8	8917
ENSG00000287080	H3C3	8894
ENSG00000170369	CST2	8884
ENSG00000197084	LCE1C	8864
ENSG00000258728	ENSG00000258728.2	8839
ENSG00000139223	ANP32D	8769
ENSG00000182315	MBD3L3	8720
ENSG00000212724	KRTAP2-3	8716
ENSG00000182035	ADIG	8698
ENSG00000152086	TUBA3E	8693
ENSG00000120322	PCDHB8	8676
ENSG00000256977	LIMS3	8666
ENSG00000175143	OR2T1	8640
ENSG00000204640	NMS	8619
ENSG00000268235	TCP11X1	8618
ENSG00000180535	BHLHA15	8616
ENSG00000182334	OR5P3	8588
ENSG00000171722	SPATA46	8580
ENSG00000187690	EZHIP	8526
ENSG00000205916	DAZ4	8512
ENSG00000121377	TAS2R7	8509
ENSG00000265690	ENSG00000265690.7	8474
ENSG00000285292	ABCF2-H2BK1	8473
ENSG00000198049	AVPR1B	8472
ENSG00000277556	OR13C5	8443
ENSG00000187616	MYMK	8406
ENSG00000256861	ENSG00000256861.1	8404
ENSG00000170454	KRT75	8350
ENSG00000184650	ODF4	8345
ENSG00000213022	KLK9	8345
ENSG00000188425	NANOS2	8343
ENSG00000256671	LIMS4	8286
ENSG00000173578	XCR1	8283
ENSG00000267140	ENSG00000267140.1	8275
ENSG00000135973	GPR45	8273
ENSG00000176566	DCAF4L2	8257
ENSG00000262526	ENSG00000262526.2	8256
ENSG00000108702	CCL1	8256
ENSG00000168703	WFDC12	8220
ENSG00000262543	SMIM28	8211
ENSG00000237763	AMY1A	8133
ENSG00000140107	SLC25A47	8133
ENSG00000277957	SENP3-EIF4A1	8132
ENSG00000178597	PSAPL1	8123
ENSG00000180305	WFDC10A	8083
ENSG00000224916	APOC4-APOC2	8060
ENSG00000262874	C19orf84	8050
ENSG00000224586	GPX5	8046
ENSG00000206013	IFITM5	8019
ENSG00000104826	LHB	7990
ENSG00000286239	ENSG00000286239.1	7943
ENSG00000127362	TAS2R3	7914
ENSG00000186895	FGF3	7908
ENSG00000158639	PAGE5	7890
ENSG00000185686	PRAME	7884
ENSG00000271271	UGT2A2	7852
ENSG00000117215	PLA2G2D	7792
ENSG00000147160	AWAT2	7790
ENSG00000285446	ENSG00000285446.1	7789
ENSG00000214336	FOXI3	7781
ENSG00000197403	OR6N1	7753
ENSG00000186075	ZPBP2	7732
ENSG00000257207	ENSG00000257207.5	7645
ENSG00000283329	FAM240B	7627
ENSG00000182077	PTCHD3	7614
ENSG00000185640	KRT79	7562
ENSG00000185231	MC2R	7550
ENSG00000123388	HOXC11	7549
ENSG00000184345	IQCF2	7496
ENSG00000212126	TAS2R50	7494
ENSG00000188710	QRFP	7481
ENSG00000180386	KRTAP9-7	7480
ENSG00000286022	ENSG00000286022.1	7429
ENSG00000212901	KRTAP3-1	7409
ENSG00000116996	ZP4	7382
ENSG00000244234	GMCL2	7382
ENSG00000273154	ENSG00000273154.3	7353
ENSG00000223638	RFPL4A	7333
ENSG00000283536	ENSG00000283536.3	7332
ENSG00000204700	OR2J2	7331
ENSG00000237524	TEX51	7312
ENSG00000125508	SRMS	7276
ENSG00000180720	CHRM4	7246
ENSG00000152592	DMP1	7244
ENSG00000285304	ENSG00000285304.1	7237
ENSG00000276950	GSTT4	7233
ENSG00000171944	OR52A5	7185
ENSG00000236761	CTAGE9	7165
ENSG00000215343	ZNF705D	7141
ENSG00000174015	CBY2	7136
ENSG00000123171	CCDC70	7133
ENSG00000196242	OR2C3	7112
ENSG00000214819	CDRT15L2	7103
ENSG00000180043	GARIN5B	7050
ENSG00000197437	OR13G1	7043
ENSG00000183206	POTEC	7034
ENSG00000198062	POTEH	7023
ENSG00000124657	OR2B6	7023
ENSG00000242515	UGT1A10	7015
ENSG00000162009	SSTR5	7004
ENSG00000139797	RNF113B	7003
ENSG00000285816	ENSG00000285816.1	6987
ENSG00000109181	UGT2B10	6978
ENSG00000131737	KRT34	6945
ENSG00000113302	IL12B	6912
ENSG00000102021	LUZP4	6892
ENSG00000258713	C20orf141	6844
ENSG00000170484	KRT74	6823
ENSG00000139330	KERA	6818
ENSG00000242019	KIR3DL3	6769
ENSG00000283516	LITAFD	6768
ENSG00000197745	SCGB1D4	6768
ENSG00000176198	OR11H4	6759
ENSG00000243207	PPAN-P2RY11	6753
ENSG00000169777	TAS2R1	6668
ENSG00000131738	KRT33B	6665
ENSG00000138136	LBX1	6658
ENSG00000168131	OR2B2	6623
ENSG00000181017	OR56B2P	6619
ENSG00000185662	SMIM23	6602
ENSG00000181009	OR52N5	6599
ENSG00000171501	OR1N2	6573
ENSG00000260092	ENSG00000260092.1	6559
ENSG00000212900	KRTAP3-2	6559
ENSG00000164821	DEFA4	6554
ENSG00000184560	SPEM2	6551
ENSG00000181001	OR52N1	6550
ENSG00000235718	MFRP	6536
ENSG00000248871	TNFSF12-TNFSF13	6523
ENSG00000197849	OR8G1	6506
ENSG00000189252	SPANXN3	6502
ENSG00000181433	SAGE1	6481
ENSG00000169548	ZNF280A	6480
ENSG00000186090	HTR3D	6478
ENSG00000280969	RPS4Y2	6477
ENSG00000123364	HOXC13	6475
ENSG00000285991	ENSG00000285991.1	6471
ENSG00000261408	TEN1-CDK3	6459
ENSG00000175946	KLHL38	6447
ENSG00000204614	TRIM40	6400
ENSG00000238205	MPC1L	6380
ENSG00000155622	XAGE2	6353
ENSG00000204613	TRIM10	6341
ENSG00000277836	ENSG00000277836.1	6323
ENSG00000181778	TMEM252	6323
ENSG00000230778	ANKRD63	6319
ENSG00000170929	OR1M1	6278
ENSG00000284931	ENSG00000284931.1	6264
ENSG00000187701	OR2T27	6262
ENSG00000251258	RFPL4B	6262
ENSG00000138483	CCDC54	6246
ENSG00000169059	VCX3A	6245
ENSG00000204021	LIPK	6243
ENSG00000187714	SLC18A3	6222
ENSG00000230246	SPATA31C1	6184
ENSG00000267303	ENSG00000267303.1	6183
ENSG00000287725	ENSG00000287725.2	6180
ENSG00000101812	H2BW2	6163
ENSG00000181961	OR4A16	6159
ENSG00000236543	ENSG00000236543.3	6154
ENSG00000221836	OR2A5	6142
ENSG00000244020	MT1HL1	6142
ENSG00000174667	OR7D4	6112
ENSG00000251608	OR12D1	6111
ENSG00000147896	IFNK	6105
ENSG00000214558	ZC3H11C	6089
ENSG00000141437	SLC25A52	6044
ENSG00000213921	LEUTX	6018
ENSG00000166220	TBATA	6012
ENSG00000182816	KRTAP13-2	6012
ENSG00000275063	ENSG00000275063.1	6004
ENSG00000169327	OR5AU1	5997
ENSG00000268940	CT45A1	5997
ENSG00000288637	ENSG00000288637.1	5961
ENSG00000203783	PRR9	5961
ENSG00000182053	TRIM49B	5959
ENSG00000285542	ENSG00000285542.1	5952
ENSG00000165462	PHOX2A	5945
ENSG00000196341	OR8D1	5941
ENSG00000178804	H1-8	5922
ENSG00000204300	TMEM225	5910
ENSG00000130383	FUT5	5902
ENSG00000198211	ENSG00000198211.8	5894
ENSG00000166351	POTED	5887
ENSG00000198704	GPX6	5880
ENSG00000279012	OR51B2	5866
ENSG00000250641	LY6G6F-LY6G6D	5851
ENSG00000283473	FAM240A	5835
ENSG00000175065	DSG4	5822
ENSG00000148136	OR13C4	5811
ENSG00000244255	ENSG00000244255.5	5803
ENSG00000254445	HSPB2-C11orf52	5791
ENSG00000212657	KRTAP16-1	5788
ENSG00000274570	SPDYE10	5776
ENSG00000261582	ENSG00000261582.1	5666
ENSG00000157119	KLHL40	5662
ENSG00000198889	DCAF12L1	5650
ENSG00000227059	ANHX	5640
ENSG00000204548	DEFB121	5627
ENSG00000126251	GPR42	5615
ENSG00000275126	H4C13	5586
ENSG00000275163	ENSG00000275163.1	5582
ENSG00000241149	ZNF722	5581
ENSG00000103355	PRSS33	5539
ENSG00000126337	KRT36	5537
ENSG00000188816	HMX2	5524
ENSG00000096264	NCR2	5508
ENSG00000273514	FOXD4L6	5506
ENSG00000159289	GOLGA6A	5479
ENSG00000204710	SPDYC	5468
ENSG00000221888	OR1C1	5460
ENSG00000177257	DEFB4B	5417
ENSG00000177938	CAPZA3	5375
ENSG00000124227	ANKRD60	5363
ENSG00000163254	CRYGC	5361
ENSG00000187173	LCE2A	5360
ENSG00000109705	NKX3-2	5314
ENSG00000064835	POU1F1	5314
ENSG00000284337	ENSG00000284337.1	5307
ENSG00000269307	ENSG00000269307.1	5295
ENSG00000204345	CD300LD	5279
ENSG00000263353	PPIAL4A	5248
ENSG00000221858	OR2A12	5233
ENSG00000284917	EEF1AKMT4-ECE2	5232
ENSG00000271810	ENSG00000271810.5	5191
ENSG00000006659	LGALS14	5184
ENSG00000197309	OR10D3	5177
ENSG00000257062	ENSG00000257062.6	5175
ENSG00000163202	LCE3D	5174
ENSG00000253548	PYDC2	5163
ENSG00000176256	HMGB4	5160
ENSG00000276380	UBE2NL	5069
ENSG00000136695	IL36RN	5067
ENSG00000272617	ENSG00000272617.3	5047
ENSG00000259164	ENSG00000259164.1	5015
ENSG00000173285	OR10K1	5008
ENSG00000204701	OR2J3	4994
ENSG00000172680	MOS	4984
ENSG00000212807	OR2A42	4970
ENSG00000162344	FGF19	4969
ENSG00000228570	NUTM2E	4964
ENSG00000092009	CMA1	4957
ENSG00000268500	SIGLEC5_ENSG00000268500	4952
ENSG00000213759	UGT2B11	4931
ENSG00000164645	TEX47	4921
ENSG00000221938	OR2A14	4917
ENSG00000288529	ENSG00000288529.1	4907
ENSG00000215356	ZNF705B	4903
ENSG00000281613	ENSG00000281613.2	4893
ENSG00000111049	MYF5	4891
ENSG00000268975	MIA-RAB4B	4889
ENSG00000186513	OR9Q2	4884
ENSG00000185294	SPPL2C	4862
ENSG00000129152	MYOD1	4858
ENSG00000259384	GH1	4845
ENSG00000141200	KIF2B	4837
ENSG00000233198	RNF224	4820
ENSG00000187791	FAM205C	4811
ENSG00000189139	FSCB	4802
ENSG00000163283	ALPP	4792
ENSG00000176230	OR4K17	4782
ENSG00000091010	POU4F3	4780
ENSG00000204688	OR2H1	4769
ENSG00000196156	KRTAP4-3	4767
ENSG00000232113	TEX50	4737
ENSG00000172365	OR5B2	4721
ENSG00000165583	SSX5	4716
ENSG00000230707	ENSG00000230707.3	4697
ENSG00000170162	VGLL2	4692
ENSG00000197768	STPG3	4670
ENSG00000107807	TLX1	4662
ENSG00000168454	TXNDC2	4653
ENSG00000151379	MSGN1	4627
ENSG00000236398	TAS2R39	4624
ENSG00000206181	ELOA2	4624
ENSG00000172320	OR5A1	4622
ENSG00000186393	KRT26	4615
ENSG00000240386	LCE1F	4613
ENSG00000172468	HSFY1	4610
ENSG00000286001	ENSG00000286001.1	4606
ENSG00000155890	TRIM42	4594
ENSG00000105428	ZNRF4	4584
ENSG00000226288	OR52I2	4567
ENSG00000237378	ENSG00000237378.3	4565
ENSG00000221970	OR2A1	4537
ENSG00000184276	DEFB108B	4523
ENSG00000149507	OOSP2	4523
ENSG00000182613	OR2V2	4513
ENSG00000268173	ENSG00000268173.3	4492
ENSG00000179172	HNRNPCL1	4479
ENSG00000125363	AMELX	4451
ENSG00000267335	ENSG00000267335.2	4447
ENSG00000109132	PHOX2B	4441
ENSG00000260734	TLE7	4439
ENSG00000188120	DAZ1	4436
ENSG00000164458	TBXT	4422
ENSG00000169618	PROKR1	4420
ENSG00000269095	ENSG00000269095.1	4402
ENSG00000250138	ENSG00000250138.4	4379
ENSG00000120235	IFNA6	4352
ENSG00000204872	NAT8B	4347
ENSG00000284952	ENSG00000284952.1	4346
ENSG00000136834	OR1J1	4345
ENSG00000187733	AMY1C	4328
ENSG00000173213	TUBB8B	4320
ENSG00000187857	OR6C75	4291
ENSG00000179300	RTL3	4291
ENSG00000283463	HSFX4	4290
ENSG00000197651	CCER1	4272
ENSG00000183629	GOLGA8G	4254
ENSG00000171989	LDHAL6B	4248
ENSG00000268447	SSX2B	4247
ENSG00000178287	SPAG11A	4241
ENSG00000204538	PSORS1C2	4228
ENSG00000244623	OR2AE1	4200
ENSG00000285779	ENSG00000285779.1	4193
ENSG00000135413	LACRT	4192
ENSG00000269526	ERVV-1	4185
ENSG00000159527	PGLYRP3	4179
ENSG00000109208	SMR3A	4159
ENSG00000226941	RBMY1J	4152
ENSG00000178358	OR2D3	4132
ENSG00000226430	USP17L7	4111
ENSG00000075388	FGF4	4084
ENSG00000273171	ENSG00000273171.1	4066
ENSG00000164556	FAM183BP	4062
ENSG00000124089	MC3R	4057
ENSG00000255151	GLYATL1B	4040
ENSG00000255192	NANOGP8	4031
ENSG00000196337	CGB7	4024
ENSG00000162727	OR2M5	4018
ENSG00000101441	CST4	3996
ENSG00000152591	DSPP	3960
ENSG00000221977	OR4E2	3929
ENSG00000185247	MAGEA11	3916
ENSG00000197125	OR8B8	3913
ENSG00000257411	ENSG00000257411.2	3907
ENSG00000135569	TAAR5	3873
ENSG00000275688	CCL15-CCL14	3863
ENSG00000277856	ENSG00000277856.1	3858
ENSG00000205457	TP53TG3C	3854
ENSG00000234776	FREY1	3830
ENSG00000205884	DEFB136	3824
ENSG00000177174	OR14C36	3823
ENSG00000197110	IFNL3	3792
ENSG00000198445	CCT8L2	3789
ENSG00000239395	ENSG00000239395.2	3784
ENSG00000180988	OR52N2	3781
ENSG00000189182	KRT77	3766
ENSG00000131059	BPIFA3	3762
ENSG00000168158	OR2C1	3760
ENSG00000181408	UTS2R	3738
ENSG00000171136	RLN3	3720
ENSG00000268655	ENSG00000268655.3	3716
ENSG00000181562	EDDM3A	3714
ENSG00000148156	ACTL7B	3711
ENSG00000173464	RNASE11	3700
ENSG00000203730	TEDDM1	3690
ENSG00000145839	IL9	3677
ENSG00000146378	TAAR2	3668
ENSG00000129965	INS-IGF2	3660
ENSG00000273554	ENSG00000273554.4	3618
ENSG00000112115	IL17A	3617
ENSG00000259288	BUB1B-PAK6	3614
ENSG00000198812	LRRC10	3608
ENSG00000185176	AQP12B	3602
ENSG00000271698	ENSG00000271698.1	3599
ENSG00000233701	PRR23C	3586
ENSG00000284631	SCYGR4	3578
ENSG00000218305	CDC14C	3561
ENSG00000176495	OR5AN1	3549
ENSG00000259171	ENSG00000259171.1	3539
ENSG00000164729	SLC35G3	3531
ENSG00000172073	TEX37	3531
ENSG00000198326	TMEM239	3528
ENSG00000268320	SCGB1C2	3525
ENSG00000179580	RNF151	3520
ENSG00000197706	OR6C74	3494
ENSG00000173239	LIPM	3489
ENSG00000288645	ENSG00000288645.1	3483
ENSG00000120329	SLC25A2	3473
ENSG00000147081	AKAP4	3473
ENSG00000285943	ENSG00000285943.1	3469
ENSG00000213822	CEACAM18	3465
ENSG00000286268	ENSG00000286268.1	3446
ENSG00000241119	UGT1A9	3429
ENSG00000243627	SMIM34	3402
ENSG00000177947	ODF3	3399
ENSG00000170923	OR7G2	3372
ENSG00000276017	ENSG00000276017.1	3357
ENSG00000285947	ENSG00000285947.1	3357
ENSG00000198129	DEFB107B	3355
ENSG00000286053	ASDURF	3354
ENSG00000124900	TRIM51	3354
ENSG00000126752	SSX1	3338
ENSG00000131068	DEFB118	3295
ENSG00000127515	OR7A10	3279
ENSG00000254706	ENSG00000254706.3	3257
ENSG00000155833	CYLC2	3239
ENSG00000184895	SRY	3226
ENSG00000128714	HOXD13	3223
ENSG00000278685	IQCA1L	3213
ENSG00000271079	CTAGE15	3208
ENSG00000285625	ENSG00000285625.1	3201
ENSG00000248751	ENSG00000248751.6	3197
ENSG00000285472	OR4M2-OT1	3163
ENSG00000186207	LCE5A	3161
ENSG00000285772	ENSG00000285772.1	3160
ENSG00000176922	OR51S1	3157
ENSG00000198173	FAM47C	3154
ENSG00000205944	DAZ2	3151
ENSG00000122304	PRM2	3149
ENSG00000197079	KRT35	3128
ENSG00000186190	BPIFB3	3115
ENSG00000288784	CTAGE4	3114
ENSG00000285171	ENSG00000285171.1	3110
ENSG00000123407	HOXC12	3099
ENSG00000204174	NPY4R	3092
ENSG00000189030	VHLL	3053
ENSG00000203933	CXorf66	3053
ENSG00000250374	TRIM75	3037
ENSG00000229674	H2AL3	3028
ENSG00000234289	H2BC12L	3026
ENSG00000215853	RPTN	3024
ENSG00000204661	C5orf60	3019
ENSG00000196427	NBPF4	3012
ENSG00000186226	LCE1E	3007
ENSG00000278299	TBC1D3C	2997
ENSG00000188581	KRTAP1-1	2994
ENSG00000198021	SPANXA1	2981
ENSG00000177047	IFNW1	2963
ENSG00000283268	TEX54	2953
ENSG00000182793	GSTA5	2934
ENSG00000284690	CD300H	2931
ENSG00000183260	ABHD16B	2907
ENSG00000173366	ENSG00000173366.11	2903
ENSG00000260458	KCNJ18	2893
ENSG00000174279	EVX2	2890
ENSG00000285655	ENSG00000285655.1	2885
ENSG00000184330	S100A7A	2846
ENSG00000268674	ENSG00000268674.2	2841
ENSG00000250741	NT5C1B-RDH14	2836
ENSG00000269433	OPN1MW3	2830
ENSG00000283205	ENSG00000283205.1	2772
ENSG00000187003	ACTL7A	2756
ENSG00000152093	CFC1B	2751
ENSG00000124260	MAGEA10	2729
ENSG00000270339	PPIAL4H	2726
ENSG00000188076	SCGB1C1	2720
ENSG00000244355	LY6G6D	2714
ENSG00000288709	F8A2	2710
ENSG00000269855	RNF225	2706
ENSG00000280537	ENSG00000280537.2	2692
ENSG00000180016	OR1E1	2690
ENSG00000181733	OR2Z1	2688
ENSG00000274183	H2AB1	2682
ENSG00000180613	GSX2	2682
ENSG00000136839	OR13C9	2666
ENSG00000155495	MAGEC1	2665
ENSG00000213934	HBG1	2662
ENSG00000274102	OR4M2	2644
ENSG00000187754	SSX7	2642
ENSG00000125879	OTOR	2635
ENSG00000284701	TMEM247	2620
ENSG00000187166	H1-7	2616
ENSG00000179002	TAS1R2	2616
ENSG00000166368	OR2D2	2613
ENSG00000164334	FAM170A	2611
ENSG00000178257	PRM3	2609
ENSG00000286192	ENSG00000286192.1	2598
ENSG00000266826	IGBP1C	2595
ENSG00000165131	LLCFC1	2593
ENSG00000255425	OR8G3P	2589
ENSG00000225899	FRG2B	2583
ENSG00000166363	OR10A5	2583
ENSG00000171855	IFNB1	2579
ENSG00000286132	ENSG00000286132.1	2574
ENSG00000203923	SPANXN1	2541
ENSG00000183396	TMEM89	2529
ENSG00000125571	IL37	2517
ENSG00000173080	RXFP4	2510
ENSG00000196734	LCE1B	2504
ENSG00000156575	PRG3	2491
ENSG00000205097	FRG2	2482
ENSG00000212122	TSSK1B	2482
ENSG00000205439	KRTAP12-3	2477
ENSG00000268614	ENSG00000268614.1	2476
ENSG00000203989	RHOXF2B	2467
ENSG00000274252	GGTLC3	2464
ENSG00000121634	GJA8	2460
ENSG00000171402	XAGE3	2459
ENSG00000099399	MAGEB2	2455
ENSG00000215029	TCP11X2	2452
ENSG00000169688	MT1B	2452
ENSG00000214929	SPATA31D1	2451
ENSG00000282815	TEX13C	2447
ENSG00000198798	MAGEB3	2438
ENSG00000112273	HDGFL1	2436
ENSG00000261667	LY6L	2436
ENSG00000206260	PRR23A	2434
ENSG00000203909	DPPA5	2427
ENSG00000171133	OR2K2	2416
ENSG00000277971	ENSG00000277971.1	2414
ENSG00000276119	OR13C2	2401
ENSG00000169214	OR6F1	2395
ENSG00000179817	MRGPRX4	2377
ENSG00000172324	OR5A2	2354
ENSG00000150244	TRIM48	2337
ENSG00000123569	H2BW1	2320
ENSG00000146618	FERD3L	2318
ENSG00000182346	DAOA	2312
ENSG00000275793	RIMBP3	2312
ENSG00000283663	ENSG00000283663.1	2297
ENSG00000165584	SSX3	2291
ENSG00000143006	DMRTB1	2289
ENSG00000147873	IFNA5	2273
ENSG00000182783	OR2T29	2266
ENSG00000250298	GIMD1	2265
ENSG00000181963	OR52K2	2261
ENSG00000131264	CDX4	2254
ENSG00000220948	TRIM51G	2253
ENSG00000178591	DEFB125	2251
ENSG00000169840	GSX1	2247
ENSG00000223443	USP17L2	2245
ENSG00000124196	GTSF1L	2244
ENSG00000123561	SERPINA7	2238
ENSG00000284989	ENSG00000284989.1	2222
ENSG00000204897	KRT25	2217
ENSG00000232423	PRAMEF6	2216
ENSG00000254466	OR4D10	2215
ENSG00000120436	GPR31	2211
ENSG00000204019	CT83	2208
ENSG00000181927	OR4P4	2199
ENSG00000186572	DEFB107A	2189
ENSG00000214107	MAGEB1	2179
ENSG00000173908	KRT28	2165
ENSG00000181323	SPEM1	2158
ENSG00000176695	OR4F17	2153
ENSG00000234560	OR10G8	2147
ENSG00000273976	GOLGA6L1	2132
ENSG00000185372	OR2V1	2131
ENSG00000221813	OR6B1	2130
ENSG00000257921	ENSG00000257921.6	2118
ENSG00000130283	GDF1	2111
ENSG00000155249	OR4K1	2107
ENSG00000115488	NEU2	2105
ENSG00000172377	OR9I1	2103
ENSG00000187821	HELT	2100
ENSG00000227234	SPANXB1	2091
ENSG00000234068	PAGE2	2083
ENSG00000108417	KRT37	2082
ENSG00000163352	LENEP	2076
ENSG00000277322	GOLGA6L6	2075
ENSG00000179695	OR6C2	2074
ENSG00000277865	GOLGA6L22	2066
ENSG00000180974	OR52E4	2058
ENSG00000214897	PNMA6E	2053
ENSG00000180872	DEFB112	2051
ENSG00000187475	H1-6	2046
ENSG00000054796	SPO11	2036
ENSG00000177910	SPATA31C2	2033
ENSG00000165471	MBL2	2031
ENSG00000132671	SSTR4	2018
ENSG00000275572	GRIFIN	2016
ENSG00000223510	CDRT15	2008
ENSG00000263761	GDF2	1990
ENSG00000263201	DPEP2NB	1981
ENSG00000170967	DDI1	1977
ENSG00000189023	MAGEB16	1975
ENSG00000145309	CABS1	1973
ENSG00000237521	OR7E24	1946
ENSG00000175520	UBQLN3	1943
ENSG00000284638	SMIM44	1930
ENSG00000183559	C10orf120	1921
ENSG00000215156	ENSG00000215156.5	1918
ENSG00000162068	NTN3	1906
ENSG00000180053	NKX2-6	1905
ENSG00000249139	EPPIN-WFDC6	1902
ENSG00000116726	PRAMEF12	1898
ENSG00000205108	FAM205A	1864
ENSG00000187516	H2AP	1861
ENSG00000284554	ENSG00000284554.2	1848
ENSG00000125533	BHLHE23	1843
ENSG00000280236	OR12D2	1832
ENSG00000125823	CSTL1	1830
ENSG00000237621	OR9A1P	1829
ENSG00000238210	ETDA	1829
ENSG00000171405	XAGE5	1824
ENSG00000206203	TSSK2	1821
ENSG00000280148	ENSG00000280148.1	1820
ENSG00000286007	ENSG00000286007.1	1817
ENSG00000229937	PRPS1L1	1815
ENSG00000248767	FOXL3	1814
ENSG00000285566	ENSG00000285566.2	1813
ENSG00000198965	OR10R2	1812
ENSG00000284695	ENSG00000284695.1	1808
ENSG00000166090	IL25	1806
ENSG00000178586	OR6B3	1805
ENSG00000221937	TAS2R40	1803
ENSG00000170613	GARIN3	1798
ENSG00000147183	CPXCR1	1791
ENSG00000232382	OR5K1	1788
ENSG00000171481	OR1L3	1779
ENSG00000221864	KRTAP12-2	1774
ENSG00000198283	OR5B21	1773
ENSG00000233917	POTEB	1770
ENSG00000222028	PSMB11	1766
ENSG00000183304	FAM9A	1752
ENSG00000172538	FAM170B	1730
ENSG00000278633	ENSG00000278633.1	1717
ENSG00000175514	GPR152	1716
ENSG00000068985	PAGE1	1673
ENSG00000289604	CTAGE8	1672
ENSG00000198678	OR5BS1P	1672
ENSG00000251154	PTTG1IP2	1656
ENSG00000186136	TAS2R42	1651
ENSG00000170950	PGK2	1648
ENSG00000244474	UGT1A4	1647
ENSG00000231274	SBK3	1647
ENSG00000136694	IL36A	1637
ENSG00000180658	OR2A4	1628
ENSG00000228075	BOD1L2	1620
ENSG00000185821	OR6C76	1610
ENSG00000276240	OR4E1	1607
ENSG00000125815	CST8	1605
ENSG00000159455	LCE2B	1603
ENSG00000234438	KBTBD13	1591
ENSG00000221957	KIR2DS4	1585
ENSG00000283980	GNG14	1576
ENSG00000197532	OR6Y1	1566
ENSG00000278522	POTEB3	1564
ENSG00000179615	OR2AP1	1560
ENSG00000177992	SPATA31E1	1538
ENSG00000176798	OR51L1	1536
ENSG00000285064	ENSG00000285064.2	1536
ENSG00000174970	OR10AG1	1535
ENSG00000203786	KPRP	1535
ENSG00000135226	UGT2B28	1532
ENSG00000177143	CETN1	1509
ENSG00000109851	DBX1	1497
ENSG00000161850	KRT82	1496
ENSG00000156009	MAGEA8	1495
ENSG00000235608	NKX1-1	1491
ENSG00000166160	OPN1MW2	1491
ENSG00000185966	LCE3E	1486
ENSG00000171116	HSFX1	1480
ENSG00000185448	FAM47A	1479
ENSG00000233381	AK4P3	1471
ENSG00000233412	OR5H15	1471
ENSG00000183631	PRR32	1464
ENSG00000176253	OR4K13	1458
ENSG00000221867	MAGEA3	1455
ENSG00000284609	OR8B3	1448
ENSG00000186971	KRTAP13-4	1447
ENSG00000284800	ENSG00000284800.2	1447
ENSG00000137080	IFNA21	1437
ENSG00000106331	PAX4	1436
ENSG00000184659	FOXD4L4	1433
ENSG00000182854	OR4F15	1430
ENSG00000182634	OR10G7	1425
ENSG00000205777	GAGE1	1402
ENSG00000286165	ENSG00000286165.1	1391
ENSG00000204449	TRIM49C	1390
ENSG00000161849	KRT84	1390
ENSG00000278803	PWWP4	1382
ENSG00000183632	TP53TG3	1381
ENSG00000215131	C16orf90	1380
ENSG00000147223	RIPPLY1	1380
ENSG00000134200	TSHB	1373
ENSG00000206047	DEFA1	1372
ENSG00000288867	PPIAL4C	1370
ENSG00000142539	ENSG00000142539.9	1370
ENSG00000175809	CBLL2	1365
ENSG00000214285	NPS	1359
ENSG00000163825	RTP3	1352
ENSG00000186306	OR10T2	1350
ENSG00000189348	FAM90A27P	1347
ENSG00000250719	P3R3URF	1345
ENSG00000213416	KRTAP4-12	1332
ENSG00000125816	NKX2-4	1322
ENSG00000233974	ENSG00000233974.3	1304
ENSG00000283952	ENSG00000283952.1	1297
ENSG00000134249	ADAM30	1291
ENSG00000205330	OR6C1	1280
ENSG00000243489	KRTAP10-11	1275
ENSG00000168930	TRIM49	1246
ENSG00000170953	OR8B12	1234
ENSG00000196475	GK2	1234
ENSG00000205989	DEFB109C	1231
ENSG00000144010	TRIM43B	1226
ENSG00000172457	OR9G4	1225
ENSG00000185962	LCE3A	1225
ENSG00000269741	ENSG00000269741.5	1223
ENSG00000177151	OR2T35	1220
ENSG00000163286	ALPG	1219
ENSG00000267706	ENSG00000267706.3	1210
ENSG00000178395	CCDC185	1206
ENSG00000283227	SPRR5	1205
ENSG00000168515	SCGB1D1	1196
ENSG00000273513	TBC1D3K	1195
ENSG00000171936	OR10H3	1192
ENSG00000132631	SCP2D1	1190
ENSG00000279000	OR10A6	1189
ENSG00000170683	OR10A3	1189
ENSG00000169807	PRY2	1188
ENSG00000177202	SPACA4	1184
ENSG00000181693	OR8H1	1180
ENSG00000130385	BMP15	1178
ENSG00000189253	TRIM64B	1176
ENSG00000225366	TDGF1P3	1174
ENSG00000071677	PRLH	1172
ENSG00000165762	OR4K2	1169
ENSG00000212899	KRTAP3-3	1167
ENSG00000184945	AQP12A	1167
ENSG00000172487	OR8J1	1167
ENSG00000230399	RBBP8P1	1162
ENSG00000105550	FGF21	1159
ENSG00000188324	OR6C6	1143
ENSG00000101435	CST9L	1135
ENSG00000175718	RBMXL3	1132
ENSG00000255713	OR4D2	1130
ENSG00000123165	ACTRT1	1121
ENSG00000102539	MLNR	1112
ENSG00000260287	TBC1D3G	1110
ENSG00000284874	ENSG00000284874.1	1105
ENSG00000186458	DEFB132	1093
ENSG00000268738	HSFX2	1078
ENSG00000172769	OR5B3	1077
ENSG00000164399	IL3	1070
ENSG00000283567	C19orf85	1067
ENSG00000170777	TPD52L3	1066
ENSG00000203757	OR6K3	1065
ENSG00000180708	OR10K2	1062
ENSG00000229665	PRR20C	1062
ENSG00000163217	BMP10	1062
ENSG00000125522	NPBWR2	1059
ENSG00000215113	CXorf49B	1057
ENSG00000269791	SSX4B	1055
ENSG00000120211	INSL4	1052
ENSG00000186860	KRTAP17-1	1044
ENSG00000182459	TEX19	1043
ENSG00000285508	MKKS_ENSG00000285508	1042
ENSG00000215115	CXorf49	1039
ENSG00000204501	PRAMEF15	1031
ENSG00000181109	OR52P1	1024
ENSG00000186912	P2RY4	1017
ENSG00000198930	CSAG1	1016
ENSG00000203942	C10orf62	1001
