h5ad_var	index
assay	0
cell_type	1
tissue_general	2
sex	3
TSPAN6	4
TNMD	5
DPM1	6
SCYL3	7
C1orf112	8
FGR	9
CFH	10
FUCA2	11
GCLC	12
NFYA	13
STPG1	14
NIPAL3	15
LAS1L	16
ENPP4	17
SEMA3F	18
CFTR	19
ANKIB1	20
CYP51A1	21
KRIT1	22
RAD52	23
BAD	24
LAP3	25
CD99_ENSG00000002586	26
HS3ST1	27
AOC1	28
WNT16	29
HECW1	30
MAD1L1	31
LASP1	32
SNX11	33
TMEM176A	34
M6PR	35
KLHL13	36
CYP26B1	37
ICA1	38
DBNDD1	39
ALS2	40
CASP10	41
CFLAR	42
TFPI	43
NDUFAF7	44
RBM5	45
MTMR7	46
SLC7A2	47
ARF5	48
SARM1	49
POLDIP2	50
PLXND1	51
AK2	52
CD38	53
FKBP4	54
KDM1A	55
RBM6	56
CAMKK1	57
RECQL	58
VPS50	59
HSPB6	60
ARHGAP33	61
NDUFAB1	62
PDK4	63
SLC22A16	64
ZMYND10	65
ABCB5	66
ARX	67
SLC25A13	68
ST7	69
CDC27	70
SLC4A1	71
CALCR	72
HCCS	73
DVL2	74
PRSS22	75
UPF1	76
SKAP2	77
SLC25A5	78
MCUB	79
HOXA11	80
POLR2J	81
DHX33	82
MEOX1	83
THSD7A	84
LIG3	85
RPAP3	86
ACSM3	87
REXO5	88
CIAPIN1	89
SPPL2B	90
ATOSB	91
COPZ2	92
PRKAR2B	93
MSL3	94
CREBBP	95
TSPOAP1	96
MPO	97
PON1	98
GCFC2	99
WDR54	100
CROT	101
ABCB4	102
KMT2E	103
RHBDD2	104
SOX8	105
IBTK	106
ZNF195	107
MYCBP2	108
FBXL3	109
ITGAL	110
PDK2	111
ITGA3	112
ZFX	113
LAMP2	114
ITGA2B	115
ASB4	116
GDE1	117
REX1BD	118
CRLF1	119
OSBPL7	120
TMEM98	121
YBX2	122
MAP3K14	123
ABCC8	124
CACNG3	125
TMEM132A	126
AP2B1	127
TAC1	128
ZNF263	129
CX3CL1	130
SPATA20	131
CACNA1G	132
TNFRSF12A	133
DLX6	134
MAP3K9	135
RALA	136
BAIAP2L1	137
KDM7A	138
ETV1	139
AGK	140
ALDH3B1	141
TTC22	142
PHTF2	143
CCL26	144
FARP2	145
USH1C	146
GGCT	147
DBF4	148
TBXA2R	149
IFRD1	150
LGALS14	151
COX10	152
GTF2IRD1	153
PAF1	154
VPS41	155
ARHGAP44	156
ELAC2	157
SCIN	158
ARSD	159
PNPLA4	160
MYH13	161
ADIPOR2	162
CDKL3	163
UPP2	164
PRSS21	165
MARK4	166
PROM1	167
CCDC124	168
CEACAM21	169
PAFAH1B1	170
NOS2	171
DNAH9	172
BLTP2	173
SLC13A2	174
GAS7	175
TRAPPC6A	176
MATK	177
CEACAM7	178
CD79B	179
SCN4A	180
ST7L	181
TKTL1	182
PAX6	183
RPUSD1	184
RHBDF1	185
LUC7L	186
CACNA2D2	187
BAIAP3	188
TSR3	189
PIGQ	190
CRAMP1	191
TEAD3	192
SELE	193
DNAJC11	194
FMO3	195
MYLIP	196
NOX1	197
E2F2	198
PSMB1	199
SYN1	200
JARID2	201
CDKL5	202
CAMK1G	203
CDK11A	204
NADK	205
TFAP2B	206
TFAP2D	207
DLEC1	208
CYTH3	209
ADAM22	210
SYPL1	211
CYB561	212
SPAG9	213
CELSR3	214
AASS	215
PLEKHG6	216
SS18L2	217
MPND	218
MGST1	219
CRY1	220
PGLYRP1	221
NFIX	222
ST3GAL1	223
MMP25	224
IL32	225
PKD1	226
MAPK8IP2	227
MED24	228
RHOBTB2	229
HEATR5B	230
SEC62	231
RPS20	232
CSDE1	233
UBE3C	234
REV3L	235
TENM1	236
PAX7	237
MASP2	238
IYD	239
FAM76A	240
TRAF3IP3	241
POMT2	242
VTA1	243
MLXIPL	244
BAZ1B	245
RANBP9	246
ETV7	247
SPRTN	248
METTL13	249
DYRK4	250
ZNF207	251
UQCRC1	252
STARD3NL	253
CD9	254
HHATL	255
NCAPD2	256
IFFO1	257
GIPR	258
PHF7	259
SEMA3G	260
NISCH	261
STAB1	262
FUZ	263
SLC6A13	264
IDS	265
PRSS3	266
ZNF200	267
CD4	268
LRRC23	269
BTK	270
HFE	271
SCMH1	272
FYN	273
HIVEP2	274
FMO1	275
ELOA	276
LYPLA2	277
CLCN6	278
MRC2	279
NME1-NME2	280
SLC6A7	281
TSPAN9	282
BTBD7	283
APBA3	284
MKS1	285
ABHD5	286
ANOS1	287
AKAP8L	288
MBTD1	289
UTP18	290
RNF216	291
TTC19	292
PTBP1	293
DPF1	294
SYT7	295
LARS2	296
PIK3C2A	297
PLAUR	298
ANLN	299
WIZ	300
RABGAP1	301
DCN	302
QPCTL	303
PPP5C	304
CEP68	305
MAP4K3	306
ZBTB32	307
TYROBP	308
LDAF1	309
GABRA3	310
BRCA1	311
ERCC1	312
CD22	313
SEMA3B	314
MBTPS2	315
PRICKLE3	316
LTF	317
EXTL3	318
NR1H4	319
ELOVL5	320
ALOX5	321
KDM5D	322
CALCOCO1	323
UBR7	324
MAP4K5	325
EHD3	326
PSMC4	327
MAN2B2	328
SLC7A14	329
CLDN11	330
SLC25A39	331
MVP	332
NUB1	333
PGM3	334
RWDD2A	335
CLK1	336
POLR3B	337
ANGEL1	338
RNF14	339
DNASE1L1	340
DDX11	341
HEBP1	342
GPRC5A	343
MAMLD1	344
CD6	345
TACC3	346
UFL1	347
POLA2	348
ZC3H3	349
CAPN1	350
ACP3	351
MDH1	352
SLC30A9	353
MTMR11	354
COX15	355
CCDC88C	356
YAF2	357
ZMYND11	358
WAS	359
DPEP1	360
BID	361
MATR3_ENSG00000015479	362
NPC1L1	363
XYLT2	364
RGPD5	365
STMN4	366
NUDCD3	367
ISL1	368
CHDH	369
IL20RA	370
CLCA1	371
CLCA4	372
GLT8D1	373
ATP2C1	374
IGF1	375
SLC38A5	376
RALBP1	377
RUFY3	378
CNTN1	379
SLC11A1	380
WWTR1	381
AGPS	382
STEEP1	383
ATP1A2	384
TTC27	385
ZNF582	386
VSIG2	387
PHLDB1	388
MARCO	389
CYP24A1	390
PRDM11	391
SYT13	392
SNAI2	393
CD74	394
HGF	395
ZRANB1	396
NCDN	397
ADGRA2	398
ZFP64	399
MNAT1	400
SAMD4A	401
RUNX3	402
MRE11	403
PLEKHB1	404
SERPINB1	405
CYP3A43	406
SLC7A9	407
SPAST	408
NRXN3	409
OSBPL5	410
AQR	411
CPS1	412
C8B	413
FHL1	414
RTF2	415
GABRA1	416
NLRP2	417
SLC45A4	418
RNF10	419
ZNF839	420
ZDHHC6	421
GRAMD1B	422
RNH1	423
NDUFS1	424
RB1CC1	425
ERP44	426
ALAS1	427
BIRC3	428
AKAP11	429
GLRX2	430
SNAPC1	431
DERA	432
STRAP	433
ABCC2	434
DEF6	435
PLEKHO1	436
GCLM	437
UBR2	438
EHD2	439
DEPDC1	440
CCDC28A	441
RRAGD	442
HSF2	443
PHF20	444
HSD17B6	445
NR1H3	446
TYMP	447
NCAPH2	448
TOMM34	449
SEC63	450
KPNA6	451
VIM	452
RTEL1-TNFRSF6B	453
FAS	454
RNASET2	455
CD44	456
KCNG1	457
AGPAT4	458
SLAMF7	459
BTN3A1	460
MIPEP	461
PRKCH	462
INSRR	463
IFNGR1	464
B4GALT7	465
SH2D2A	466
VRK2	467
TNFRSF1B	468
VEZT	469
POU2F2	470
BRD9	471
SNX1	472
TBPL1	473
BMAL2	474
BCLAF1	475
SLC39A9	476
ANK1	477
IBSP	478
TFB1M	479
RABEP1	480
HMGB3	481
NUP160	482
BAK1	483
MUSK	484
IKZF2	485
GRN	486
FAM13B	487
ARHGAP31	488
CENPQ	489
SARS1	490
RANBP3	491
ARID4A	492
EIPR1	493
PNPLA6	494
IFT88	495
ALG1	496
ZCCHC8	497
ABCF2	498
CHPF2	499
LRRC7	500
FUT8	501
UBA6	502
GAB2	503
ATP6V0A1	504
PIAS1	505
SLC4A7	506
APBA2	507
MAP2K3	508
CLXN	509
TMSB10	510
ASTE1	511
RNF19A	512
PEX3	513
GABARAPL2	514
MYOC	515
SH3YL1	516
FAM136A	517
VCL	518
DEPDC1B	519
DAPK2	520
NSMAF	521
ADSS2	522
STAP1	523
TIMP2	524
RFC1	525
TBC1D23	526
CUL3	527
MYOM2	528
OTC	529
CYP46A1	530
ZZZ3	531
SLC18A1	532
USP2	533
CASR	534
TUBG2	535
RPL26L1	536
FLT4	537
NSUN2	538
FBXO42	539
MFAP3	540
MRI1	541
METTL1	542
HOXC8	543
AGA	544
PI4K2B	545
BOD1L1	546
MAT2B	547
TLL1	548
EDC4	549
TRIO	550
VCAN	551
CLEC16A	552
MSR1	553
CDH1	554
MTREX	555
DNAH5	556
ZFYVE16	557
RIPOR1	558
C6_ENSG00000039537	559
RAI14	560
SOX30	561
PNKP	562
BEST2	563
PHLPP2	564
SPDL1	565
STAU2	566
SLC66A1	567
CTNS	568
RTN4R	569
PHF23	570
CDH10	571
INPP4A	572
RAB27B	573
PSMA4	574
MYO16	575
LSG1	576
PARP3	577
TNC	578
THAP3	579
RIPOR3	580
TDP1	581
AIFM2	582
SPATA7	583
MED17	584
RETSAT	585
CAPG	586
AP2S1	587
USH2A	588
ZPBP	589
TG	590
ADAM28	591
BARX2	592
DCUN1D1	593
JADE2	594
ZIC2	595
LCP2	596
TRIT1	597
ADRB1	598
GUCA2B	599
CUL7	600
CTNNA1	601
PHKA2	602
CNTLN	603
EPHA3	604
HSPA5	605
DSG2	606
GEMIN8	607
OFD1	608
GPM6B	609
PREX2	610
WDR37	611
YTHDC2	612
CTPS2	613
ATP6V1H	614
POLR2B	615
ATOSA	616
ARAP2	617
TPR	618
CP	619
KATNIP	620
DTNBP1	621
XK	622
ANO2	623
C12orf4	624
SCML1	625
WWC3	626
ARHGAP6	627
FAM184B	628
MAP4	629
GOPC	630
ROS1	631
USP28	632
HDAC9	633
TSPAN17	634
NOP16	635
CC2D2A	636
RRM2B	637
ZNF800	638
TNFRSF17	639
SNX29	640
LMO3	641
MRPS10	642
GUCA1A	643
RSF1	644
VPS13D	645
CELF2	646
FAM120A	647
R3HDM1	648
COL9A2	649
KITLG	650
ERCC8	651
ADAMTS6	652
H6PD	653
VAMP3	654
PER3	655
UTS2	656
TNFRSF9	657
EPN3	658
LTBP1	659
RCN1	660
ELN	661
RFC2	662
ARID1B	663
CLPTM1L	664
NEDD4L	665
FOXP3	666
PPP1R3F	667
HEXB	668
PTCD2	669
NEXMIF	670
JKAMP	671
DKK3	672
ARHGEF5	673
NFE2L3	674
MCUR1	675
LIMA1	676
LETMD1	677
SLC4A8	678
LAMC3	679
PTGER3	680
TNIP3	681
MAPK9	682
COL23A1	683
BCAR1	684
FHIP1B	685
HERPUD1	686
HOMER3	687
RAD51	688
POLQ	689
PIK3CB	690
CYBA	691
THOC3	692
HEBP2	693
MPHOSPH9	694
PLEKHA5	695
PRSS8	696
SIKE1	697
RRP12	698
FNIP2	699
MSMO1	700
TTC17	701
ALX4	702
FSTL4	703
FOXN3	704
METTL24	705
AKR7A2	706
MRTO4	707
NNAT	708
USE1	709
MCF2L2	710
NRIP2	711
LAMA3	712
AP5M1	713
ANAPC4	714
KCNQ1	715
TRAPPC3	716
THRAP3	717
PHPT1	718
ENTPD2	719
LY75	720
ARID4B	721
OPN3	722
SDCCAG8	723
PTPRN	724
HHAT	725
KIF1B	726
FOXC1	727
TBC1D22A	728
SYNE2	729
PLEKHH1	730
ATP9A	731
SPO11	732
CBLN4	733
CHRDL2	734
FAM168A	735
RELT	736
GALC	737
NOP58	738
SZRD1	739
KCNH2	740
CUL1	741
FAM114A2	742
CYFIP2	743
TAB2	744
GINM1	745
EIF2AK2	746
USP36	747
KMT2C	748
MCOLN3	749
CCDC85A	750
PUM2	751
MRPL43	752
ITIH4	753
ITIH1	754
HPF1	755
ZFR	756
ZNF280C	757
NPFFR2	758
PHF21B	759
TRAF1	760
RC3H2	761
IL17RB	762
TRAF3IP2	763
GYG2	764
DCBLD2	765
SERPINB3	766
SOAT1	767
PKP2	768
MSH4	769
F7_ENSG00000057593	770
GDI2	771
PRDM1	772
ATG5	773
TMCC3	774
PITHD1	775
MTA3	776
USP13	777
ATP11B	778
LAMC2	779
CDK14	780
SEC61A1	781
PPP1R12A	782
RASGRF1	783
CAMK2B	784
CROCC	785
POLR3E	786
ATP2B4	787
ZC3H11A	788
RIOK2	789
YIPF1	790
NDC1	791
DGKG	792
FLYWCH1	793
UNKL	794
TBXAS1	795
PARP12	796
ALDH18A1	797
TARBP1	798
GATB	799
MXD1	800
CDK17	801
DNAJC25	802
SLC2A3	803
PSD	804
CTDP1	805
YBX3	806
STYK1	807
WNK1	808
CCAR1	809
OGFR	810
GNA15	811
CREB3L3	812
PIGV	813
PTPRU	814
SNRNP40	815
RIMBP2	816
COL11A1	817
QSER1	818
MPC1	819
ACAA1	820
BCAT1	821
HDAC7	822
LZTS1	823
PRDM6	824
WNT8A	825
SPAG4	826
NCKAP1	827
MRPS35	828
GUCY1B1	829
SFSWAP	830
TNK2	831
MON2	832
CDH3	833
ARSF	834
GPBP1	835
DGAT2	836
ZNF112	837
CS	838
LTK	839
MRPS24	840
ELMO2	841
WAPL	842
VMP1	843
APPBP2	844
POLD1	845
SEZ6	846
EIF4B	847
SLC6A16	848
BICRA	849
SPHK2	850
RPL18	851
CA11	852
ISOC2	853
U2AF2	854
EPN1	855
MED29	856
AHRR	857
ZNF275	858
MTMR1	859
GPC1	860
ADCK1	861
HAGH	862
RNF4	863
CASP8	864
LIMCH1	865
INTS13	866
TM7SF3	867
DLX3	868
SPA17	869
TSPAN32	870
CCN5	871
DMRT3	872
ST3GAL6	873
ATP2C2	874
NGFR	875
CDON	876
TAF2	877
HIPK2	878
TNPO3	879
BORCS8-MEF2B	880
RFXANK	881
TMEM161A	882
LPAR2	883
CTSA	884
SUGP2	885
SLC12A2	886
SNX24	887
EYA2	888
CNN2	889
ABCA7	890
SNCAIP	891
DDX20	892
BTBD1	893
FAR2	894
BCAS1	895
POU1F1	896
CHI3L2	897
SBNO2	898
PMS1	899
HMG20B	900
CALCRL	901
TAF11	902
ANKS1A	903
AP3D1	904
ZNF76	905
NHERF2	906
NTHL1	907
BLTP3A	908
GNAI3	909
IPO5	910
OAT	911
WDR3	912
PKN2	913
WDR18	914
TRAM2	915
NTN1	916
GLP2R	917
MCM10	918
DGKA	919
ERBB3	920
ROPN1	921
ANKRD44	922
KARS1	923
ADAT1	924
PDIA5	925
TBC1D22B	926
NDUFB4	927
SPEN	928
MYLK	929
ZC3H15	930
MAP2K4	931
PACC1	932
SNAP91	933
SLK	934
CYB5R4	935
COL17A1	936
GSTO2	937
SEC61A2	938
PRKCQ	939
TLE2	940
ASB1	941
FAM107B	942
ME1	943
TBC1D1	944
CDK13	945
MTHFD2	946
SLC9A7	947
FOXJ2	948
YBX1	949
PDE4A	950
PPP2R5A	951
CTNNA2	952
ELAVL1	953
TIE1	954
DIP2B	955
SMARCD1	956
KDM4A	957
NFYC	958
ZMYND12	959
SLC9A3	960
NGEF	961
ASPM	962
CD84	963
ELOVL1	964
SPI1	965
POLR1H	966
MPPED2	967
CLDN18	968
ZBTB11	969
ATXN3	970
GOLGA5	971
FGFR2	972
LRRC40	973
ISOC1	974
EML1	975
TRMT11	976
THUMPD1	977
MSANTD3	978
KIF26A	979
ATG2B	980
ARFGEF1	981
ACSM2B	982
ZFAT	983
MTFR1	984
STAG3	985
FECH	986
MYO9A	987
DDX3Y	988
PFKP	989
IDI1	990
SP100	991
KLF6	992
PLPP1	993
NEO1	994
TRAM1	995
PHKA1	996
TNFRSF1A	997
CACNB1	998
EVI5	999
STOML1	1000
PKM	1001
DHX29	1002
DNTTIP2	1003
METTL22	1004
TP53BP1	1005
TRO	1006
RRP15	1007
RHOA	1008
DHX8	1009
PRKCZ	1010
ZFY	1011
IARS2	1012
SYT1	1013
NAV3	1014
IDH3G	1015
ROGDI	1016
PDZD4	1017
ATP2B3	1018
ROCK1	1019
CBFB	1020
PDK3	1021
HYAL2	1022
HDAC4	1023
RASSF1	1024
FGFR3	1025
IFI35	1026
HEATR6	1027
COASY	1028
PLEKHH3	1029
MEF2A	1030
OTUD5	1031
TFE3	1032
TBC1D25	1033
ACSL4	1034
INPP5A	1035
GPKOW	1036
GRIPAP1	1037
FTSJ1	1038
PRR11	1039
REEP1	1040
ATP11A	1041
POLR1A	1042
LAPTM4A	1043
TTC7A	1044
IP6K2	1045
STON1-GTF2A1L	1046
SRBD1	1047
KIF2A	1048
RASGRP2	1049
PSME4	1050
IFT80	1051
SIRT2	1052
ERLEC1	1053
PPP2R5B	1054
PYGM	1055
PAGE1	1056
PITX1	1057
TRPC7	1058
MAST4	1059
ADGRF5	1060
SDK2	1061
ADAM7	1062
NUP133	1063
NUCKS1	1064
VPS35	1065
DNAJA2	1066
BCL3	1067
KCNAB2	1068
ABCC9	1069
GAL	1070
CLEC2D	1071
FUNDC1	1072
MAOB	1073
RORA	1074
DRD4	1075
TGFBR3	1076
PLA2G10	1077
HES2	1078
ATP1B3	1079
NEDD4	1080
PIGB	1081
MAPK6	1082
GNB5	1083
RAB27A	1084
HDHD5	1085
UFD1	1086
LRP6	1087
GUCY2C	1088
SCT	1089
PHRF1	1090
ELP1	1091
NUCB2	1092
PFN2	1093
PTPN3	1094
SPTB	1095
DAPP1	1096
FGF10	1097
SLC44A1	1098
TMEM260	1099
SMG6	1100
EXOC5	1101
CLTCL1	1102
FGF22	1103
FSTL3	1104
DGCR2	1105
RNF126	1106
MNT	1107
ZXDC	1108
JMJD6	1109
POLB	1110
ST6GALNAC1	1111
WIPI1	1112
FRMPD1	1113
GBA2	1114
NDST1	1115
ASNS	1116
AP3M2	1117
CNGB1	1118
ST6GALNAC2	1119
CHAT	1120
PABPC1	1121
TESK2	1122
CFAP20	1123
CSNK2A2	1124
PTPN21	1125
EIF2B3	1126
CAMK2A	1127
TCOF1	1128
CDC42	1129
OSBPL3	1130
EPHA8	1131
SLC12A3	1132
RAD18	1133
ATP2B1	1134
TRPM5	1135
NCK2	1136
MAP4K4	1137
MGAT4A	1138
RPL31	1139
WDR1	1140
SNX13	1141
MS4A12	1142
ARHGAP10	1143
RPS6KA2	1144
ING3	1145
VASH1	1146
LMCD1	1147
BUD23	1148
SEL1L	1149
TRIP13	1150
ATP6AP1	1151
TCF3	1152
TRIB2	1153
DAZAP1	1154
MBD3	1155
PRLH	1156
HLTF	1157
FAM50A	1158
FAM3A	1159
CPSF1	1160
MYO3B	1161
CYBRD1	1162
CDH19	1163
PDCD2	1164
SLC6A15	1165
RDH11	1166
PRKACA	1167
ADGRL1	1168
SPP2	1169
ACTN1	1170
ZFYVE26	1171
RPS6KA6	1172
EPN2	1173
PTPN18	1174
LIMS2	1175
ASIC4	1176
SPEG	1177
LNX1	1178
ALDH3A2	1179
TFRC	1180
SREBF1	1181
TRPC5	1182
AFF4	1183
UBE2D1	1184
PALS1	1185
RHOBTB1	1186
SMC1A	1187
HSD17B10	1188
MARK2	1189
HMMR	1190
CHFR	1191
TRHDE	1192
P4HA2	1193
FCGR2B	1194
NFATC3	1195
TRNT1	1196
ACADVL	1197
STK10	1198
FBXW11	1199
ACAP1	1200
CRMP1	1201
EVC	1202
DERL2	1203
SIDT1	1204
NDE1	1205
IRAG1	1206
TMEM38A	1207
AP1M1	1208
PVR	1209
XRCC1	1210
SCARB1	1211
CYP2W1	1212
MCM2	1213
MOV10L1	1214
PANX2	1215
SELENOO	1216
TP63	1217
ALPK1	1218
LLGL2	1219
PDE8A	1220
CLCN4	1221
NLE1	1222
SDHA	1223
SMARCE1	1224
FNDC8	1225
GSDMB	1226
KDM5A	1227
ADAM11	1228
PPP2R3A	1229
FERMT2	1230
ABCB11	1231
DHRS9	1232
CD5L	1233
PTGS2	1234
IGF2BP2	1235
MAP3K13	1236
ST6GAL1	1237
TBX21	1238
FRY	1239
PICALM	1240
NSF	1241
GLI2	1242
CLASP1	1243
MRPS34	1244
NOTCH3	1245
CLNS1A	1246
PPP2R2C	1247
TEAD2	1248
EED	1249
CDHR2	1250
SNCB	1251
TSG101	1252
NCBP3	1253
ATP2A3	1254
CA12	1255
MGLL	1256
NTN4	1257
BCS1L	1258
NUAK1	1259
DPP8	1260
SLC24A1	1261
ZNF532	1262
SCARF1	1263
LMAN1	1264
HACD3	1265
IPCEF1	1266
ZZEF1	1267
NOX3	1268
ENO1	1269
SLC12A1	1270
MYDGF	1271
ANO8	1272
TUBE1	1273
ARHGEF10L	1274
TXK	1275
WSCD2	1276
KCNQ2	1277
TACR2	1278
ACTR6	1279
TIPIN	1280
SRI	1281
EIF4G3	1282
NUP37	1283
SEMA3A	1284
GTSE1	1285
SEMA3C	1286
TTC38	1287
ACAT1	1288
GRAMD4	1289
CELSR1	1290
WNT8B	1291
ZNF638	1292
SLC25A40	1293
TIMM21	1294
ADD2	1295
FGF4	1296
RASAL2	1297
VPS9D1	1298
ZNF37A	1299
MARK3	1300
SLC25A3	1301
FNDC3B	1302
FOSL2	1303
CACNG5	1304
CACNG4	1305
FRYL	1306
TMEM131	1307
FSCN1	1308
ACTB	1309
MOCOS	1310
PLD1	1311
ATP12A	1312
WDR62	1313
DLG1	1314
RAB7A	1315
BCAP29	1316
SEC31B	1317
SART3	1318
ARHGAP15	1319
TUBA3D	1320
PAX2	1321
EXOSC7	1322
KIFAP3	1323
MKRN2	1324
MCM6	1325
REXO2	1326
RBM7	1327
RBMS2	1328
BAZ2A	1329
PTPN23	1330
MLH1	1331
UNG	1332
FMO4	1333
KLHL20	1334
RGS11	1335
SLC46A1	1336
PLXNA2	1337
SPAG5	1338
ANKRD13A	1339
TPD52	1340
ACACB	1341
TRAF4	1342
PAG1	1343
GPATCH1	1344
ICAM3	1345
NT5C2	1346
MCAM	1347
GPC4	1348
MBNL3	1349
CAMSAP3	1350
RAP1GAP	1351
XAB2	1352
ARHGEF1	1353
STXBP2	1354
MAP2K7	1355
NMRK2	1356
DGKD	1357
CTTNBP2	1358
ACTL6B	1359
RARB	1360
TOP2B	1361
TM9SF3	1362
NFKB2	1363
UBE2T	1364
PPP1R12B	1365
DNAJC10	1366
GTF3C1	1367
IL4R	1368
USP33	1369
PAK3	1370
CAPN6	1371
DCX	1372
SNRPA	1373
SPAG6	1374
EXOSC5	1375
DYNC1I2	1376
APBB1IP	1377
LRCH4	1378
FAM76B	1379
SIRT6	1380
TYR	1381
POLD3	1382
ACTN2	1383
CAPZB	1384
GPR137B	1385
NAALAD2	1386
JADE1	1387
SLC25A43	1388
UBE2A	1389
FGFR1	1390
FKBP6	1391
SMC1B	1392
FBLN1	1393
ITGA8	1394
CST7	1395
MAP2	1396
PIAS2	1397
AMPH	1398
ARAF	1399
MCCC1	1400
LAMP3	1401
FAP	1402
NEBL	1403
ACER3	1404
UBE2K	1405
PIK3C3	1406
N4BP2	1407
TIGAR	1408
TULP3	1409
SYNJ2	1410
ADCY2	1411
PPP2R5C	1412
RBFOX1	1413
GNB1	1414
HOXA9	1415
EDN1	1416
MLLT10	1417
ZCWPW1	1418
ADCYAP1R1	1419
FGF20	1420
P2RY10	1421
ITM2A	1422
NRDC	1423
VDAC3	1424
PCM1	1425
TNRC6C	1426
CBFA2T2	1427
BRINP1	1428
ITCH	1429
PKD2L2	1430
TP53INP2	1431
SDF4	1432
MYH7B	1433
BPIFB2	1434
TP73	1435
TOLLIP	1436
UBE2D4	1437
CLUL1	1438
RUNX1T1	1439
CDH17	1440
THOC1	1441
FKBP7	1442
OSBPL6	1443
SLC1A3	1444
XRCC5	1445
LXN	1446
SP140	1447
MKNK1	1448
TNS1	1449
REXO1	1450
SAR1A	1451
CDC14A	1452
RAPGEF3	1453
CEACAM1	1454
SENP1	1455
DUSP13	1456
CIC	1457
LIPE	1458
FDFT1	1459
PAFAH1B3	1460
OPHN1	1461
AFM	1462
KIF22	1463
SCGN	1464
CARMIL1	1465
PGM1	1466
DDX1	1467
DNM2	1468
EPB41L2	1469
RIMS1	1470
MOXD1	1471
STX7	1472
RABL2B	1473
KEAP1	1474
DDX43	1475
PTPRH	1476
DCT	1477
SLC35C2	1478
CRYBG3	1479
EPHA6	1480
SCTR	1481
RFX3	1482
RIF1	1483
RAB21	1484
SLC4A4	1485
SMARCA2	1486
RDH8	1487
SESN1	1488
MID2	1489
DNAAF6	1490
COL5A3	1491
SRCAP	1492
PUM3	1493
CPB2	1494
CHRNA3	1495
KCNN2	1496
CNOT4	1497
PSEN1	1498
CPOX	1499
CLDND1	1500
MOK	1501
HSP90AA1	1502
RBL1	1503
DLGAP4	1504
IGSF9B	1505
CFHR2	1506
NDC80	1507
AP4E1	1508
RSBN1	1509
MAGI3	1510
CXCL2	1511
AFP	1512
COL4A4	1513
TCF7	1514
OSTM1	1515
CDH7	1516
IMPG2	1517
PCNP	1518
EXD2	1519
ARG2	1520
MEF2C	1521
PTPRC	1522
CACNA1S	1523
PKP1	1524
UBA5	1525
STK17B	1526
CDC14B	1527
ZNF510	1528
LRP2	1529
ZNF506	1530
JMJD4	1531
DUSP12	1532
AACS	1533
DELE1	1534
SLC13A1	1535
CADPS2	1536
PCDHB4	1537
PCDHA6	1538
PCDHGA2	1539
IFT25	1540
PHLPP1	1541
ATP8B1	1542
IL12RB2	1543
SMARCD3	1544
WDR70	1545
FYB1	1546
MPP4	1547
STRADB	1548
BZW1	1549
PGR	1550
C1QTNF3	1551
ME2	1552
C5orf22	1553
CCNT2	1554
FAM135A	1555
COL19A1	1556
EPB41L3	1557
COBLL1	1558
DLG3	1559
KCNK2	1560
SERTAD4	1561
TRAF5	1562
MRPL22	1563
GEMIN5	1564
OPRK1	1565
NFE2L1	1566
SEMA5B	1567
GSK3B	1568
ITGB5	1569
ERC1	1570
XPO1	1571
RNF13	1572
TRPM3	1573
PALB2	1574
DOP1A	1575
LYRM2	1576
BCKDHB	1577
KAT6A	1578
TUT7	1579
ULK2	1580
GRHL2	1581
TNPO1	1582
PLOD1	1583
P2RX5	1584
ITGAE	1585
DIS3	1586
PIBF1	1587
TDRD3	1588
NUFIP1	1589
PDS5B	1590
OXCT1	1591
RRAGB	1592
EPYC	1593
CYLD	1594
SLC27A5	1595
ZNF324	1596
ZNF671	1597
ZNF416	1598
ZNF586	1599
ZNF446	1600
ZNF264	1601
RPS5	1602
FAT1	1603
YTHDC1	1604
CHMP2B	1605
SMAP2	1606
PPIE	1607
ZMPSTE24	1608
STARD7	1609
NOA1	1610
REST	1611
HAL	1612
SSH1	1613
GSTP1	1614
APLP2	1615
FAM234B	1616
SLCO1A2	1617
WBP11	1618
EIF3I	1619
NKAIN1	1620
COL16A1	1621
TXLNA	1622
APOB	1623
NCOA1	1624
AGBL5	1625
EFR3B	1626
KIF3C	1627
RAB10	1628
GCKR	1629
HADHA	1630
MAPRE3	1631
CAD	1632
CD59	1633
CD82	1634
BCORL1	1635
ATRX	1636
AK6	1637
FCN1	1638
MYNN	1639
MECOM	1640
SCAMP1	1641
PREP	1642
HACE1	1643
SEH1L	1644
WDR47	1645
WDFY1	1646
OVGP1	1647
SLC25A24	1648
MAP3K4	1649
PILRA	1650
IGSF9	1651
ABCB1	1652
ZNF213	1653
AKR1B1	1654
CPNE3	1655
RRN3	1656
CTTN	1657
WNT11	1658
MTIF2	1659
DDHD2	1660
TTC39A	1661
EPS15	1662
ORC1	1663
MGST2	1664
CHERP	1665
ATG16L1	1666
USP40	1667
POMGNT1	1668
RAD54L	1669
MAST2	1670
DNAJA1	1671
B4GALT1	1672
CHMP5	1673
NFX1	1674
AQP6	1675
DIMT1	1676
IPO11	1677
FOLH1	1678
EIF2AK1	1679
NME8	1680
EPDR1	1681
SNX10	1682
SEPHS1	1683
MRPL28	1684
HBQ1	1685
ITPKC	1686
CEACAM6	1687
FAT2	1688
RBM22	1689
TMED2	1690
ERO1B	1691
ZFAND6	1692
HSD17B2	1693
TXLNG	1694
PPEF1	1695
LAT2	1696
HUWE1	1697
ZW10	1698
ALG9	1699
MYBPC2	1700
NOX4	1701
ACOX3	1702
MTMR2	1703
PPP1R15A	1704
HSD17B14	1705
TRIP6	1706
ACHE	1707
FTL	1708
SRRT	1709
BAX	1710
NLK	1711
PIGS	1712
ADAMTS2	1713
TMPRSS11E	1714
ATXN7L3	1715
PGS1	1716
PSMC5	1717
UIMC1	1718
CETP	1719
MMP2	1720
MT3	1721
LPCAT2	1722
GNAO1	1723
OGFOD1	1724
SH3BP2	1725
NOP14	1726
ADD1	1727
L2HGDH	1728
TXNDC16	1729
RTRAF	1730
NID2	1731
GMCL1	1732
SF3B2	1733
KLHL42	1734
GNAS	1735
DNM1L	1736
PTHLH	1737
PHACTR3	1738
ERGIC2	1739
TFAP2C	1740
AURKA	1741
CASS4	1742
PIR	1743
AAMDC	1744
RFX2	1745
METTL2A	1746
SULT2B1	1747
ALG6	1748
CNOT3	1749
GP6	1750
PTPN4	1751
DDX18	1752
KHSRP	1753
GNA11	1754
ASAP3	1755
EDEM2	1756
DNMT3B	1757
REM1	1758
TPX2	1759
PDRG1	1760
EPB41L1	1761
SLC15A1	1762
DOCK9	1763
ANKRD10	1764
TGDS	1765
DOCK3	1766
C3orf18	1767
COQ9	1768
TMEM40	1769
KIF9	1770
ARHGAP28	1771
CRLS1	1772
PPP1R13B	1773
ATRN	1774
SMOX	1775
SIGLEC1	1776
FKBP1A	1777
NSFL1C	1778
SLC4A11	1779
DNAAF9	1780
ZNF343	1781
EBF4	1782
CPXM1	1783
MAVS	1784
LZTS3	1785
F11_ENSG00000088926	1786
XRN2	1787
KIZ	1788
DYNLL1	1789
TESC	1790
SNX5	1791
RPL6	1792
SIRPG	1793
MAPKAPK5	1794
P2RX7	1795
ESF1	1796
RBBP9	1797
ANAPC5	1798
SLC23A2	1799
SLC8B1	1800
TMEM230	1801
DZANK1	1802
KDM2B	1803
CFAP61	1804
LHX5	1805
TASP1	1806
OAS1	1807
GCN1	1808
RPLP0	1809
PXN	1810
SIRT4	1811
RPH3A	1812
KIF16B	1813
TRMT6	1814
CHGB	1815
PEBP1	1816
TBX5	1817
BRAP	1818
ERP29	1819
NOS1	1820
FUS	1821
IGBP1	1822
FXYD5	1823
ZNF302	1824
GRAMD1A	1825
FXYD3	1826
HEPH	1827
CDIP1	1828
CMTM1	1829
KCNH4	1830
GANAB	1831
GMIP	1832
RBM41	1833
BIRC5	1834
LAG3	1835
MLF2	1836
OTUB2	1837
DDX24	1838
ZBTB25	1839
NECAP1	1840
ARHGAP4	1841
ANKRD24	1842
DHX32	1843
RCOR1	1844
GPATCH2L	1845
LTBP4	1846
BLVRB	1847
SLC9A1	1848
SPTLC1	1849
PAPOLA	1850
CCNK	1851
PCBP4	1852
RGS1	1853
YPEL3	1854
MRPS33	1855
NDUFB2	1856
NUDC	1857
MAEA	1858
ICAM1	1859
STRN4	1860
IRAK3	1861
LYZ	1862
SI	1863
MUL1	1864
TFAP4	1865
PDCD7	1866
SPG21	1867
FETUB	1868
DNAJB11	1869
P3H2	1870
THPO	1871
CHRD	1872
FLT3LG	1873
RAB11FIP3	1874
GNPTG	1875
ZNF268	1876
GOLGA3	1877
PABPC4	1878
CD209	1879
CERS4	1880
MCOLN1	1881
USP48	1882
EFNB1	1883
PDPR	1884
AARS1	1885
GLG1	1886
KIF4A	1887
TNRC6A	1888
PLEKHG2	1889
DLL3	1890
NAT14	1891
PITPNM2	1892
EXOC1	1893
RBM27	1894
POU4F3	1895
OSBPL8	1896
DTX2	1897
NLRC4	1898
PUS7	1899
LAMB4	1900
NRCAM	1901
LAMB1	1902
SLC26A4	1903
SLC26A3	1904
DLD	1905
WDR7	1906
TXNL1	1907
IL5RA	1908
ABCC6	1909
CMTM6	1910
ITGA6	1911
RAPGEF4	1912
MAP3K20	1913
SMPX	1914
FH	1915
SEL1L3	1916
TF	1917
CDV3	1918
MYO15A	1919
ALKBH5	1920
APOH	1921
NLRP1	1922
PITPNM3	1923
SPAG7	1924
ORC6	1925
ZFHX4	1926
SLC17A6	1927
CPA1	1928
ZC3HC1	1929
ESR1	1930
RGS17	1931
ANGPT2	1932
TMEM101	1933
CD200	1934
CCDC80	1935
CMA1	1936
PSME1	1937
PPP2R3C	1938
HAUS4	1939
JPH4	1940
MYH7	1941
CEBPE	1942
SLC7A8	1943
OSGEP	1944
SLC22A17	1945
RNF31	1946
SCFD1	1947
G2E3	1948
HECTD1	1949
HNRNPC	1950
RPGRIP1	1951
SUPT16H	1952
TOX4	1953
GEMIN2	1954
TGM1	1955
TINF2	1956
DAZL	1957
TBL1Y	1958
SEMA6A	1959
TRPM7	1960
TYRO3	1961
WDR76	1962
CAPN3	1963
SNAP23	1964
TBX15	1965
PHGDH	1966
COL9A3	1967
EZR	1968
MYL6	1969
AGO1	1970
TEKT2	1971
CLSPN	1972
RFFL	1973
UNC13D	1974
MFSD11	1975
DPYSL2	1976
TGFB2	1977
GPATCH2	1978
NUP50	1979
CDC45	1980
COMT	1981
ADA2	1982
ECHDC1	1983
LRRFIP2	1984
SEC22C	1985
XYLB	1986
HDAC6	1987
OR1I1	1988
GABRP	1989
KRT31	1990
CDC6	1991
UPRT	1992
CDC23	1993
AAAS	1994
CBX5	1995
FMO2	1996
SUCO	1997
MSH2	1998
MAP3K1	1999
DHPS	2000
HOOK2	2001
NXPE1	2002
ARCN1	2003
EPB41L4B	2004
TMEM38B	2005
PSMD5	2006
PTGS1	2007
NUP188	2008
CRAT	2009
SH2D3C	2010
NANS	2011
TBC1D2	2012
WHRN	2013
PDE6C	2014
CWF19L1	2015
SEMA4G	2016
BTAF1	2017
IKZF5	2018
BLNK	2019
TLL2	2020
CYP26A1	2021
TDRD1	2022
SORBS1	2023
CRTAC1	2024
BAMBI	2025
IL11	2026
MYO3A	2027
WAC	2028
CREM	2029
NUBP2	2030
TPSD1	2031
SMIM24	2032
HIVEP1	2033
TREM2	2034
KCNK16	2035
CRISP3	2036
FKBP5	2037
SRPK1	2038
BRPF3	2039
MRPS18A	2040
PGC	2041
TMEM14A	2042
EFHC1	2043
NCR2	2044
HSP90AB1	2045
MLN	2046
CDC5L	2047
ITPR3	2048
ZNF184	2049
DSP	2050
SIRT1	2051
HNRNPH3	2052
IFT74	2053
JAK2	2054
IL12RB1	2055
ABL1	2056
ACOT7	2057
SH3GLB1	2058
CDC7	2059
SYDE2	2060
PCSK5	2061
SCD	2062
TMED1	2063
ABLIM1	2064
ERMP1	2065
RAB18	2066
NRP1	2067
PRTFDC1	2068
PALMD	2069
TSPAN15	2070
MACROH2A2	2071
WASHC2A	2072
MAST3	2073
MZF1	2074
OCEL1	2075
MYO9B	2076
KCNK6	2077
CATSPERG	2078
PSMD8	2079
FBXL19	2080
STX1B	2081
HSD3B7	2082
SETD1A	2083
BCL7C	2084
MAGEB2	2085
EFNA2	2086
CIRBP	2087
ATP5F1D	2088
CBARP	2089
PCDH11Y	2090
AMELY	2091
IGFALS	2092
HNRNPM	2093
MARCHF2	2094
NDUFB7	2095
TECR	2096
TIMM13	2097
CDC34	2098
MTAP	2099
MISP	2100
CEP170B	2101
POLR2E	2102
POLRMT	2103
HCN2	2104
CDHR5	2105
IZUMO4	2106
RASSF7	2107
GADD45B	2108
PALM	2109
MADCAM1	2110
MKNK2	2111
ARVCF	2112
TRMT2A	2113
RANBP1	2114
ZDHHC8	2115
KLHL22	2116
MED15	2117
SERPIND1	2118
SNAP29	2119
CRKL	2120
LZTR1	2121
MMP11	2122
CECR2	2123
SMARCB1	2124
P2RX6	2125
DERL3	2126
SLC7A4	2127
BCL2L13	2128
DDTL	2129
DDT	2130
OSM	2131
CABIN1	2132
TBC1D10A	2133
SUSD2	2134
SF3A1	2135
GGT5	2136
RNF215	2137
SEC14L2	2138
SEC14L3	2139
SPECC1L	2140
PPIL2	2141
UPB1	2142
YPEL1	2143
SNRPD3	2144
PES1	2145
MAPK1	2146
GGT1	2147
PRODH	2148
PPM1F	2149
SLC35E4	2150
TOP3B	2151
CRYBB3	2152
CYTH4	2153
ESS2	2154
MFNG	2155
CARD10	2156
SLC25A1	2157
GRK3	2158
PLA2G3	2159
LGALS2	2160
GGA1	2161
HIRA	2162
SH3BP1	2163
SEZ6L	2164
LGALS1	2165
HPS4	2166
PIK3IP1	2167
ENSG00000100101.15	2168
SRRD	2169
PATZ1	2170
TRIOBP	2171
TFIP11	2172
GCAT	2173
GGTLC2	2174
CRYBB1	2175
ANKRD54	2176
EIF3L	2177
SNU13	2178
MICALL1	2179
POLR2F	2180
SOX10	2181
CCDC134	2182
DEPDC5	2183
PICK1	2184
TTC28	2185
SLC16A8	2186
CENPM	2187
SEPTIN3	2188
SLC5A1	2189
SLC5A4	2190
KDELR3	2191
CYP2D6	2192
DDX17	2193
DMC1	2194
TCF20	2195
HSCB	2196
CBY1	2197
TOMM22	2198
RSPH14	2199
XBP1	2200
RTCB	2201
JOSD1	2202
FBXO7	2203
GTPBP1	2204
POLDIP3	2205
RAB36	2206
TIMP3	2207
PPP6R2	2208
SBF1	2209
SUN2	2210
CYB5R3	2211
DNAL4	2212
C22orf31	2213
MIOX	2214
LMF2	2215
RHBDD3	2216
PACSIN2	2217
TTLL1	2218
RASL10A	2219
AP1B1	2220
HMGXB4	2221
TOM1	2222
NEFH	2223
CHKB	2224
BIK	2225
HMOX1	2226
MCAT	2227
THOC5	2228
MCM5	2229
APOBEC3H	2230
ARSA	2231
TSPO	2232
RASD2	2233
TTLL12	2234
CBX7	2235
PDGFB	2236
ACR	2237
CABP7	2238
RPL3	2239
ZMAT5	2240
RBFOX2	2241
SYNGR1	2242
TAB1	2243
ASCC2	2244
MTMR3	2245
MIEF1	2246
APOL4	2247
PNPLA5	2248
APOL1	2249
PNPLA3	2250
MYH9	2251
CACNA1I	2252
SAMM50	2253
TXN2	2254
FOXRED2	2255
GRAP2	2256
EIF3D	2257
TNRC6B	2258
SGSM3	2259
IFT27	2260
PVALB	2261
KIAA0930	2262
NCF4	2263
CSF2RB	2264
SLC25A17	2265
UPK3A	2266
FAM118A	2267
KCTD17	2268
ST13	2269
IL2RB	2270
RBX1	2271
EP300	2272
L3MBTL2	2273
CHADL	2274
RANGAP1	2275
ZC3H7B	2276
PHF5A	2277
ACO2	2278
POLR3H	2279
TRMU	2280
PMM1	2281
DESI1	2282
CERK	2283
BRD1	2284
ZBED4	2285
MLC1	2286
HDAC10	2287
KCNK10	2288
ABHD4	2289
KHNYN	2290
FKBP3	2291
SDR39U1	2292
CTSG	2293
GZMH	2294
GZMB	2295
RBM23	2296
PRMT5	2297
COCH	2298
AP4S1	2299
POLE2	2300
VCPKMT	2301
SOS2	2302
CDKL1	2303
NIN	2304
PYGL	2305
TRIM9	2306
PSMC6	2307
GNPNAT1	2308
DDHD1	2309
CDKN3	2310
CNIH1	2311
CGRRF1	2312
ATP6V1D	2313
CCDC198	2314
PLEK2	2315
PIGH	2316
LRRC74A	2317
PSMA3	2318
VTI1B	2319
TIMM9	2320
GSTZ1	2321
KIAA0586	2322
TMED8	2323
SAMD15	2324
AHSA1	2325
DAAM1	2326
ISM2	2327
SPTLC2	2328
RIN3	2329
LGMN	2330
ALKBH1	2331
SNW1	2332
CHGA	2333
ITPK1	2334
DHRS7	2335
PPM1A	2336
SIX4	2337
GALNT16	2338
ASB2	2339
CEP128	2340
ERH	2341
HIF1A	2342
SUSD6	2343
SRSF5	2344
SLC10A1	2345
EIF5	2346
SERPINA4	2347
SLC8A3	2348
DICER1	2349
ZFYVE21	2350
MTHFD1	2351
TCL1A	2352
ZC3H14	2353
TELO2	2354
PCNX1	2355
BDKRB1	2356
GSKIP	2357
VRK1	2358
PSMC1	2359
PAPLN	2360
RPS6KA5	2361
PPP4R3A	2362
C14orf93	2363
PSMB5	2364
YY1	2365
ACIN1	2366
CCNB1IP1	2367
TRIP11	2368
APEX1	2369
PABPN1	2370
EFS	2371
ARHGAP5	2372
CINP	2373
DHRS2	2374
SRP54	2375
CPNE6	2376
CHD8	2377
PCK2	2378
PRORP	2379
DCAF11	2380
PSMA6	2381
NFKBIA	2382
EMC9	2383
PSME2	2384
BRMS1L	2385
REC8	2386
TM9SF1	2387
SEC23A	2388
GMPR2	2389
PNN	2390
RABGGTA	2391
NFATC4	2392
PLTP	2393
PCIF1	2394
GSS	2395
MMP9	2396
VSX1	2397
TRPC4AP	2398
PYGB	2399
ABHD12	2400
PROCR	2401
GINS1	2402
NINL	2403
CD40	2404
UQCC1	2405
ZMYND8	2406
SGK2	2407
IFT52	2408
MYBL2	2409
R3HDML	2410
HNF4A	2411
NDRG3	2412
SLA2	2413
RAB5IF	2414
NFATC2	2415
RIMS4	2416
PABPC1L	2417
STK4	2418
SALL4	2419
ADNP	2420
PFDN4	2421
DOK5	2422
CSTF1	2423
BMP7	2424
RAE1	2425
TPD52L2	2426
DNAJC5	2427
NELFCD	2428
CTSZ	2429
PRPF6	2430
TUBB1	2431
PRELID3B	2432
HRH3	2433
MTG2	2434
PSMA7	2435
SLCO4A1	2436
NTSR1	2437
MRGBP	2438
TCFL5	2439
DIDO1	2440
GID8	2441
SLC17A9	2442
BIRC7	2443
NKAIN4	2444
ARFGAP1	2445
AVP	2446
COL20A1	2447
CHRNA4	2448
EEF1A2	2449
PTK6	2450
GMEB2	2451
ADISSP	2452
SPEF1	2453
CDC25B	2454
ISM1	2455
RNF24	2456
ARFRP1	2457
NDUFAF5	2458
SEL1L2	2459
TRIB3	2460
RASSF2	2461
CSNK2A1	2462
SLC52A3	2463
ANGPT4	2464
RSPO4	2465
CDS2	2466
PROKR2	2467
HM13	2468
SNPH	2469
MYLK2	2470
SIRPB1	2471
SEC23B	2472
FERMT1	2473
HAO1	2474
PDYN	2475
CCM2L	2476
PLCB4	2477
MYL9	2478
HCK	2479
TM9SF4	2480
TLDC2	2481
CRNKL1	2482
POFUT1	2483
SAMHD1	2484
PAK5	2485
KIF3B	2486
MROH8	2487
NOP56	2488
MANBAL	2489
IDH3B	2490
MAPRE1	2491
JAG1	2492
CDK5RAP1	2493
SNTA1	2494
OXT	2495
TTI1	2496
E2F1	2497
RPRD1B	2498
PXMP4	2499
CHMP4B	2500
BPI	2501
CST9L	2502
SLC32A1	2503
CST3	2504
ASIP	2505
CST4	2506
ACTR5	2507
WFDC2	2508
AHCY	2509
PPP1R16B	2510
SPINT3	2511
FAM83D	2512
EPPIN	2513
DHX35	2514
DNTTIP1	2515
MAP1LC3A	2516
SYNDIG1	2517
PIGU	2518
TNNC2	2519
ACOT8	2520
APMAP	2521
CELF4	2522
ZNF516	2523
CDH20	2524
ADNP2	2525
RBFA	2526
USP14	2527
VAPA	2528
METTL4	2529
LPIN2	2530
SMCHD1	2531
MYOM1	2532
MYL12A	2533
CEP76	2534
ST8SIA5	2535
CEP192	2536
RNMT	2537
SMAD7	2538
LIPG	2539
LAMA1	2540
RNF125	2541
ANKRD12	2542
NOL4	2543
POLI	2544
MIB1	2545
RBBP8	2546
RIOK3	2547
CSTF2	2548
H2BW2	2549
MXRA5	2550
VSIG1	2551
PSMD10	2552
ATG4A	2553
STS	2554
TBL1X	2555
GPR143	2556
PGRMC1	2557
POLA1	2558
MID1	2559
NKAP	2560
RHOXF1	2561
NXT2	2562
GUCY2F	2563
ATP1B4	2564
ALG13	2565
PRPS2	2566
TLR8	2567
MOSPD1	2568
AMMECR1	2569
CHRDL1	2570
WDR13	2571
SUV39H1	2572
PAGE4	2573
SRPX	2574
GLRA2	2575
XIAP	2576
STAG2	2577
ATP11C	2578
MCF2	2579
F9_ENSG00000101981	2580
ABCD1	2581
CCDC22	2582
CACNA1F	2583
SYP	2584
PLP2	2585
BMX	2586
LUZP4	2587
PLS3	2588
NAA10	2589
RENBP	2590
ELF4	2591
SMARCA1	2592
MTMR8	2593
ASB9	2594
ZC3H12B	2595
RBBP7	2596
PPP1R2C	2597
KCND1	2598
OPN1LW	2599
SLC25A14	2600
FMR1	2601
PIM2	2602
SCML2	2603
SLC35A2	2604
PQBP1	2605
RS1	2606
PCSK1N	2607
EMD	2608
TAFAZZIN	2609
RAB40AL	2610
PGK1	2611
GATA1	2612
MAGT1	2613
SMS	2614
PHEX	2615
UBL4A	2616
CD99L2	2617
EEA1	2618
RP2	2619
JADE3	2620
CDK16	2621
USP11	2622
PCYT1B	2623
BRS3	2624
HTATSF1	2625
VGLL1	2626
CD40LG	2627
TIMP1	2628
KLHL4	2629
GABRE	2630
PCDH11X	2631
FGD1	2632
PIN4	2633
PORCN	2634
ITIH6	2635
MAGED2	2636
RBM3	2637
KLF8	2638
SRPX2	2639
SYTL4	2640
ZDHHC15	2641
CENPI	2642
DRP2	2643
TAF7L	2644
PBDC1	2645
GLA	2646
ARMCX3	2647
BEX4	2648
RUBCNL	2649
NALCN	2650
FGF14	2651
HTR2A	2652
NDFIP2	2653
TNFSF13B	2654
FNDC3A	2655
MLNR	2656
CDADC1	2657
CAB39L	2658
KLF5	2659
STK24	2660
ACP5	2661
DNAJC3	2662
UGGT2	2663
ARHGEF7	2664
FGF9	2665
SGCG	2666
PARP4	2667
SUPT20H	2668
MRPS31	2669
SLC25A15	2670
KPNA3	2671
FLT1	2672
RGCC	2673
VWA8	2674
DGKH	2675
KATNAL1	2676
INTS6	2677
ACOD1	2678
DHRS12	2679
MEDAG	2680
TSC22D1	2681
CLN5	2682
OLFM4	2683
MSLN	2684
MGRN1	2685
ZNF629	2686
TRADD	2687
HSF4	2688
CORO1A	2689
MAPK3	2690
GDPD3	2691
ELMO3	2692
MT4	2693
PHKB	2694
LYRM1	2695
NUTF2	2696
NUP93	2697
CENPT	2698
TSNAXIP1	2699
NFAT5	2700
LONP2	2701
N4BP1	2702
CBLN1	2703
ARL2BP	2704
PLLP	2705
ZNF423	2706
CCL22	2707
DHODH	2708
CCL17	2709
CTCF	2710
ACD	2711
POLR2C	2712
PARD6A	2713
ZNF821	2714
MMP15	2715
USB1	2716
CYB5B	2717
CCDC113	2718
PRSS54	2719
NME3	2720
NDRG4	2721
PSMD7	2722
SETD6	2723
SLC38A7	2724
VAC14	2725
HAS3	2726
TANGO6	2727
COG4	2728
SMPD3	2729
SLC7A6OS	2730
SLC7A6	2731
PLA2G15	2732
ESRP2	2733
FA2H	2734
WDR59	2735
MON1B	2736
CMC2	2737
AXIN1	2738
HCFC1R1	2739
NPRL3	2740
MLYCD	2741
MPG	2742
NECAB2	2743
HSDL1	2744
TAF1C	2745
NAGPA	2746
WFDC1	2747
SEC14L5	2748
COTL1	2749
USP10	2750
CRISPLD2	2751
TSC2	2752
ZNF500	2753
NME4	2754
ABCC1	2755
NOMO3	2756
LMF1	2757
FOXF1	2758
CIAO3	2759
MTHFSD	2760
CLCN7	2761
HAGHL	2762
ANTKMT	2763
SLC7A5	2764
METRN	2765
FBXO31	2766
STUB1	2767
RHBDL1	2768
NUBP1	2769
UBE2I	2770
ZP2	2771
MEFV	2772
CRYM	2773
EEF2K	2774
CAPN15	2775
PIEZO1	2776
GSPT1	2777
ZNF174	2778
CLUAP1	2779
UBFD1	2780
PRSS33	2781
EARS2	2782
ELOB	2783
GGA2	2784
AQP8	2785
CPPED1	2786
USP31	2787
HMOX2	2788
DNAJA3	2789
CORO7-PAM16	2790
BFAR	2791
SALL1	2792
TOX3	2793
RBL2	2794
QPRT	2795
XYLT1	2796
PYCARD	2797
RPGRIP1L	2798
MAZ	2799
STX4	2800
CDIPT	2801
BCKDK	2802
KAT8	2803
NOMO1	2804
IL21R	2805
SYT17	2806
TMC5	2807
CCP110	2808
VPS35L	2809
SLC6A2	2810
RNF40	2811
KNOP1	2812
AQP9	2813
AAGAB	2814
IQCH	2815
LACTB	2816
CORO2B	2817
CSK	2818
HERC1	2819
TRIP4	2820
MTFMT	2821
RASL12	2822
AP3B2	2823
ACSBG1	2824
IGDCC4	2825
RAB11A	2826
CTSH	2827
TTC23	2828
CD276	2829
FAH	2830
CEMIP	2831
RPAP1	2832
HOMER2	2833
EHD4	2834
TMEM87A	2835
ZNF106	2836
CEP152	2837
ATP8B4	2838
OCA2	2839
DTWD1	2840
TGM5	2841
ENTREP2	2842
GABPB1	2843
TJP1	2844
BMF	2845
DMXL2	2846
SCG3	2847
DNAJC17	2848
EIF3J	2849
SPG11	2850
RHOV	2851
VPS18	2852
OIP5	2853
SLC30A4	2854
BLOC1S6	2855
MYEF2	2856
SGK3	2857
PDGFRL	2858
CSPP1	2859
ZDHHC2	2860
BRF2	2861
TRIM35	2862
ZFAND1	2863
RP1	2864
CA2	2865
FZD3	2866
INTS9	2867
RIPK2	2868
EYA1	2869
NBN	2870
TRPA1	2871
CPQ	2872
DECR1	2873
CALB1	2874
BPNT2	2875
SFRP1	2876
LAPTM4B	2877
UBE2W	2878
POP1	2879
NIPAL2	2880
IKBKB	2881
PLAT	2882
JPH1	2883
DKK4	2884
STK3	2885
GDAP1	2886
RAB2A	2887
EIF3E	2888
EMC2	2889
ESRP1	2890
CCN4	2891
NDRG1	2892
ZC2HC1A	2893
IL7	2894
STMN2	2895
ARMC1	2896
TRPS1	2897
SPAG1	2898
CHRAC1	2899
NCALD	2900
SNX16	2901
GML	2902
UBR5	2903
GSDMD	2904
GFUS	2905
PYCR3	2906
EEF1D	2907
ANXA13	2908
SQLE	2909
SH2D4A	2910
INTS10	2911
ERI1	2912
SLC39A14	2913
MTMR9	2914
LEPROTL1	2915
DCTN6	2916
R3HCC1	2917
GSR	2918
TNFRSF10A	2919
UBXN8	2920
PPP2CB	2921
ERICH1	2922
NEFM	2923
TUSC3	2924
ARHGEF10	2925
KLHDC4	2926
MCM4	2927
ADAM2	2928
KCTD9	2929
FGL1	2930
ASAH1	2931
BNIP3L	2932
MAN2B1	2933
KCNN4	2934
TULP2	2935
NUCB1	2936
DHDH	2937
GYS1	2938
MAP4K1	2939
ECH1	2940
HNRNPL	2941
NFKBIB	2942
LHB	2943
TUBB4A	2944
SARS2	2945
KCNA7	2946
SNRNP70	2947
CLPTM1	2948
RELB	2949
CLASRP	2950
LIN7B	2951
PPP1R37	2952
FCGRT	2953
PIH1D1	2954
CKM	2955
ARHGEF18	2956
PPP1R13L	2957
PEX11G	2958
ERCC2	2959
DOT1L	2960
PLEKHJ1	2961
SLC17A7	2962
RNASEH2A	2963
KLC3	2964
CD37	2965
SF3A2	2966
AMH	2967
DKKL1	2968
LYL1	2969
OAZ1	2970
TRMT1	2971
STX10	2972
RETN	2973
FCER2	2974
DMPK	2975
CLEC4M	2976
RSPH6A	2977
TBC1D17	2978
IL4I1	2979
TLE6	2980
YJU2B	2981
PTOV1	2982
TLE5	2983
NOVA2	2984
SGTA	2985
LILRB1	2986
MED25	2987
LILRA1	2988
SNAPC2	2989
C19orf53	2990
TIMM44	2991
CCDC61	2992
IL27RA	2993
ASF1B	2994
TNNT1	2995
VRK3	2996
FAM32A	2997
PPP6R1	2998
C19orf44	2999
MED26	3000
OLFM2	3001
RASAL3	3002
AKAP8	3003
EPHX3	3004
ILVBL	3005
ZNF419	3006
SYDE1	3007
CASP14	3008
SLC1A6	3009
AURKC	3010
POP4	3011
CCNE1	3012
URI1	3013
PDCD5	3014
ANKRD27	3015
RPS16	3016
TIMM50	3017
LGALS13	3018
FBL	3019
DYRK1B	3020
CLC	3021
CCNP	3022
GPI	3023
AKT2	3024
PLD3	3025
PRX	3026
PIAS4	3027
NUMBL	3028
EBI3	3029
YJU2	3030
SHD	3031
TBCB	3032
FSD1	3033
POLR2I	3034
OVOL3	3035
CLIP3	3036
ZFR2	3037
SLC1A5	3038
PRKD2	3039
TJP3	3040
APLP1	3041
CACTIN	3042
CCDC9	3043
HNRNPUL1	3044
FZR1	3045
BBC3	3046
TGFB1	3047
DENND3	3048
DMAC2	3049
CEACAM4	3050
PLIN3	3051
MYH14	3052
MRPL4	3053
SIGLEC8	3054
CD79A	3055
LIM2	3056
ICAM4	3057
RPS19	3058
NOP53	3059
NKG7	3060
ICAM5	3061
ETFB	3062
CD33	3063
CEACAM5	3064
CRX	3065
BABAM1	3066
TYK2	3067
SULT2A1	3068
CDC37	3069
NAPA	3070
RABAC1	3071
ATP1A3	3072
MEIS3	3073
PTPRS	3074
CNFN	3075
ZNRF4	3076
MEGF8	3077
KDELR1	3078
CYTH2	3079
GRWD1	3080
GRIN2D	3081
SYNGR4	3082
CLEC11A	3083
ODAD1	3084
CARD8	3085
LIG1	3086
SIGLEC6	3087
ZNF175	3088
PLA2G4C	3089
CABP5	3090
HAS1	3091
RAB3D	3092
DBP	3093
TMEM205	3094
CAPS	3095
PLPPR2	3096
FAM83E	3097
RASIP1	3098
THEG	3099
FGF21	3100
BCAT2	3101
MIER2	3102
PLEKHA4	3103
PPP2R1A	3104
TNPO2	3105
WDR83OS	3106
CACNG7	3107
GCDH	3108
LILRB5	3109
KLF1	3110
DNASE2	3111
MAST1	3112
LENG1	3113
PRPF31	3114
TFPT	3115
JAK3	3116
RPL18A	3117
SLC5A5	3118
KCNN1	3119
ARRDC2	3120
PIK3R2	3121
RAB3A	3122
PDE4C	3123
ISYNA1	3124
ELL	3125
CRTC1	3126
COMP	3127
UPK1A	3128
COPE	3129
DDX49	3130
ETV2	3131
ATP4A	3132
ARMC6	3133
TMEM147	3134
GAPDHS	3135
MAG	3136
TMEM59L	3137
HAMP	3138
USF2	3139
LSR	3140
KXD1	3141
FKBP8	3142
SUGP1	3143
HPN	3144
ZNF14	3145
SCN1B	3146
PBX4	3147
ERF	3148
GSK3A	3149
ATP13A1	3150
ZNF574	3151
GRIK5	3152
SIPA1L3	3153
ZNF85	3154
ETHE1	3155
CADM4	3156
SMG9	3157
AVL9	3158
RUNDC3B	3159
CFAP69	3160
GTPBP10	3161
RASA4	3162
CDK6	3163
PMPCB	3164
DNAJC2	3165
TFPI2	3166
BET1	3167
NAMPT	3168
POLR1F	3169
PIK3CG	3170
PON3	3171
PON2	3172
ITGB8	3173
HBP1	3174
DUS4L	3175
SP4	3176
WDR91	3177
DNAH11	3178
CBLL1	3179
DLX5	3180
MTPN	3181
STEAP1B	3182
PTN	3183
PALS2	3184
GSDME	3185
ATP6V0A4	3186
ZC3HAV1	3187
TTC26	3188
OGDH	3189
NPVF	3190
ADAP1	3191
TFEC	3192
H2AZ2	3193
CAV2	3194
CAV1	3195
MET	3196
RNF32	3197
LMBR1	3198
WNT2	3199
HOXA1	3200
DNAJB6	3201
HOXA2	3202
HOXA3	3203
LFNG	3204
HOXA5	3205
HOXA6	3206
BRAT1	3207
IQCE	3208
ANKRD7	3209
VIPR2	3210
TSPAN12	3211
SSBP1	3212
HOXA13	3213
CPED1	3214
EVX1	3215
HIBADH	3216
TAX1BP1	3217
CPVL	3218
CHN2	3219
GRB10	3220
ABHD11	3221
COBL	3222
FKBP14	3223
PLEKHA8	3224
STX1A	3225
NOD1	3226
GARS1	3227
CRHR2	3228
EPHB6	3229
MINDY4	3230
GHRHR	3231
CASP2	3232
CHCHD2	3233
CCL24	3234
HSPB1	3235
NPTX2	3236
PDAP1	3237
BUD31	3238
PTCD1	3239
CYP3A5	3240
ZKSCAN1	3241
EIF3B	3242
SNX8	3243
NUDT1	3244
PTPRZ1	3245
TAF6	3246
WASL	3247
HYAL4	3248
SPAM1	3249
AIMP2	3250
TFR2	3251
FSCN3	3252
MOSPD3	3253
PAX4	3254
PCOLCE	3255
FBXO24	3256
PPP1R17	3257
RBM28	3258
USP42	3259
IMPDH1	3260
AGFG2	3261
LSM5	3262
SERPINE1	3263
AP1S1	3264
MOGAT3	3265
C1GALT1	3266
PLOD3	3267
RPA3	3268
ZNHIT1	3269
CLDN15	3270
NOBOX	3271
GLCCI1	3272
MYL10	3273
PHF14	3274
NRF1	3275
TMEM106B	3276
EZH2	3277
CEP41	3278
ZNF862	3279
SFRP4	3280
MEST	3281
MEOX2	3282
ANKMY2	3283
ACTR3C	3284
POU6F2	3285
TSPAN13	3286
RARRES2	3287
AGR2	3288
AHR	3289
CHCHD3	3290
GIMAP2	3291
TMEM176B	3292
GLI3	3293
PSMA2	3294
MRPL32	3295
COA1	3296
BLVRA	3297
URGCP	3298
TMEM248	3299
RHEB	3300
PRKAG2	3301
AEBP1	3302
POLD2	3303
MYL7	3304
GCK	3305
BCL7B	3306
YKT6	3307
TBL2	3308
GALNTL5	3309
CLIP2	3310
EIF4H	3311
LIMK1	3312
SPATA6L	3313
SLC1A1	3314
LHX2	3315
FKTN	3316
FSD1L	3317
CNTNAP3	3318
SPIN1	3319
NMRK1	3320
TMEM245	3321
PRUNE2	3322
MEGF9	3323
TRIM14	3324
CORO2A	3325
TGFBR1	3326
SEC61B	3327
C5	3328
OGN	3329
ASPN	3330
ECM2	3331
TLE4	3332
LHX6	3333
PTGR1	3334
SUSD1	3335
AMBP	3336
AKNA	3337
TNFSF8	3338
DNM1	3339
ENG	3340
AK1	3341
CDC37L1	3342
RLN2	3343
RLN1	3344
PLGRKT	3345
TBC1D13	3346
RIC1	3347
KDM4C	3348
DOCK8	3349
KANK1	3350
ELAVL2	3351
NCS1	3352
TESK1	3353
KCNT1	3354
CA9	3355
FUBP3	3356
TYRP1	3357
CREB3	3358
RGP1	3359
MPDZ	3360
LHX3	3361
RIGI	3362
EDF1	3363
PIP5K1B	3364
GLIS3	3365
BAG1	3366
RAPGEF1	3367
NPDC1	3368
APBA1	3369
SETX	3370
SH3GL2	3371
PTGDS	3372
ABCA2	3373
SHB	3374
UBE2R2	3375
ABHD17B	3376
EXOSC3	3377
ZFAND5	3378
DVL1	3379
PDLIM1	3380
CCNJ	3381
DNTT	3382
GATA3	3383
ATRNL1	3384
HPS1	3385
PHYH	3386
RASSF4	3387
DNMBP	3388
RAB11FIP2	3389
CXCL12	3390
ERLIN1	3391
EIF3A	3392
PKD2L1	3393
CUBN	3394
TRDMT1	3395
DDX50	3396
MAPK8	3397
SEC23IP	3398
ATE1	3399
NSMCE4A	3400
PLEKHA1	3401
PALD1	3402
UNC5B	3403
CDH23	3404
VSIR	3405
SPOCK2	3406
MICU1	3407
PPP3CB	3408
CCSER2	3409
BMPR1A	3410
MINPP1	3411
ACTA2	3412
LIPA	3413
TLX1	3414
TWNK	3415
LZTS2	3416
SFXN3	3417
KAZALD1	3418
FBXW4	3419
FGF8	3420
NPM3	3421
TNKS2	3422
PITX3	3423
GBF1	3424
ARHGAP21	3425
CPEB3	3426
FBXL15	3427
CUEDC2	3428
SUFU	3429
ANKRD26	3430
ACBD5	3431
LHPP	3432
LARP4B	3433
GTPBP4	3434
EDRF1	3435
BCCIP	3436
MTPAP	3437
NEURL1	3438
SH3PXD2A	3439
PITRM1	3440
STN1	3441
MAP3K8	3442
DKK1	3443
EBF3	3444
GLRX3	3445
SORCS1	3446
TASOR2	3447
XPNPEP1	3448
SMC3	3449
SHOC2	3450
TFAM	3451
CCDC6	3452
CUL2	3453
CCNY	3454
UBE2S	3455
RPL28	3456
ZMIZ1	3457
DNAJC12	3458
PPIF	3459
PBLD	3460
TSPAN14	3461
LGI1	3462
TBC1D12	3463
CYP2C18	3464
KRT23	3465
CRYBA1	3466
NUFIP2	3467
GIT1	3468
RPL19	3469
FBXL20	3470
RUNDC3A	3471
UBTF	3472
CSF3	3473
PSMD3	3474
CASC3	3475
RAPGEFL1	3476
RGS9	3477
RNF43	3478
WNT3	3479
ASPA	3480
RAD51C	3481
SEPTIN4	3482
MTMR4	3483
TRIM37	3484
P2RX1	3485
DHX40	3486
KRT37	3487
TUBD1	3488
KPNB1	3489
GOSR2	3490
PNPO	3491
RPS6KB1	3492
CDK5RAP3	3493
CBX1	3494
RECQL5	3495
PIGL	3496
GALK1	3497
INTS2	3498
CAMTA2	3499
MED13	3500
HOXB6	3501
ENO3	3502
PFN1	3503
RNF167	3504
SLC25A11	3505
RASD1	3506
CHRNE	3507
RAI1	3508
NUP88	3509
C1QBP	3510
SLC6A4	3511
BLMH	3512
CPD	3513
GOSR1	3514
CCDC47	3515
MED31	3516
DRG2	3517
FTSJ3	3518
AKAP10	3519
ALDH3A1	3520
SMARCD2	3521
ICAM2	3522
SYNGR2	3523
B9D1	3524
UTP6	3525
DDX5	3526
C17orf75	3527
CYTH1	3528
PSMD11	3529
LGALS3BP	3530
ASIC2	3531
CCL7	3532
CCL2	3533
CCL8	3534
CCL1	3535
PEX12	3536
KRT32	3537
DHX58	3538
KAT2A	3539
RAB5C	3540
NAGLU	3541
HSD17B1	3542
MLX	3543
CNTNAP1	3544
ABI3	3545
EZH1	3546
DLX4	3547
PPP1R9B	3548
COL1A1	3549
SGCA	3550
PTGES3L-AARSD1	3551
MRPL27	3552
VAT1	3553
LRRC59	3554
RND2	3555
ALOX12	3556
HDAC5	3557
ABCC3	3558
LUC7L3	3559
PPY	3560
MPP2	3561
SMURF2	3562
DUSP3	3563
CACNG1	3564
EFTUD2	3565
HLF	3566
SLC16A6	3567
PRKAR1A	3568
EFNB3	3569
FAM20A	3570
YWHAE	3571
MMD	3572
RANGRF	3573
DPH1	3574
MAP2K6	3575
DHRS7B	3576
WSB1	3577
RCVRN	3578
MYH1	3579
NHERF1	3580
MYH3	3581
NAT9	3582
TMEM104	3583
VTN	3584
TNFAIP1	3585
IFT20	3586
TMEM97	3587
CDR2L	3588
PMP22	3589
FOXN1	3590
UNC119	3591
ALDOC	3592
SUPT6H	3593
RAB34	3594
PHF12	3595
PHOX2B	3596
TMEM33	3597
GABRA4	3598
GNRHR	3599
SLAIN2	3600
OCIAD1	3601
UGT2B10	3602
CWH43	3603
DCUN1D4	3604
USP46	3605
SULT1E1	3606
ODAM	3607
SMR3A	3608
CHIC2	3609
NMU	3610
CRACD	3611
LAMTOR3	3612
PF4V1	3613
NFKB1	3614
AREG	3615
MANBA	3616
UBE2D3	3617
MAPK10	3618
ELF2	3619
NDUFC1	3620
UCP1	3621
TBC1D9	3622
ZNF330	3623
INPP4B	3624
GAB1	3625
KLHL2	3626
IL2	3627
CPE	3628
RPL34	3629
WFS1	3630
ANXA10	3631
GRPEL1	3632
GAR1	3633
FRG1	3634
CLCN3	3635
AADAT	3636
GALNT7	3637
DHX15	3638
SOD3	3639
SEPSECS	3640
CPZ	3641
TRIM2	3642
SLC2A9	3643
FBXW7	3644
NEIL3	3645
TBC1D19	3646
CLNK	3647
NSD2	3648
SH3D19	3649
STIM2	3650
NKX3-2	3651
MFSD10	3652
GLRB	3653
BST1	3654
RAPGEF2	3655
HGFAC	3656
SNX25	3657
LRP2BP	3658
UFSP2	3659
KLF3	3660
KLHL5	3661
FAM149A	3662
NCAPG	3663
UGDH	3664
PPARGC1A	3665
DDX25	3666
CRYAB	3667
DBX1	3668
HTATIP2	3669
CTSC	3670
CCDC34	3671
ZBTB16	3672
ELP4	3673
ZPR1	3674
MTCH2	3675
FNBP4	3676
TECTA	3677
SC5D	3678
CRTAM	3679
JHY	3680
B3GAT1	3681
HSPA8	3682
P2RX3	3683
VWA5A	3684
DNAJC4	3685
SIAE	3686
SNX15	3687
LPXN	3688
DTX4	3689
ATG2A	3690
EHD1	3691
OSBP	3692
UNC93B1	3693
PUS3	3694
DCPS	3695
KMT5B	3696
FOXRED1	3697
PPP6R3	3698
NRXN2	3699
MS4A6A	3700
MS4A4A	3701
ST3GAL4	3702
CPT1A	3703
CCND1	3704
CCDC86	3705
PRPF19	3706
TMEM109	3707
CCKBR	3708
HPX	3709
TRIM3	3710
CHORDC1	3711
FOLR1	3712
ANAPC15	3713
FOLR3	3714
PANX1	3715
ARHGEF17	3716
APOA5	3717
APOA4	3718
APOC3	3719
CEP164	3720
RNF141	3721
CEP126	3722
EIF4G2	3723
IL10RA	3724
GALNT18	3725
BIRC2	3726
UBE4A	3727
DDX6	3728
UPK2	3729
CBL	3730
NECTIN1	3731
HIPK3	3732
KIAA1549L	3733
FBXO3	3734
PDHX	3735
SLC1A2	3736
COMMD9	3737
SLC15A3	3738
CD5	3739
ACCS	3740
SCGB2A2	3741
MDK	3742
AMBRA1	3743
MADD	3744
PTPMT1	3745
NAA40	3746
CARS1	3747
SLC22A18	3748
CD81	3749
SLC35F2	3750
C11orf21	3751
ELMOD1	3752
CALCA	3753
SOX6	3754
C11orf58	3755
PITPNM1	3756
RPS13	3757
AIP	3758
NUP98	3759
NDUFS8	3760
TCIRG1	3761
CHKA	3762
EXPH5	3763
HPS5	3764
GTF2H1	3765
POU2AF1	3766
PTPN5	3767
VWF	3768
PSMD9	3769
P3H3	3770
PPFIBP1	3771
PRPF40B	3772
CD69	3773
PRDM4	3774
CLEC2B	3775
COQ5	3776
SELPLG	3777
CORO1C	3778
ASIC1	3779
DAO	3780
CAPRIN2	3781
TSPAN11	3782
KCTD10	3783
SLC11A2	3784
MLEC	3785
MVK	3786
CSRNP2	3787
CAMKK2	3788
BIN2	3789
IL23A	3790
ATP5F1B	3791
PTGES3	3792
SYT10	3793
BCL7A	3794
RSRC2	3795
CYP27B1	3796
MYF6	3797
MYF5	3798
LIN7A	3799
KRT18	3800
ACSS3	3801
TNS2	3802
GLI1	3803
PPM1H	3804
METAP2	3805
LTA4H	3806
ELK3	3807
SLC6A12	3808
WNT5B	3809
MAGOHB	3810
TRPV4	3811
ITFG2	3812
FOXM1	3813
PRR4	3814
PRMT8	3815
PARP11	3816
ARPC3	3817
GPN3	3818
VPS29	3819
FGF6	3820
MYL2	3821
RAD51AP1	3822
CUX2	3823
SH2B3	3824
AKAP3	3825
MANSC1	3826
KCNA1	3827
DUSP16	3828
CREBL2	3829
ACAD10	3830
ALDH2	3831
CDKN1B	3832
GPRC5D	3833
NAA25	3834
GSG1	3835
SCNN1A	3836
LTBR	3837
OGFOD2	3838
CDK2AP1	3839
OAS3	3840
OAS2	3841
ART4	3842
MGP	3843
RASAL1	3844
ARHGDIB	3845
GTF2H3	3846
EIF2B1	3847
DDX55	3848
SLC38A1	3849
RERGL	3850
ENDOU	3851
SPRING1	3852
VDR	3853
FZD10	3854
RFC5	3855
STX2	3856
ADGRD1	3857
COPZ1	3858
TBC1D30	3859
CAND1	3860
IL26	3861
IFNG	3862
RAB5B	3863
MDM1	3864
NUP107	3865
CNOT2	3866
TIMELESS	3867
CPSF6	3868
KRR1	3869
MRPL51	3870
GAPDH	3871
NOP2	3872
CHD4	3873
ACRBP	3874
BLTP3B	3875
COPS7A	3876
ING4	3877
GNB3	3878
CDCA3	3879
CHPT1	3880
USP5	3881
TPI1	3882
GNPTAB	3883
SPSB2	3884
ENO2	3885
ATN1	3886
C12orf57	3887
PTPN6	3888
LPCAT3	3889
NT5DC3	3890
SLCO1B3	3891
APOBEC1	3892
NANOG	3893
SUDS3	3894
GOLT1B	3895
GYS2	3896
LDHB	3897
PRKAB1	3898
CMAS	3899
HCFC2	3900
ST8SIA1	3901
CLEC4A	3902
C2CD5	3903
AICDA	3904
RAB35	3905
PHC1	3906
COX6A1	3907
ENSG00000111780.8	3908
RFX4	3909
RIC8B	3910
SRSF9	3911
FGFR1OP2	3912
KLRB1	3913
COL12A1	3914
BTN3A3	3915
TDP2	3916
FRK	3917
DSE	3918
RWDD1	3919
RSPH4A	3920
MAK	3921
TMEM14C	3922
PAK1IP1	3923
GCNT2	3924
SMIM8	3925
NEDD9	3926
CEP85L	3927
ADTRP	3928
ASF1A	3929
MCM9	3930
FAM184A	3931
RNGTT	3932
MAN1A1	3933
GABRR2	3934
SERINC1	3935
HDDC2	3936
TPD52L1	3937
HINT3	3938
NCOA7	3939
RIPOR2	3940
SASH1	3941
UST	3942
ULBP1	3943
FBXO5	3944
MTRF1L	3945
PPARD	3946
OPRM1	3947
FANCE	3948
TULP1	3949
SLC26A8	3950
MAPK14	3951
RHAG	3952
KCTD20	3953
STK38	3954
SRSF3	3955
SOD2	3956
MRPL18	3957
IL17A	3958
IL17F	3959
MCM3	3960
RNF8	3961
PHACTR1	3962
MDGA1	3963
CILK1	3964
FBXO9	3965
CD83	3966
MDN1	3967
GLP1R	3968
SAYSD1	3969
BMP5	3970
BACH2	3971
RBM24	3972
CAP2	3973
TREML2	3974
ZNF451	3975
BAG2	3976
RAB23	3977
TSPO2	3978
FHL5	3979
GPR63	3980
KHDRBS2	3981
FBXL4	3982
CCNC	3983
PRDM13	3984
E2F3	3985
PTP4A1	3986
SIM1	3987
ASCC3	3988
HDGFL1	3989
BVES	3990
COL9A1	3991
MED23	3992
WASF1	3993
GPLD1	3994
ALDH5A1	3995
CRYBG1	3996
VNN1	3997
VNN2	3998
ACOT13	3999
SMAP1	4000
RPS12	4001
C6orf62	4002
B3GAT2	4003
GMNN	4004
EYA4	4005
SOBP	4006
NR2E1	4007
SNX3	4008
SLC17A2	4009
HBS1L	4010
TRIM38	4011
PEX7	4012
ZBTB24	4013
FIG4	4014
PERP	4015
ARFGEF3	4016
SLC16A10	4017
HECA	4018
ADGRG6	4019
PHACTR2	4020
EPM2A	4021
SLC39A7	4022
CCR6	4023
UNC93A	4024
SLC22A2	4025
PHF1	4026
CUTA	4027
PACRG	4028
QKI	4029
C6orf118	4030
PDE10A	4031
MDFI	4032
TFEB	4033
SMOC2	4034
CCND3	4035
BYSL	4036
FAM120B	4037
TBP	4038
GUCA1B	4039
PRPH2	4040
BICRAL	4041
PPP2R5D	4042
MRPL2	4043
PTK7	4044
SRF	4045
CUL9	4046
DNPH1	4047
DUSP22	4048
EXOC2	4049
COX7A2	4050
TMEM30A	4051
GMDS	4052
SENP6	4053
IMPG1	4054
VEGFA	4055
PRPF4B	4056
TTK	4057
SLC29A1	4058
CCN6	4059
BTN2A1	4060
LAMA4	4061
TENT5A	4062
CLIC5	4063
FBRSL1	4064
ENPP5	4065
LY86	4066
PRSS16	4067
MEP1A	4068
TBX18	4069
ERBIN	4070
PCDHB2	4071
HARS2	4072
NUDT12	4073
CEP72	4074
MAN2A1	4075
SEMA5A	4076
C7_ENSG00000112936	4077
TENT4A	4078
GHR	4079
HMGCS1	4080
DAP	4081
NME5	4082
BRD8	4083
KIF20A	4084
NNT	4085
MRPS30	4086
HSPA9	4087
MRPS27	4088
PFDN1	4089
HBEGF	4090
SLC4A9	4091
LOX	4092
GZMK	4093
CDH9	4094
APBB3	4095
TMCO6	4096
SPARC	4097
IK	4098
HMGCR	4099
CERT1	4100
FAF2	4101
HAND1	4102
PCDHB3	4103
PCDHB5	4104
PCDHB6	4105
PCDHB7	4106
PDE8B	4107
CLK4	4108
PCDHB15	4109
HAVCR1	4110
GRM6	4111
ITK	4112
RNF130	4113
THG1L	4114
ARSB	4115
CLINT1	4116
THBS4	4117
CNOT6	4118
IL12B	4119
BTNL8	4120
TTC1	4121
MSH3	4122
RASGRF2	4123
GABRG2	4124
CCNG1	4125
POLR3G	4126
DROSHA	4127
CDH6	4128
LMNB1	4129
ARRDC3	4130
GOLPH3	4131
SUB1	4132
NPR3	4133
FAM172A	4134
SLC27A6	4135
TARS1	4136
IRX4	4137
LNPEP	4138
PDE4D	4139
RAD1	4140
BRIX1	4141
AGXT2	4142
PRLR	4143
SLC12A7	4144
IL4	4145
RAD50	4146
IL5	4147
ST8SIA4	4148
GNPDA1	4149
PCDH12	4150
SKP1	4151
NUP155	4152
PPP2CA	4153
FGF1	4154
NR3C1	4155
C5orf15	4156
PPWD1	4157
LIFR	4158
TRIM23	4159
TRAPPC13	4160
C9_ENSG00000113600	4161
SEC24A	4162
TXNDC15	4163
TTC33	4164
RARS1	4165
WWC1	4166
MACROH2A1	4167
TCERG1	4168
DPYSL3	4169
SMAD5	4170
CSNK1A1	4171
HMGXB3	4172
ERGIC1	4173
PDGFRB	4174
CDX1	4175
ATP6V0E1	4176
BNIP1	4177
STC2	4178
CPEB4	4179
HRH2	4180
DBN1	4181
ZNF346	4182
UNC5A	4183
EHHADH	4184
CNTN3	4185
SMC4	4186
SELENOK	4187
ACTR8	4188
TBCCD1	4189
TIMMDC1	4190
CRBN	4191
KNG1	4192
HRG	4193
BCL6	4194
HGD	4195
CLDN16	4196
ARL6	4197
NPHP3	4198
CD86	4199
AMOTL2	4200
NIT2	4201
FAM162A	4202
OGG1	4203
KPNA1	4204
PCCB	4205
UBE3A	4206
ARMC8	4207
CEP70	4208
RBP2	4209
RBP1	4210
SLC25A36	4211
GRK7	4212
RNF7	4213
TFDP2	4214
XRN1	4215
KAT2B	4216
BCHE	4217
SERPINI2	4218
PDCD10	4219
LRRC31	4220
WNT5A	4221
PFKFB4	4222
COL7A1	4223
FGF12	4224
PRKAR2A	4225
HES1	4226
USP4	4227
ACAP2	4228
ECT2	4229
GNAT1	4230
GNAI2	4231
TFG	4232
USP9Y	4233
HYAL1	4234
TUSC2	4235
NPRL2	4236
RPL24	4237
CYB561D2	4238
C3orf14	4239
FXR1	4240
CBLB	4241
BBX	4242
IFT57	4243
GNB4	4244
HHLA2	4245
IQCG	4246
GBE1	4247
MORC1	4248
UMPS	4249
NCBP2	4250
SNX4	4251
C3orf52	4252
FRMD4B	4253
SLC41A3	4254
ROPN1B	4255
PLXNA1	4256
ATP6V1A	4257
ABTB1	4258
PODXL2	4259
UPK1B	4260
CSPG5	4261
KLHL18	4262
SCAP	4263
EFCC1	4264
CFAP92	4265
NEK11	4266
MRPL3	4267
PLSCR4	4268
HEMK1	4269
CISH	4270
MAPKAPK3	4271
ACVR2B	4272
WDR48	4273
COMMD2	4274
GORASP1	4275
PEX5L	4276
RRP9	4277
ABCC5	4278
AADAC	4279
ABHD14B	4280
EIF1B	4281
ABHD14A-ACY1	4282
ARHGEF26	4283
KLHL24	4284
PLCH1	4285
VIPR1	4286
DNAH1	4287
SSR3	4288
ZBTB47	4289
TNNC1	4290
NKTR	4291
CLCN2	4292
FOXP1	4293
EIF4G1	4294
SPCS1	4295
NEK4	4296
SLC4A3	4297
INO80D	4298
EEF1B2	4299
ADAM23	4300
DGUOK	4301
MOB1A	4302
KANSL3	4303
LMAN2L	4304
RTKN	4305
TTL	4306
IL1A	4307
CCL20	4308
PIKFYVE	4309
KCNIP3	4310
FAHD2A	4311
NCL	4312
ACTR1B	4313
SLC35F5	4314
ZAP70	4315
ACTR3	4316
STEAP3	4317
EPB41L5	4318
TFCP2L1	4319
SF3B6	4320
TP53I3	4321
DNAJC27	4322
POMC	4323
STAM2	4324
OTOF	4325
GPD2	4326
CENPA	4327
CYTIP	4328
ACVR1	4329
TANC1	4330
SLC30A3	4331
MPV17	4332
GTF3C2	4333
EIF2B4	4334
NRBP1	4335
ITGB6	4336
FNDC4	4337
ITGA4	4338
PSMD14	4339
SNX17	4340
ASB3	4341
PPM1G	4342
PDE1A	4343
REEP6	4344
PCSK4	4345
GCG	4346
APC2	4347
IFIH1	4348
RPS15	4349
GCA	4350
INO80B	4351
MOGS	4352
TTC31	4353
NDUFS7	4354
PCGF1	4355
GRB14	4356
CLIP4	4357
TLX2	4358
SPTBN1	4359
AUP1	4360
RTN4	4361
HTRA2	4362
LOXL3	4363
DOK1	4364
GALNT3	4365
POLE4	4366
TACR1	4367
CCDC88A	4368
ACADL	4369
EVA1A	4370
MRPL19	4371
LANCL1	4372
WDR75	4373
EFEMP1	4374
REG1A	4375
FANCL	4376
FN1	4377
STAT1	4378
GLS	4379
PAPOLG	4380
DNAH6	4381
PECR	4382
UNC50	4383
IGFBP2	4384
ELMOD3	4385
IGFBP5	4386
USP34	4387
EFHD1	4388
KCNJ13	4389
CCT4	4390
GGCX	4391
NEU2	4392
EHBP1	4393
OTX1	4394
TXNDC9	4395
COQ10B	4396
GNLY	4397
SF3B1	4398
ST3GAL5	4399
CHST10	4400
PDCL3	4401
MOB4	4402
HSPE1	4403
KDM3A	4404
PLCD4	4405
CHMP3	4406
ZNF142	4407
IL1R2	4408
PRKAG3	4409
SMYD1	4410
IL1R1	4411
WNT6	4412
IL1RL2	4413
IL1RL1	4414
IL18R1	4415
IL18RAP	4416
SLC9A2	4417
FHL2	4418
MLPH	4419
CNPPD1	4420
UXS1	4421
ABCB6	4422
STK16	4423
SLC5A7	4424
HDLBP	4425
PPP1R7	4426
PASK	4427
STK25	4428
TPO	4429
PROC	4430
ID2	4431
TAF1B	4432
HPCAL1	4433
ODC1	4434
BIRC6	4435
NOL10	4436
PLEKHB2	4437
GORASP2	4438
STRN	4439
CEBPZ	4440
PRKD3	4441
DCAF17	4442
QPCT	4443
RAB3GAP1	4444
SLC25A12	4445
RMDN2	4446
DLX2	4447
LCT	4448
DARS1	4449
SRSF7	4450
SDC1	4451
PLCL1	4452
SLC1A4	4453
SOS1	4454
KYNU	4455
WIPF1	4456
ORC2	4457
COX7A2L	4458
PNO1	4459
ORC4	4460
PLEK	4461
RND3	4462
ATF2	4463
THADA	4464
AAK1	4465
TRAK2	4466
C2orf42	4467
TIA1	4468
PCYOX1	4469
KISS1R	4470
EPAS1	4471
ARID3A	4472
SUMO1	4473
CD207	4474
GRIN3B	4475
VAX2	4476
ATP6V1B1	4477
NFE2L2	4478
MSH6	4479
PLEKHA3	4480
SPR	4481
EPHA4	4482
PARD3B	4483
FARSB	4484
ALMS1	4485
BCL9	4486
PRRX1	4487
DHCR24	4488
DNAJC16	4489
MARK1	4490
TNR	4491
MORN1	4492
GPX7	4493
CACYBP	4494
SCP2	4495
TPSG1	4496
PAPPA2	4497
RALGPS2	4498
ANGPTL1	4499
CEP104	4500
FAM20B	4501
TCEANC2	4502
TMEM59	4503
LRRC42	4504
WRAP73	4505
NPHS2	4506
MRPL37	4507
ICMT	4508
RPL22	4509
CHD5	4510
QSOX1	4511
STXBP3	4512
PHF13	4513
ERRFI1	4514
PARK7	4515
ELAPOR1	4516
OPRD1	4517
AMPD2	4518
SRSF4	4519
MECR	4520
KCNC4	4521
EDEM3	4522
WDR77	4523
ATP5PB	4524
RAP1A	4525
HDAC1	4526
CAPZA1	4527
S100PBP	4528
RNF19B	4529
SCAMP3	4530
TRIM62	4531
ASH1L	4532
DLGAP3	4533
SFPQ	4534
RHOU	4535
GON4L	4536
ARHGEF2	4537
LAMTOR2	4538
MEF2D	4539
DOCK7	4540
SRM	4541
FBXO2	4542
FBXO6	4543
C1orf21	4544
SWT1	4545
MAD2L2	4546
DNAJC6	4547
LEPR	4548
IVNS1ABP	4549
KIAA2013	4550
MFN2	4551
PRG4	4552
MIIP	4553
SMG7	4554
NCF2	4555
PDC	4556
SLC35D1	4557
PLA2G4A	4558
GADD45A	4559
PRAMEF12	4560
WLS	4561
PRDM2	4562
RGS2	4563
RPE65	4564
RO60	4565
AMPD1	4566
UCHL5	4567
BCAS2	4568
SRSF11	4569
CTH	4570
AGMAT	4571
OLFML3	4572
TNNI3K	4573
CFHR3	4574
PLEKHM2	4575
CRYZ	4576
PHTF1	4577
ZBTB17	4578
CD58	4579
TFAP2E	4580
CD2	4581
TTF2	4582
NR5A2	4583
KIF21B	4584
TMEM9	4585
ADPRS	4586
MAP7D1	4587
WARS2	4588
HAO2	4589
OSCP1	4590
MRPS15	4591
EXOC8	4592
GNPAT	4593
TSNAX	4594
C1orf109	4595
RRAGC	4596
NID1	4597
LGALS8	4598
NT5C1A	4599
HPCAL4	4600
MTR	4601
BMP8B	4602
MYCL	4603
SIPA1L2	4604
ZP4	4605
RLF	4606
KMO	4607
ZNF684	4608
KCNQ4	4609
RIMS3	4610
AKT3	4611
ETV3	4612
ACADM	4613
ST6GALNAC5	4614
SLAMF1	4615
CD48	4616
ADGRL2	4617
PADI2	4618
SDHB	4619
MFAP2	4620
RPF1	4621
KDM5B	4622
UAP1	4623
ACTL8	4624
CTBS	4625
RGS4	4626
KLHL12	4627
IGSF21	4628
SSX2IP	4629
ZNHIT6	4630
PLA2G2D	4631
RBBP5	4632
GBP3	4633
GBP1	4634
KIF17	4635
GPR89A	4636
CDK18	4637
RAB29	4638
CD160	4639
ECE1	4640
HMGCL	4641
GALE	4642
ID3	4643
CR2	4644
CD46	4645
PRPF3	4646
APH1A	4647
P3H1	4648
SLC2A1	4649
EBNA1BP2	4650
CDC20	4651
MPL	4652
ARTN	4653
IPO13	4654
ATP6V0B	4655
B4GALT2	4656
ERI3	4657
PTCH2	4658
AKR1A1	4659
PRDX1	4660
PIK3R3	4661
TSPAN1	4662
BLZF1	4663
CCDC181	4664
SLC19A2	4665
FAAH	4666
NSUN4	4667
TMED5	4668
MROH9	4669
DR1	4670
CNN3	4671
PRRC2C	4672
F3_ENSG00000117525	4673
ABCD3	4674
VAMP4	4675
DPH5	4676
FASLG	4677
PTBP2	4678
TNFSF4	4679
PRDX6	4680
DARS2	4681
HSD11B1	4682
IRF6	4683
UTP25	4684
PLPPR5	4685
PLPPR4	4686
SERPINC1	4687
RCAN3	4688
SYF2	4689
RSRP1	4690
SLC35A3	4691
RCOR3	4692
STMN1	4693
MTFR1L	4694
MAN1C1	4695
NEK2	4696
RPS6KA1	4697
DHDDS	4698
NENF	4699
NSL1	4700
PROX1	4701
ARID1A	4702
CENPF	4703
RPA2	4704
PPP1R8	4705
STX12	4706
MTARC2	4707
SLC5A9	4708
OSBPL9	4709
TXNDC12	4710
ESYT2	4711
POLR1G	4712
MESD	4713
RCN2	4714
CHRNB4	4715
MUC5B	4716
CTSD	4717
COLEC11	4718
STAG1	4719
A4GNT	4720
STK11	4721
KMT2A	4722
TREH	4723
IFT46	4724
MMP8	4725
APOA1	4726
ZNF541	4727
SLC8A2	4728
KPTN	4729
RPS25	4730
KIF14	4731
TNNT2	4732
DDX59	4733
CAMSAP2	4734
ATF6	4735
CRYGD	4736
MREG	4737
TNP1	4738
FASTKD2	4739
NRP2	4740
CREB1	4741
KLF7	4742
TTR	4743
B4GALT6	4744
C1orf54	4745
CA14	4746
DNAI7	4747
IRAG2	4748
ATP10B	4749
SPCS2	4750
USP35	4751
ELOVL4	4752
FILIP1	4753
CASP8AP2	4754
HMGN3	4755
UBE3D	4756
CNR1	4757
SPACA1	4758
ANKRD13C	4759
SGIP1	4760
PHF3	4761
ZC2HC1B	4762
ADGB	4763
PLAGL1	4764
FBXO30	4765
TNFAIP3	4766
AKAP7	4767
RAB32	4768
MYB	4769
ALDH8A1	4770
SGK1	4771
RNF146	4772
ARG1	4773
CCN2	4774
TCF21	4775
PMFBP1	4776
FBXL5	4777
MED28	4778
SLC16A7	4779
RXYLT1	4780
ZNF430	4781
VAMP8	4782
DCLRE1B	4783
MYL12B	4784
FOXO3	4785
ARMC2	4786
GHRH	4787
RPN2	4788
TGIF2	4789
CASQ2	4790
OLFM3	4791
PKD2	4792
ABCG2	4793
SPP1	4794
STBD1	4795
CCNI	4796
RARRES1	4797
MFSD1	4798
RAB3GAP2	4799
EEF2KMT	4800
PPL	4801
UBN1	4802
KLF12	4803
UCHL3	4804
PCDH17	4805
HS1BP3	4806
LDAH	4807
WDR35	4808
CCND2	4809
FGF23	4810
ELL2	4811
DNAH7	4812
CYP20A1	4813
NDUFB3	4814
GTF3C3	4815
SATB2	4816
UBE2B	4817
TRPM6	4818
GDA	4819
KLF9	4820
TJP2	4821
ECRG4	4822
ITGB1BP1	4823
CPSF3	4824
PIGZ	4825
SENP5	4826
CCDC92	4827
C1orf198	4828
TRIM67	4829
HEATR1	4830
PTBP3	4831
RAD23B	4832
FKBP15	4833
CTNNAL1	4834
ABITRAM	4835
DYNC2I2	4836
SET	4837
PTPA	4838
GLE1	4839
RAB14	4840
CNTRL	4841
TRIM32	4842
FBXW2	4843
PHF19	4844
NEK6	4845
BSPRY	4846
PPP6C	4847
NDUFA8	4848
HDHD3	4849
RBM18	4850
SLC46A2	4851
HSDL2	4852
MAPKAP1	4853
NR4A3	4854
INVS	4855
GALNT12	4856
DENND1A	4857
ALG2	4858
CSF3R	4859
KDSR	4860
VPS4B	4861
ONECUT2	4862
C19orf25	4863
ZBTB45	4864
YLPM1	4865
DCAF4	4866
PROX2	4867
VSX2	4868
FCF1	4869
PGF	4870
IFI27L2	4871
BBOF1	4872
NEK9	4873
ACYP1	4874
IFT43	4875
NPC2	4876
DNAL1	4877
IRF2BPL	4878
ACOT2	4879
LTBP2	4880
AREL1	4881
MLH3	4882
TTLL5	4883
FLVCR2	4884
ABCD4	4885
DLST	4886
PPP4R4	4887
TGFB3	4888
ZC2HC1C	4889
SLIRP	4890
RBM25	4891
ALDH6A1	4892
GPR68	4893
ESRRB	4894
EIF2B2	4895
NRDE2	4896
COQ6	4897
ZNF410	4898
RHOQ	4899
GPR75	4900
SUPT7L	4901
KLHL29	4902
DNMT3A	4903
TMEM214	4904
ATAD2B	4905
FKBP1B	4906
ATL2	4907
YPEL5	4908
FAM98A	4909
YIPF4	4910
AFTPH	4911
LGALSL	4912
CNRIP1	4913
BCL11A	4914
CRIPT	4915
EPCAM	4916
SLC17A5	4917
OGFRL1	4918
SLF2	4919
IDE	4920
TECTB	4921
ELOVL3	4922
IFIT3	4923
NKX2-3	4924
IFIT2	4925
GPAM	4926
CUTC	4927
PPP1R3C	4928
PYROXD2	4929
CNNM1	4930
MXI1	4931
SMNDC1	4932
C10orf88	4933
HELLS	4934
PRLHR	4935
TCTN3	4936
DENND10	4937
AVPI1	4938
WDR11	4939
ARMH3	4940
KCNIP2	4941
CFAP58	4942
GOT1	4943
CPN1	4944
C10orf95	4945
SFRP5	4946
GNA13	4947
HOXB8	4948
KANSL1	4949
HOXB5	4950
CRHR1	4951
HOXB3	4952
HOXB1	4953
DUSP1	4954
PANK3	4955
MSX2	4956
TEK	4957
RCL1	4958
CAAP1	4959
EQTN	4960
MOB3B	4961
INSL6	4962
INSL4	4963
MLANA	4964
CD274	4965
IFNA6	4966
GRIA2	4967
NUP43	4968
MTHFD1L	4969
LRP11	4970
CCDC170	4971
PCMT1	4972
PLEKHG1	4973
MYCT1	4974
TASL	4975
CYSTM1	4976
WDR55	4977
ARAP3	4978
PCDHB8	4979
PCDHB10	4980
PCDHB14	4981
PCDHB12	4982
SLC25A2	4983
TNN	4984
MRPS14	4985
CENPL	4986
TNFSF18	4987
SEC16B	4988
GORAB	4989
GPR31	4990
ACAT2	4991
TCP1	4992
TTLL2	4993
SNX19	4994
KCNJ5	4995
MSANTD2	4996
TP53AIP1	4997
TEX11	4998
ARR3	4999
PDZD11	5000
SLC10A7	5001
NUDCD1	5002
ENY2	5003
MASTL	5004
KIAA1217	5005
LYZL1	5006
PLXDC2	5007
EPC1	5008
IQSEC3	5009
CCDC77	5010
TAF12	5011
ENOX1	5012
TNFSF11	5013
MTRF1	5014
SOHLH2	5015
DNAJC15	5016
PROSER1	5017
UFM1	5018
WBP4	5019
ELF1	5020
SMAD9	5021
HSPH1	5022
KBTBD7	5023
ALG5	5024
EXOSC8	5025
ETF1	5026
TGFBI	5027
FAM53C	5028
SIL1	5029
PAIP2	5030
MYOT	5031
KDM3B	5032
EGR1	5033
SERP1	5034
PLS1	5035
ZFP30	5036
NR2C1	5037
UTP20	5038
TMPO	5039
ARL1	5040
GLT8D2	5041
MTERF2	5042
SOCS2	5043
NFYB	5044
WASHC3	5045
APAF1	5046
DUSP4	5047
CLU	5048
TNFRSF10B	5049
SORBS3	5050
PTK2B	5051
CHRNA2	5052
ADRA1A	5053
PPP3CC	5054
PDLIM2	5055
EPHX2	5056
RNF170	5057
NPPB	5058
UBIAD1	5059
TARDBP	5060
TNFRSF8	5061
ZNF706	5062
LYPLA1	5063
CRISPLD1	5064
COPS5	5065
RDH10	5066
EPX	5067
AKAP1	5068
COIL	5069
TRIM25	5070
SCPEP1	5071
SPOP	5072
TBX2	5073
SLC35B1	5074
TBX4	5075
TEX14	5076
FAM117A	5077
NCAPH	5078
LRAT	5079
TMEM131L	5080
MND1	5081
TRIM6	5082
ABCC11	5083
TENT4B	5084
ADCY7	5085
CEP89	5086
TSHZ3	5087
ECHDC2	5088
TAS2R8	5089
PLBD1	5090
TAS2R10	5091
PRB2	5092
PYROXD1	5093
IAPP	5094
KCNJ8	5095
TAS2R7	5096
BCL2L14	5097
TAS2R9	5098
PSPC1	5099
ZNF549	5100
A1BG	5101
ZSCAN18	5102
ZNF211	5103
PDZRN3	5104
RGSL1	5105
LHX4	5106
RNF2	5107
TRMT1L	5108
SEC22A	5109
CSTA	5110
DPPA4	5111
POPDC2	5112
B4GALT4	5113
NAA50	5114
CD80	5115
KIF18A	5116
GJA8	5117
DESI2	5118
MAPK8IP1	5119
CRY2	5120
PEX16	5121
DEPDC7	5122
CAT	5123
PILRB	5124
ZMYM2	5125
GJB6	5126
GJA3	5127
TBC1D15	5128
ADGRB2	5129
HCRTR1	5130
ZCCHC17	5131
FABP3	5132
KHDRBS1	5133
TMEM39B	5134
CCRL2	5135
CCR2	5136
POLR3GL	5137
GHSR	5138
TNFSF10	5139
ZNF639	5140
SLITRK3	5141
PIK3CA	5142
PDS5A	5143
TMEM156	5144
LIAS	5145
CPXM2	5146
TMEM54	5147
ZSCAN20	5148
CSMD2	5149
HPCA	5150
LRIF1	5151
TMIGD3	5152
CLCC1	5153
GPSM2	5154
GTDC1	5155
CXCR4	5156
ZRANB3	5157
ACVR2A	5158
POLK	5159
SV2C	5160
FLT3	5161
RPL21	5162
MTIF3	5163
GTF3A	5164
RASL11A	5165
UBL3	5166
FYTTD1	5167
MTERF4	5168
XPNPEP2	5169
SASH3	5170
OCRL	5171
PAEP	5172
OBP2A	5173
MRPS2	5174
TBX22	5175
FMOD	5176
MYOG	5177
LAX1	5178
PLG	5179
KIAA1191	5180
COPA	5181
CD244	5182
LY9	5183
HS3ST2	5184
RBBP6	5185
ZC3H7A	5186
PRM2	5187
SERAC1	5188
ANXA11	5189
LDB3	5190
OPN4	5191
SHLD2	5192
PRXL2A	5193
ZNF205	5194
NAA60	5195
RPL5	5196
ODF2L	5197
PTGFR	5198
SPATA1	5199
TRMT13	5200
LRRC39	5201
RWDD3	5202
ZNF644	5203
CCDC18	5204
RPAP2	5205
SLC66A2	5206
BBS9	5207
PMS2	5208
ZMIZ2	5209
OCM	5210
SEPTIN7	5211
EEPD1	5212
KLHL7	5213
HERPUD2	5214
CBX3	5215
HNRNPA2B1	5216
WIPF3	5217
NXPH1	5218
NPY	5219
HYCC1	5220
HOXA7	5221
INHBA	5222
FKBP9	5223
NT5C3A	5224
ARL4A	5225
CCZ1	5226
POLM	5227
RAMP3	5228
MRM2	5229
TWIST1	5230
SMU1	5231
GLIPR2	5232
SLC25A51	5233
CLTA	5234
RECK	5235
SPINK4	5236
TAF1L	5237
ACO1	5238
PHF24	5239
DNAI1	5240
DCAF10	5241
CNTFR	5242
KIAA1549	5243
TRIM24	5244
CYREN	5245
CALD1	5246
AKR1D1	5247
NUDT10	5248
SFTPA1	5249
NEUROG3	5250
PLAU	5251
SRGN	5252
CHST3	5253
BICC1	5254
CISD1	5255
EGR2	5256
ECD	5257
P4HA1	5258
SLC25A16	5259
ZWINT	5260
VPS26A	5261
RBM19	5262
CIT	5263
IFT81	5264
ACADS	5265
HVCN1	5266
DDX54	5267
MED13L	5268
CDKN2C	5269
RNF11	5270
RASSF8	5271
BHLHE41	5272
SSPN	5273
ITPR2	5274
CCDC91	5275
NECAB1	5276
WWP1	5277
ACOT9	5278
PRDX4	5279
DDX39A	5280
PKN1	5281
TRIR	5282
ADGRE5	5283
WDR83	5284
GIPC1	5285
ACTRT1	5286
CCDC70	5287
SPRYD7	5288
EBPL	5289
ATP7B	5290
ZC3H13	5291
NLN	5292
CENPK	5293
OPTN	5294
ITIH5	5295
ATF1	5296
TSFM	5297
NEUROD4	5298
ARHGAP9	5299
NCKAP1L	5300
MMP19	5301
PFDN5	5302
SPATS2	5303
ORMDL2	5304
NR4A1	5305
PDE1B	5306
HOXC13	5307
CDK2	5308
LRP1	5309
HOXC11	5310
ATG101	5311
NFE2	5312
HOXC12	5313
IKZF4	5314
SMUG1	5315
TUBA1B	5316
EEF1AKMT3	5317
KBTBD4	5318
SARDH	5319
DBH	5320
ATPAF1	5321
STIL	5322
HJURP	5323
IL13RA2	5324
COL10A1	5325
AMD1	5326
NDUFAF4	5327
USP45	5328
PLP1	5329
SERPINA7	5330
MORF4L2	5331
H2BW1	5332
RAB9B	5333
NRK	5334
FAM199X	5335
RAB9A	5336
METTL8	5337
TTC21B	5338
NMI	5339
TNFAIP6	5340
ACVR1C	5341
BAZ2B	5342
SLC36A1	5343
LPGAT1	5344
BATF3	5345
G0S2	5346
KCNJ2	5347
RAP2C	5348
EXOSC9	5349
PLA2G12A	5350
B9D2	5351
COQ8B	5352
PFKFB2	5353
C4BPA	5354
C4BPB	5355
RAB38	5356
GPR83	5357
AGO2	5358
MXD4	5359
CKS2	5360
DAW1	5361
ACSL3	5362
CHPF	5363
DNPEP	5364
INHA	5365
MOGAT1	5366
OBSL1	5367
FAM124B	5368
SLC12A4	5369
ENKD1	5370
MC3R	5371
GCNT7	5372
CTCFL	5373
FAM210B	5374
PI3	5375
FAM209A	5376
SNX21	5377
SLPI	5378
WFDC3	5379
TTPAL	5380
PREX1	5381
KCNS1	5382
SLC12A5	5383
ARHGAP40	5384
SDC4	5385
NCOA3	5386
PIGT	5387
SEMG2	5388
MATN4	5389
NCOA5	5390
VAPB	5391
PARD6B	5392
ATP5F1E	5393
CHD6	5394
PLCG1	5395
TOX2	5396
SRSF6	5397
GDAP1L1	5398
GTSF1L	5399
ARFGEF2	5400
ZNFX1	5401
ZNF831	5402
EDN3	5403
CSE1L	5404
PEDS1-UBE2V1	5405
RAB22A	5406
PTGIS	5407
STAU1	5408
CDH26	5409
SNAI1	5410
MOCS3	5411
STX16	5412
PMEPA1	5413
RNF114	5414
ANKRD60	5415
DDX27	5416
RBPJL	5417
SEMG1	5418
C20orf85	5419
BCAS4	5420
KCNK15	5421
TP53TG5	5422
PCK1	5423
ZBP1	5424
NEURL2	5425
MAGEA10	5426
MTRR	5427
FASTKD3	5428
PEPD	5429
CHST8	5430
IQSEC2	5431
VAMP7_ENSG00000124333	5432
IL9R_ENSG00000124334	5433
XG	5434
STAMBP	5435
NAGK	5436
MCEE	5437
PAIP2B	5438
SNRNP27	5439
MPHOSPH10	5440
IL17C	5441
ATP8A1	5442
USP22	5443
POF1B	5444
HIF3A	5445
ZNF576	5446
IRGC	5447
ZNF45	5448
LYPD3	5449
PSG8	5450
CEACAM8	5451
NDP	5452
USP9X	5453
CRISP2	5454
F13A1	5455
GRM4	5456
TRERF1	5457
PACSIN1	5458
BTN2A2	5459
SIRT5	5460
MRS2	5461
WRNIP1	5462
RRP36	5463
BTN1A1	5464
SNRPC	5465
SLC17A3	5466
SLC17A1	5467
SERPINB6	5468
XPO5	5469
ABCC10	5470
H1-3	5471
PEX6	5472
NQO2	5473
ENSG00000124593.16	5474
OARD1	5475
UNC5CL	5476
AARS2	5477
H1-1	5478
ZNF391	5479
RPS10	5480
MOCS1	5481
H2BC11	5482
MED20	5483
OR2B6	5484
TBCC	5485
SPDEF	5486
TCP11	5487
MAD2L1BP	5488
APOBEC2	5489
KLHDC3	5490
GNMT	5491
DNAH8	5492
TREM1	5493
MEA1	5494
KLHL31	5495
COL21A1	5496
CDKN1A	5497
SOX4	5498
GLO1	5499
CPNE5	5500
KCNK17	5501
RREB1	5502
SSR1	5503
RIOK1	5504
NRN1	5505
SLC35B3	5506
RPP40	5507
ATXN1	5508
NUP153	5509
DEK	5510
EEF1E1	5511
CRISP1	5512
RUNX2	5513
OPN5	5514
GCM2	5515
LRRFIP1	5516
RAB17	5517
CXCL6	5518
EREG	5519
TRIM51	5520
MYRF	5521
SCGB1D2	5522
SCGB2A1	5523
AHNAK	5524
EMC3	5525
SSUH2	5526
WNT1	5527
SH3TC1	5528
CNOT1	5529
BBS2	5530
MT1G	5531
MT2A	5532
PHAF1	5533
GOT2	5534
DOK4	5535
PIWIL1	5536
GPR18	5537
CLYBL	5538
TMTC4	5539
RAP2A	5540
SLC10A2	5541
ABCC4	5542
EFNB2	5543
SOX21	5544
TM9SF2	5545
HROB	5546
KIF25	5547
IRF1	5548
UPF3B	5549
RNF113A	5550
SEPTIN6	5551
TMEM255A	5552
NDUFA1	5553
AMELX	5554
DMAC2L	5555
BMP4	5556
PTGER2	5557
FAM193A	5558
GRK4	5559
SOX9	5560
TEKT3	5561
MYH2	5562
HS3ST3B1	5563
SLC25A35	5564
MRPS7	5565
GGA3	5566
ARMC7	5567
NUP85	5568
SLC25A19	5569
MIF4GD	5570
NT5C	5571
MSTO1	5572
TTF1	5573
GTF3C4	5574
DDX31	5575
BARHL1	5576
KIR2DL1	5577
PPP1R12C	5578
MBOAT7	5579
SRMS	5580
OPRL1	5581
SLC2A4RG	5582
NPBWR2	5583
FNDC11	5584
BHLHE23	5585
PPDPF	5586
IL1B	5587
PLGLB2	5588
IL37	5589
CHCHD5	5590
PAX8	5591
INSIG2	5592
POLR1B	5593
CCDC93	5594
PSD4	5595
SLC25A23	5596
PSPN	5597
GTF2F1	5598
ALKBH7	5599
CLPP	5600
TNFSF9	5601
GRIA3	5602
THOC2	5603
MED1	5604
RPL23	5605
ENSG00000125695.12	5606
ATG4C	5607
CD70	5608
C3_ENSG00000125730	5609
SH2D3A	5610
TRIP10	5611
GPR108	5612
TNFSF14	5613
FOSB	5614
OPA3	5615
SNRPD2	5616
RTN2	5617
EML2	5618
VASP	5619
SYMPK	5620
GPCPD1	5621
SDCBP2	5622
PANK2	5623
TGM3	5624
GNRH2	5625
FOXA2	5626
CD93	5627
GZF1	5628
PAX1	5629
NAPB	5630
CST8	5631
NKX2-4	5632
CENPB	5633
PSMF1	5634
NKX2-2	5635
DTD1	5636
CSTL1	5637
RBCK1	5638
TMX4	5639
STK35	5640
SNRPB	5641
NRSN2	5642
AP5S1	5643
RRBP1	5644
BMP2	5645
ZNF133	5646
FLRT3	5647
OVOL2	5648
PCSK2	5649
GFRA4	5650
MKKS_ENSG00000125863	5651
BFSP1	5652
DSTN	5653
LAMP5	5654
SNRPB2	5655
MGME1	5656
LRRN4	5657
TBC1D20	5658
ITPA	5659
TCF15	5660
OTOR	5661
MCM8	5662
BANF2	5663
TMEM74B	5664
FAM110A	5665
SIRPD	5666
MRPS26	5667
S1PR4	5668
NCLN	5669
CITED1	5670
HNRNPR	5671
ZNF436	5672
MAX	5673
CHURC1-FNTB	5674
ARMCX5	5675
GDF5	5676
MMP24	5677
NECAB3	5678
ID1	5679
RALY	5680
DYNLRB1	5681
C20orf173	5682
EIF2S2	5683
ERGIC3	5684
ROMO1	5685
FAM83C	5686
BPIFB1	5687
CEP250	5688
PLAGL2	5689
MMP24OS	5690
GRPR	5691
KDM5C	5692
AMOT	5693
TMEM115	5694
PSMB2	5695
AGO3	5696
UROD	5697
ST3GAL3	5698
TMEM53	5699
HECTD3	5700
KLC1	5701
XRCC3	5702
TUBGCP3	5703
MCF2L	5704
F10_ENSG00000126218	5705
PCID2	5706
PROZ	5707
SLURP1	5708
LRFN3	5709
IGFLR1	5710
CAPNS1	5711
PDCD2L	5712
GPR42	5713
RBM42	5714
KIRREL2	5715
UBA2	5716
FFAR2	5717
HCST	5718
FFAR1	5719
COX6B1	5720
KRT36	5721
THRA	5722
CCR7	5723
NR1D1	5724
FRMD8	5725
PRDX5	5726
BCL2L12	5727
IRF3	5728
PRMT1	5729
RRAS	5730
PRRG2	5731
SCAF1	5732
PRR12	5733
TSKS	5734
FLRT1	5735
ASL	5736
SBDS	5737
CSN1S1	5738
STATH	5739
HTN1	5740
STAT5A	5741
WNK4	5742
BECN1	5743
PRKCG	5744
TRAP1	5745
GLIS2	5746
NSRP1	5747
DNAJC8	5748
AHDC1	5749
IFI6	5750
DACH2	5751
ZNF384	5752
EMG1	5753
SSX1	5754
UXT	5755
CFP	5756
ELK1	5757
TIMM17B	5758
PCNX4	5759
ATG14	5760
KTN1	5761
SIX1	5762
RHOJ	5763
DLGAP5	5764
L3HYPDH	5765
HSPA2	5766
ZBTB1	5767
TRMT5	5768
SGPP1	5769
PLEKHG3	5770
PZP	5771
PRDM7	5772
RHOT1	5773
EVI2A	5774
OMG	5775
DYNC2I1	5776
AIF1L	5777
FAM78A	5778
NUP214	5779
CTAG2	5780
AVPR2	5781
SLC10A3	5782
MAP2K2	5783
HNRNPH2	5784
ARMCX1	5785
TMEM35A	5786
TIMM8A	5787
ZC4H2	5788
CANX	5789
INTS11	5790
RGS13	5791
IPPK	5792
ZNF484	5793
OMD	5794
FGD3	5795
HIVEP3	5796
PPCS	5797
EDN2	5798
BCL11B	5799
COX7C	5800
TRAF2	5801
ABHD8	5802
MASP1	5803
ATP13A4	5804
PLAAT1	5805
HELB	5806
RAP1B	5807
IL22	5808
TSPAN8	5809
BEST3	5810
RAB3IP	5811
PTPRB	5812
DYRK2	5813
YEATS4	5814
TAS2R3	5815
TAS2R4	5816
TAS2R5	5817
CRYGN	5818
LRRC61	5819
TRPV5	5820
IDUA	5821
FGFRL1	5822
TMEM175	5823
AUNIP	5824
PIN1	5825
FBXL12	5826
EMC1	5827
PLA2G5	5828
UBR4	5829
HP1BP3	5830
ADGRE2	5831
SIN3B	5832
OR7A10	5833
SLC35E1	5834
EPS15L1	5835
KLF2	5836
OR7C1	5837
F2RL3	5838
UQCR11	5839
GFER	5840
SYNGR3	5841
PKMYT1	5842
WFIKKN1	5843
WDR24	5844
FBXL16	5845
CHTF18	5846
GNG13	5847
MACF1	5848
SMARCA4	5849
KDM4B	5850
TICAM1	5851
METTL25	5852
IL17B	5853
EMC6	5854
METTL16	5855
TUBA4A	5856
VIL1	5857
AAMP	5858
PNKD	5859
TNFRSF19	5860
RNF6	5861
ECHS1	5862
ZNF835	5863
AKAP9	5864
GNG11	5865
SEM1	5866
GNGT1	5867
HIP1	5868
PTPN12	5869
POR	5870
FGL2	5871
STYXL1	5872
STEAP4	5873
GNAI1	5874
PEX1	5875
MTERF1	5876
SGCE	5877
RBM48	5878
CASD1	5879
ZNF780B	5880
LRFN1	5881
ZFP36	5882
SRD5A3	5883
SPINK2	5884
RASL11B	5885
PAICS	5886
KDR	5887
PPAT	5888
TUBGCP6	5889
ADM2	5890
DGCR6L	5891
DGCR8	5892
ASPHD2	5893
VPREB3	5894
SDF2L1	5895
GAL3ST1	5896
YWHAH	5897
RFPL1	5898
RFPL2	5899
GNAZ	5900
MGAT3	5901
ADORA2A	5902
ATF4	5903
A4GALT	5904
RFPL3	5905
CDC42EP1	5906
APOL3	5907
MCHR1	5908
TPST2	5909
BAIAP2L2	5910
MPST	5911
GALR3	5912
TST	5913
APOL5	5914
IGLL1	5915
APOL2	5916
RAC2	5917
LIF	5918
C22orf23	5919
APOBEC3A	5920
APOBEC3F	5921
RIBC2	5922
KRT17	5923
EMC4	5924
RNF112	5925
SPECC1	5926
CPA4	5927
DOCK4	5928
POT1	5929
ATP6V1F	5930
LSM8	5931
CDHR3	5932
PRKRIP1	5933
VGF	5934
PODXL	5935
FOXP2	5936
STRIP2	5937
IFT22	5938
MKLN1	5939
DNAJB9	5940
FLNC	5941
LRRC4	5942
CALU	5943
CCDC136	5944
SMO	5945
IRF5	5946
LRRC17	5947
KLHDC10	5948
NDUFA5	5949
FEZF1	5950
OPN1SW	5951
MRPS12	5952
MYO1B	5953
HOXD1	5954
HOXD3	5955
MTX2	5956
PDE11A	5957
CHN1	5958
GAD1	5959
OSGEPL1	5960
ORMDL1	5961
HAT1	5962
HOXD9	5963
HOXD10	5964
HOXD11	5965
HOXD13	5966
HERC2	5967
SNRPN	5968
PSMG2	5969
TWSG1	5970
ARHGAP22	5971
WDFY4	5972
EIF2AK4	5973
MYO5C	5974
CGNL1	5975
TMOD2	5976
TTBK2	5977
ELL3	5978
CCDC32	5979
INO80	5980
ICE2	5981
DLL4	5982
ALDH1A2	5983
MINDY2	5984
IVD	5985
KNSTRN	5986
DUT	5987
CHAC1	5988
CLN6	5989
ARPP19	5990
VPS13C	5991
CALML4	5992
ISLR	5993
THAP10	5994
LOXL1	5995
ACKR4	5996
ANAPC13	5997
MBD4	5998
COPB1	5999
PSMA1	6000
SUMF2	6001
PALLD	6002
SPCS3	6003
BBOX1	6004
MYOD1	6005
SERGEF	6006
KCNC1	6007
TPH1	6008
CSRP3	6009
E2F8	6010
DCTD	6011
SOX15	6012
PIMREG	6013
RPAIN	6014
USP6	6015
SHBG	6016
PLD2	6017
AIPL1	6018
CD68	6019
TXNDC17	6020
ATP1B2	6021
FXR2	6022
KIF1C	6023
MPDU1	6024
PHF20L1	6025
DNAAF11	6026
CCNT1	6027
PUS7L	6028
KRI1	6029
ILF3	6030
SLC44A2	6031
AP1M2	6032
CDKN2D	6033
MTUS1	6034
KLK14	6035
SIGLEC9	6036
KLK10	6037
KLK8	6038
NGDN	6039
RIPK3	6040
ADCY4	6041
RAB2B	6042
BCL2L2	6043
AJUBA	6044
DTD2	6045
PARP2	6046
HEATR5A	6047
FOXA1	6048
SNX6	6049
EAPP	6050
EGLN3	6051
MIS18BP1	6052
NRL	6053
RNASE1	6054
NEDD8	6055
DAD1	6056
TEP1	6057
EPB41L4A	6058
CDO1	6059
REEP5	6060
ITFG1	6061
QRICH2	6062
FOXJ1	6063
SEC14L1	6064
RHBDF2	6065
AANAT	6066
ARHGEF6	6067
MAP7D3	6068
FGF13	6069
ASH2L	6070
TTI2	6071
ART1	6072
CHRNA10	6073
CDKN1C	6074
SGO1	6075
RPS4Y1	6076
CDH15	6077
KLF16	6078
PGAP6	6079
DOHH	6080
MAU2	6081
SHC2	6082
PLPPR3	6083
INS-IGF2	6084
ABHD17A	6085
LBP	6086
SYT5	6087
TNNI3	6088
CBFA2T3	6089
GAMT	6090
PUDP	6091
ERMARD	6092
PHF10	6093
PRRG3	6094
GALNT8	6095
KCNA5	6096
CRACR2A	6097
NXNL2	6098
STARD8	6099
NALF2	6100
GDPD2	6101
SAT1	6102
GNL3L	6103
SH3BP4	6104
MOSPD2	6105
DOCK6	6106
ECSIT	6107
LDLR	6108
ELOF1	6109
TSPAN16	6110
ANGPTL8	6111
PRKCSH	6112
CNN1	6113
CDC16	6114
ZSCAN10	6115
THEM6	6116
NECTIN2	6117
APOE	6118
TOMM40	6119
APOC1	6120
GADD45G	6121
LRCH2	6122
DPP6	6123
XPO7	6124
ACE2	6125
FAM98C	6126
SAFB2	6127
RPL36	6128
ATP8B3	6129
GDF1	6130
NCAN	6131
KIF1A	6132
GTPBP3	6133
PLVAP	6134
BST2	6135
SLC27A1	6136
NSUN5	6137
USHBP1	6138
COLGALT1	6139
DDA1	6140
MRPL34	6141
PGLS	6142
LSM7	6143
TULP4	6144
SNX9	6145
RTN4IP1	6146
QRSL1	6147
MTRES1	6148
RSPH3	6149
MAS1	6150
ACSBG2	6151
MLLT1	6152
FUT5	6153
BMP15	6154
AFDN	6155
ACTN4	6156
STK33	6157
NDUFA10	6158
EPO	6159
ARPC1B	6160
CACNG6	6161
ZSWIM6	6162
FCHO1	6163
UNC13A	6164
MAP1S	6165
KLHDC7B	6166
PXDN	6167
SSBP4	6168
GDF15	6169
PGPEP1	6170
IQCN	6171
LSM4	6172
JUND	6173
HRC	6174
TRPM4	6175
SULT4A1	6176
ZNF557	6177
CRB3	6178
OLFM1	6179
CAMSAP1	6180
UBAC1	6181
SAG	6182
ZBTB46	6183
HELZ2	6184
SAMD10	6185
LSP1	6186
TNNT3	6187
TNNI2	6188
COL5A1	6189
ATXN10	6190
TUBGCP2	6191
CALY	6192
CYP2E1	6193
PNPLA7	6194
HBZ	6195
PAK4	6196
MNX1	6197
ZNF337	6198
CEP85	6199
TAF4	6200
GATA5	6201
RBBP8NL	6202
LAMA5	6203
OSBPL2	6204
ADRM1	6205
ASS1	6206
PRDM12	6207
EXOSC2	6208
POMT1	6209
UCK1	6210
FIBCD1	6211
CHMP2A	6212
UBE2M	6213
TRIM28	6214
METTL26	6215
YIPF2	6216
ATG4D	6217
EIF2S3	6218
TMEM160	6219
ZC3H4	6220
NPAS1	6221
GMFG	6222
MAP3K10	6223
ARHGEF16	6224
LRRC47	6225
SESN2	6226
SMPDL3B	6227
ATP5IF1	6228
MED18	6229
THEMIS2	6230
CLIP1	6231
CCDC62	6232
HIP1R	6233
ZNF317	6234
PPAN	6235
EIF3G	6236
ANGPTL6	6237
SHFL	6238
DNMT1	6239
ZNF426	6240
SLC6A8	6241
PNCK	6242
DKC1	6243
PLXNA3	6244
DUSP9	6245
MPP1	6246
ZNF331	6247
ZNF236	6248
SLC7A10	6249
LRP3	6250
MTRFR	6251
NOL11	6252
UBE4B	6253
CASZ1	6254
PKDREJ	6255
HSD17B3	6256
NUTM2F	6257
HABP4	6258
FBP2	6259
SLC35D2	6260
PRRG1	6261
UBA1	6262
RGN	6263
POLN	6264
PPIL4	6265
ULBP2	6266
AKAP12	6267
SYNE1	6268
ULBP3	6269
LATS1	6270
EPS8L1	6271
LILRB2	6272
AAR2	6273
TTLL9	6274
BPIFA2	6275
RBM39	6276
COX4I2	6277
BPIFA3	6278
ZNF341	6279
GGT7	6280
DEFB118	6281
ACSS2	6282
EDA2R	6283
ARHGEF9	6284
C1QL1	6285
GFAP	6286
PYY	6287
HIGD1B	6288
ATP6V1E1	6289
ZNF227	6290
ZNF428	6291
TEX101	6292
ZNF141	6293
CCL25	6294
COX4I1	6295
EMC8	6296
GSE1	6297
ENSG00000131152.4	6298
GINS2	6299
CHMP1A	6300
SH3BGRL	6301
COX7B	6302
SLC34A1	6303
F12_ENSG00000131187	6304
PRR7	6305
NFATC1	6306
IDO1	6307
GJA9	6308
CAP1	6309
PPT1	6310
RAB11FIP4	6311
RLIM	6312
CDX4	6313
ABCB7	6314
TRAF3	6315
HAUS8	6316
ADGRE3	6317
MRPS25	6318
SH3BP5	6319
HACL1	6320
TBC1D5	6321
CAPN7	6322
RFTN1	6323
C3orf20	6324
RBSN	6325
GALNT15	6326
SLC6A6	6327
KCNC3	6328
NAPSA	6329
NR1H2	6330
LRRC4B	6331
PDLIM4	6332
KIF3A	6333
MGAT1	6334
GFPT2	6335
TUBG1	6336
PSME3	6337
RPL27	6338
PSMC3IP	6339
AOC3	6340
ACLY	6341
VPS25	6342
RAMP2	6343
AOC2	6344
G6PC1	6345
NDUFA2	6346
ANKHD1	6347
DIAPH1	6348
NDFIP1	6349
UBE2D2	6350
EXOC4	6351
ACAP3	6352
C1orf159	6353
ANO1	6354
PPFIA1	6355
TMEM204	6356
KREMEN2	6357
THOC6	6358
TRAF7	6359
BARX1	6360
NINJ1	6361
CA6	6362
NPHP4	6363
MAP1B	6364
RHOXF2	6365
IL13RA1	6366
WDR44	6367
CKMT2	6368
ZCCHC9	6369
KRT34	6370
KRT33B	6371
TNS4	6372
TOP2A	6373
STARD3	6374
RARA	6375
PPP1R1B	6376
KHDRBS3	6377
CHD1L	6378
PEX11B	6379
FMO5	6380
PIAS3	6381
PRKAB2	6382
FSHB	6383
PDHA1	6384
RAI2	6385
MCCC2	6386
ZNF304	6387
ZSCAN5A	6388
ZNF132	6389
USP29	6390
SELENOS	6391
CHSY1	6392
SNRPA1	6393
LLGL1	6394
NR0B2	6395
LIN28A	6396
THAP1	6397
RHPN2	6398
C19orf12	6399
FAAP24	6400
LRRC9	6401
ACTR10	6402
ABHD12B	6403
GCH1	6404
LGALS3	6405
PODNL1	6406
DNAJB1	6407
ZSWIM4	6408
FBXW9	6409
RFX1	6410
ZNF20	6411
BRME1	6412
DCAF15	6413
CC2D1A	6414
RTBDN	6415
MATN3	6416
TRIM21	6417
SPATA6	6418
LRRC41	6419
CCT6B	6420
DHX30	6421
RAF1	6422
SLC6A11	6423
PPARG	6424
NUP210	6425
FCRLA	6426
HSD17B7	6427
ENOSF1	6428
EMILIN2	6429
SLX1A	6430
ARFIP2	6431
TRIM5	6432
CNGA4	6433
TRIM22	6434
RRP8	6435
TIMM10B	6436
EFR3A	6437
HHLA1	6438
PTCD3	6439
IMMT	6440
MRPL35	6441
IQCA1	6442
ILKAP	6443
PER2	6444
RAMP1	6445
SCLY	6446
PTPRE	6447
RAN	6448
PRKAA1	6449
CARD6	6450
RAP1GAP2	6451
CLUH	6452
INPP5K	6453
MYBBP1A	6454
RPA1	6455
SERPINF1	6456
UBE2G1	6457
EEFSEC	6458
TBC1D14	6459
TMEM128	6460
COQ3	6461
PNISR	6462
POPDC3	6463
SEC61G	6464
LANCL2	6465
FIGNL1	6466
DDC	6467
GRSF1	6468
ENAM	6469
JCHAIN	6470
ANKRD17	6471
UTP3	6472
ITGB4	6473
WBP2	6474
H3-3B	6475
UNK	6476
TRIM47	6477
ZRANB2	6478
EIF5A	6479
KDM6B	6480
CLEC10A	6481
SLC52A1	6482
GUCY2D	6483
GPS2	6484
XAF1	6485
DLG4	6486
RIDA	6487
VPS13B	6488
RGS22	6489
MATN2	6490
REEP2	6491
PCBD2	6492
SDF2	6493
FLOT2	6494
ERAL1	6495
PRMT7	6496
NIP7	6497
TERF2	6498
VPS4A	6499
MTSS2	6500
HSPA12B	6501
ANKEF1	6502
SCP2D1	6503
PCED1A	6504
SNAP25	6505
BTBD3	6506
PCNA	6507
NXT1	6508
POLR3F	6509
RIN2	6510
PTPRA	6511
SSTR4	6512
DAP3	6513
RHBG	6514
KHDC4	6515
ATP1A4	6516
NES	6517
BCAN	6518
CRP	6519
ARHGEF11	6520
RAB25	6521
HAPLN2	6522
APCS	6523
FCRL2	6524
DCAF8	6525
SYT11	6526
IGHMBP2	6527
ACY3	6528
ALDH3B2	6529
TESMIN	6530
MMACHC	6531
DPH2	6532
TOE1	6533
NASP	6534
MUTYH	6535
CTNNBL1	6536
LPIN3	6537
ZSWIM3	6538
RBM38	6539
VSTM2L	6540
OSER1	6541
SERINC3	6542
PPP1R3D	6543
DMGDH	6544
BHMT2	6545
AP3B1	6546
ZBED3	6547
PATJ	6548
KANK4	6549
ANGPTL3	6550
SYT4	6551
SLC14A2	6552
FBXO44	6553
CPLANE2	6554
CASP9	6555
NMUR2	6556
DCTN4	6557
PDE6A	6558
ATP8A2	6559
MTUS2	6560
ZMYM5	6561
USPL1	6562
XPO4	6563
TPTE2	6564
POMP	6565
CDK8	6566
ALOX5AP	6567
WASF3	6568
RNF17	6569
GPR12	6570
CHRM3	6571
MYH8	6572
MYH10	6573
PEMT	6574
SCO1	6575
MPRIP	6576
CHI3L1	6577
MYBPH	6578
PIK3C2B	6579
DSTYK	6580
CHIT1	6581
SLC41A1	6582
LGR6	6583
TMCC2	6584
DCLK1	6585
CCNA1	6586
COG6	6587
SPART	6588
RXFP2	6589
EPSTI1	6590
TRPC4	6591
POSTN	6592
RFXAP	6593
TPT1	6594
GPALPP1	6595
STOML3	6596
KL	6597
RFC3	6598
STARD13	6599
IRS4	6600
MORC4	6601
BEX2	6602
RNF128	6603
TBC1D8B	6604
TCEAL4	6605
BEX1	6606
FAM104A	6607
SLC39A11	6608
EPHB2	6609
SRRM1	6610
BTBD2	6611
PRAM1	6612
KMT5C	6613
ZNF414	6614
PDE6B	6615
HSPBP1	6616
CSNK1G2	6617
SLF1	6618
CNDP2	6619
MACROD1	6620
WDR74	6621
LGALS12	6622
RTN3	6623
PLAAT4	6624
PLAAT2	6625
MYH11	6626
CEP20	6627
MED10	6628
PDZD2	6629
MORC2	6630
LARGE1	6631
GSTT2B	6632
MYO18B	6633
SLC2A11	6634
C1QTNF6	6635
FAM83F	6636
SEC14L4	6637
GIMAP6	6638
GIMAP4	6639
ADCK2	6640
MKRN1	6641
AGAP3	6642
KRBA1	6643
ACTR3B	6644
NTS	6645
BTG1	6646
LRRIQ1	6647
C12orf29	6648
ATP13A3	6649
SFTPD	6650
DYDC2	6651
TMEM254	6652
TMTC1	6653
KRAS	6654
IPO8	6655
LARS1	6656
SPINK5	6657
IMPA1	6658
LRRCC1	6659
E2F5	6660
CA1	6661
CCDC59	6662
SWAP70	6663
BMAL1	6664
LYVE1	6665
AMPD3	6666
SBF2	6667
MICAL2	6668
RRAS2	6669
HSD17B4	6670
ZFC3H1	6671
TEX15	6672
SARAF	6673
RNF122	6674
DUSP26	6675
DPF2	6676
MEN1	6677
ERG28	6678
GSC	6679
DGLUCY	6680
UNC79	6681
NUMB	6682
CATSPERB	6683
VRTN	6684
COX16	6685
TTC9	6686
MED6	6687
EIF2S1	6688
ADAM20	6689
LOXL2	6690
ELP3	6691
PEBP4	6692
ADAMDEC1	6693
CTIF	6694
MRO	6695
MBD2	6696
IER3IP1	6697
MRPS36	6698
CCNB1	6699
CDK7	6700
CD180	6701
IRAK2	6702
CAMK1	6703
THUMPD3	6704
VHL	6705
BHLHE40	6706
ARL8B	6707
EDEM1	6708
CNTN6	6709
CHL1	6710
MEIS2	6711
DPH6	6712
KATNBL1	6713
EMC7	6714
TRPM1	6715
GNAT2	6716
GSTM1	6717
PRPF38B	6718
REG4	6719
TSPAN2	6720
TSHB	6721
GSTM5	6722
GSTM3	6723
SYT6	6724
VAV3	6725
CHIA	6726
PSRC1	6727
HMGCS2	6728
PTPN22	6729
SORT1	6730
WNT2B	6731
PTGFRN	6732
LAMTOR5	6733
ADAM30	6734
NOTCH2	6735
TRIM45	6736
CEPT1	6737
CD101	6738
VTCN1	6739
NGF	6740
AP4B1	6741
NAPG	6742
SPIRE1	6743
PPHLN1	6744
FKBP11	6745
ARF3	6746
TMEM106C	6747
SLC38A2	6748
YWHAQ	6749
KIDINS220	6750
GRHL1	6751
ROCK2	6752
RSAD2	6753
MYCN	6754
LPIN1	6755
CMPK2	6756
IAH1	6757
LDHA	6758
SAA2	6759
ANO3	6760
IL6ST	6761
FST	6762
CFHR4	6763
NAV1	6764
CDC73	6765
TIMM17A	6766
CRB1	6767
CFHR5	6768
ERN2	6769
RPS15A	6770
RAX	6771
NARS1	6772
GRP	6773
RELCH	6774
FBH1	6775
RBM17	6776
IL2RA	6777
ANKRD16	6778
ECHDC3	6779
IL15RA	6780
CCNH	6781
HRH4	6782
TMEM241	6783
KCTD1	6784
CABLES1	6785
DOCK2	6786
EMP1	6787
SOX5	6788
RERG	6789
SLCO1B1	6790
KLRD1	6791
KLRC1	6792
SPX	6793
PRH2	6794
LRP4	6795
MYBPC3	6796
DDB2	6797
ACP2	6798
USP26	6799
RTL8C	6800
RAB33A	6801
SOX3	6802
RBMX2	6803
STK26	6804
PIWIL4	6805
MTNR1B	6806
PUM1	6807
SPOCD1	6808
YARS1	6809
PHC2	6810
CDCA8	6811
GNL2	6812
AGO4	6813
HOOK1	6814
CYP2J2	6815
BTF3L4	6816
TUT4	6817
PRPF38A	6818
DSC2	6819
DSG3	6820
RNF138	6821
ELP2	6822
DSG1	6823
DSC3	6824
DSC1	6825
DTNA	6826
FHOD3	6827
TPGS2	6828
DAGLA	6829
SLC43A3	6830
TIMM10	6831
CBLIF	6832
DHX34	6833
APLNR	6834
FADS2	6835
TMEM258	6836
TCN1	6837
C5AR2	6838
TMEM165	6839
CLOCK	6840
PDGFRA	6841
GGACT	6842
COL4A2	6843
CLDN10	6844
DZIP1	6845
UBAC2	6846
ARGLU1	6847
BIVM	6848
ERCC5	6849
TPP2	6850
POGLUT2	6851
CARS2	6852
ARHGAP32	6853
STT3A	6854
ADAMTS8	6855
ACRV1	6856
ETS1	6857
SLC37A2	6858
KLB	6859
TMED7	6860
APC	6861
NREP	6862
WDR36	6863
OSTF1	6864
RFK	6865
UBQLN1	6866
NAA35	6867
C9orf40	6868
ANXA1	6869
CTSL	6870
CEMIP2	6871
AGTPBP1	6872
GOLM1	6873
ENTREP1	6874
PSAT1	6875
ISCA1	6876
ADAM19	6877
HAVCR2	6878
CCNJL	6879
TAOK3	6880
USP30	6881
SDS	6882
MSI1	6883
HNF1A	6884
FBXO21	6885
TBX3	6886
OASL	6887
HRK	6888
RNFT2	6889
P2RX4	6890
BICDL1	6891
DTX1	6892
TRAFD1	6893
DMTF1	6894
OCM2	6895
TMEM243	6896
CCDC146	6897
TMEM60	6898
CD36	6899
UGT2A3	6900
CSN2	6901
UGT2B28	6902
PNPLA8	6903
HILPDA	6904
GARIN1B	6905
RINT1	6906
SRPK2	6907
KCP	6908
TES	6909
MDFIC	6910
MTO1	6911
ADGRB3	6912
ANKRD6	6913
HTR1B	6914
KHDC1	6915
CEP162	6916
SYNCRIP	6917
SNX14	6918
NT5E	6919
MRAP2	6920
EPHA7	6921
AKIRIN2	6922
ORC3	6923
LCA5	6924
MAP3K7	6925
CGA	6926
GJA10	6927
PRR5L	6928
LMO2	6929
PHF21A	6930
NAT10	6931
EHF	6932
ELF5	6933
PRRG4	6934
CAPRIN1	6935
ATP5MC2	6936
DNAJC14	6937
CD63	6938
PRPH	6939
AVIL	6940
AMHR2	6941
LACRT	6942
GDF11	6943
GLS2	6944
ITGA7	6945
TESPA1	6946
FAM186B	6947
RDH5	6948
AGAP2	6949
BLOC1S1	6950
CDK4	6951
PPP1R1A	6952
TROAP	6953
TSPAN31	6954
B4GALNT1	6955
TFCP2	6956
COQ10A	6957
FAIM2	6958
PAN2	6959
ESPL1	6960
KRT7	6961
ZC3H10	6962
HNRNPA1	6963
ACVR1B	6964
OS9	6965
MIP	6966
KCNH3	6967
LTV1	6968
MAP7	6969
CD164	6970
AFG1L	6971
NHSL1	6972
AHI1	6973
HEY2	6974
PKIB	6975
TAAR5	6976
NMBR	6977
SMPD2	6978
MICAL1	6979
REPS1	6980
STX11	6981
TEC	6982
PRADC1	6983
SEMA4F	6984
CCT7	6985
EGR4	6986
RAB11FIP5	6987
SMYD5	6988
DYSF	6989
CCDC142	6990
EMX1	6991
KCNMB4	6992
USP15	6993
GNS	6994
CPM	6995
MDM2	6996
KLHL36	6997
BCO1	6998
MPHOSPH6	6999
CHST5	7000
KIAA0513	7001
DYNC1LI2	7002
FBXL8	7003
FHOD1	7004
CCDC102A	7005
SLC9A5	7006
AGT	7007
ZNF670-ZNF695	7008
PCNX2	7009
KCNK1	7010
URB2	7011
EGLN1	7012
CAPN9	7013
COG2	7014
ABCB10	7015
NTPCR	7016
TAF5L	7017
GLUL	7018
STX6	7019
RGS8	7020
RNASEL	7021
DHX9	7022
KIAA1614	7023
CEP350	7024
NPL	7025
NIBAN1	7026
PIGC	7027
LAMC1	7028
RC3H1	7029
GPR55	7030
SP110	7031
MRPL44	7032
CHRND	7033
PAX3	7034
DOCK10	7035
TTLL4	7036
USP37	7037
HTR2B	7038
ITM2C	7039
SLC19A3	7040
SERPINE2	7041
DNAJB2	7042
WNT10A	7043
TMBIM1	7044
CYP27A1	7045
EIF4E2	7046
ARMC9	7047
CAB39	7048
COX5B	7049
REV1	7050
TSGA10	7051
MFSD9	7052
TMEM127	7053
EDAR	7054
TGFBRAP1	7055
GCC2	7056
MRPS9	7057
GPR45	7058
C2orf49	7059
ANKRD36	7060
EPC2	7061
ARHGEF4	7062
ISCU	7063
ALDH1L2	7064
STAB2	7065
USP44	7066
SCYL2	7067
CKAP4	7068
PLXNC1	7069
APPL2	7070
PWP1	7071
DRAM1	7072
WASHC4	7073
SLC41A2	7074
VILL	7075
FLNB	7076
NEK3	7077
PCDH8	7078
VPS36	7079
RNASEH2B	7080
CKAP2	7081
CNMD	7082
TBC1D4	7083
THSD1	7084
BORA	7085
LRCH1	7086
SUCLA2	7087
RCBTB1	7088
MED4	7089
PHF11	7090
COG3	7091
LMO7	7092
SCEL	7093
ITM2B	7094
SPRY2	7095
NUDT15	7096
EDNRB	7097
RCBTB2	7098
LCP1	7099
SETDB2	7100
SCRN1	7101
C7orf25	7102
TNS3	7103
SPDYE1	7104
CHST12	7105
IGF2BP3	7106
GPNMB	7107
RAPGEF5	7108
RAC1	7109
KDELR2	7110
NUP42	7111
IL6	7112
ZDHHC4	7113
AOAH	7114
BZW2	7115
DGKB	7116
TBRG4	7117
DDX56	7118
HUS1	7119
NACAD	7120
DBNL	7121
CCM2	7122
MYO1G	7123
TTYH3	7124
MMD2	7125
CIDEB	7126
TTC5	7127
NKX2-8	7128
NKX2-1	7129
ZFHX2	7130
MTHFS	7131
ADAMTS7	7132
ABHD17C	7133
IREB2	7134
ALPK3	7135
TM6SF1	7136
CIB2	7137
CALCOCO2	7138
RSAD1	7139
NMT1	7140
MYCBPAP	7141
SRSF1	7142
VEZF1	7143
CHAD	7144
TACO1	7145
TEX2	7146
DCAF7	7147
LIMD2	7148
BRIP1	7149
KAT7	7150
RTP4	7151
ACTL6A	7152
NDUFB5	7153
MRPL47	7154
TRA2B	7155
SCN2A	7156
TBR1	7157
MARCHF7	7158
ERMN	7159
GALNT5	7160
SCN7A	7161
TANK	7162
BLK	7163
GATA4	7164
SKIL	7165
EPRS1	7166
HLX	7167
VPS45	7168
IL10	7169
KCTD3	7170
RPS6KC1	7171
ZNG1B	7172
IL36G	7173
IL1RN	7174
IL36A	7175
IL36RN	7176
IL36B	7177
CFC1	7178
SMPD4	7179
WDR33	7180
CCDC115	7181
SAP130	7182
BIN1	7183
IMP4	7184
HS6ST1	7185
UGGT1	7186
GYPC	7187
STAM	7188
GAD2	7189
ABI1	7190
YME1L1	7191
DNAJC1	7192
NIPSNAP3A	7193
LRRC8A	7194
CDK9	7195
TXN	7196
ODF2	7197
ECPAS	7198
TOR1B	7199
C9orf78	7200
SMC2	7201
KLF4	7202
TOR1A	7203
RALGPS1	7204
NIBAN2	7205
OR1J1	7206
OR13C9	7207
ST6GALNAC4	7208
TMOD1	7209
DAB2IP	7210
STXBP1	7211
SLC2A8	7212
ANGPTL2	7213
CDK5RAP2	7214
ZFP37	7215
SLC31A2	7216
SLC31A1	7217
TLR4	7218
ZNF189	7219
ALDOB	7220
STX17	7221
PRPF4	7222
FPGS	7223
USP20	7224
BAAT	7225
KIF12	7226
ATP6V1G1	7227
TEX10	7228
GARNL3	7229
MRPL50	7230
DPM2	7231
WDR38	7232
TSTD2	7233
GABBR2	7234
HEMGN	7235
PSMB7	7236
NR5A1	7237
TRMO	7238
RABEPK	7239
GOLGA1	7240
XPA	7241
NCBP1	7242
ANP32B	7243
PDCL	7244
RPL35	7245
CTSV	7246
LMX1B	7247
ARPC5L	7248
ENPP2	7249
DSCC1	7250
DERL1	7251
MYC	7252
CCN3	7253
IL33	7254
DMAC1	7255
RANBP6	7256
POLR1E	7257
PLAA	7258
IL11RA	7259
UBAP2	7260
APTX	7261
RNF38	7262
TLN1	7263
CCL21	7264
SIT1	7265
IFNA21	7266
DMRT1	7267
DNAJB5	7268
SPAG8	7269
DCTN3	7270
CD72	7271
TMEM8B	7272
GRHPR	7273
ALDH1B1	7274
HINT2	7275
ARHGEF39	7276
IGFBPL1	7277
DENND4C	7278
RPS6	7279
CNPY3	7280
FOXP4	7281
PPIL1	7282
KLC4	7283
KIF13A	7284
ZSCAN9	7285
PIM1	7286
GMPR	7287
CMTR1	7288
TFAP2A	7289
SLC22A7	7290
YIPF3	7291
TMEM14B	7292
TMEM63B	7293
FRS3	7294
TJAP1	7295
CAPN11	7296
TINAG	7297
HCRTR2	7298
KIAA0319	7299
IRF4	7300
SLC22A23	7301
TUBB2A	7302
LRRC1	7303
GCM1	7304
FOXF2	7305
BPHL	7306
RIPK1	7307
TUBB2B	7308
UQCC2	7309
HMGA1	7310
TCF19	7311
FLOT1	7312
IER3	7313
MDC1	7314
PGBD1	7315
ATAT1	7316
TPMT	7317
CLPS	7318
RNF144B	7319
NRM	7320
MTCH1	7321
VARS2	7322
TAF8	7323
FAM8A1	7324
C6orf52	7325
FGFBP1	7326
FGFBP2	7327
CPEB2	7328
FHDC1	7329
TLR2	7330
MGARP	7331
TTC29	7332
MYO7A	7333
FCHSD2	7334
ARRB1	7335
SLCO2B1	7336
THAP12	7337
ANKRD42	7338
IL18BP	7339
NUMA1	7340
CCDC90B	7341
SYTL2	7342
RAB30	7343
CREBZF	7344
LRRC32	7345
PRCP	7346
NARS2	7347
RNF121	7348
MRPL15	7349
PI15	7350
TTPA	7351
GGH	7352
SLCO5A1	7353
SULF1	7354
TGS1	7355
SDCBP	7356
NEK1	7357
DDX60	7358
NXPE4	7359
SORL1	7360
TMPRSS4	7361
BUD13	7362
TRPC6	7363
MMP7	7364
MMP20	7365
MMP27	7366
CFAP300	7367
DCUN1D5	7368
YAP1	7369
TRIM29	7370
SLC37A4	7371
BTG4	7372
POU2F3	7373
RDX	7374
PPP2R1B	7375
FDX1	7376
CFAP68	7377
FXYD6	7378
ARHGAP20	7379
FXYD2	7380
MMP13	7381
TMPRSS13	7382
CASP1	7383
CASP5	7384
ALKBH8	7385
MAP2K5	7386
UNC13C	7387
SQOR	7388
CTDSPL2	7389
SLTM	7390
THBS1	7391
MAPKBP1	7392
NUSAP1	7393
NDUFAF1	7394
KIF23	7395
ITGA11	7396
KNL1	7397
HAUS2	7398
RTF1	7399
PARP6	7400
RPLP1	7401
PAQR5	7402
LRRC49	7403
TUBGCP4	7404
RMDN3	7405
ITPKA	7406
UACA	7407
SMAD6	7408
PLCB2	7409
TMEM62	7410
PAK6	7411
ADAM10	7412
DUOX1	7413
SLC28A2	7414
STRA6	7415
CYP19A1	7416
ZNF280D	7417
SEMA6D	7418
BCL2L10	7419
RSL24D1	7420
SPTBN5	7421
GCOM1	7422
GCHFR	7423
BCAR3	7424
TTLL7	7425
FNBP1L	7426
KYAT3	7427
GTF2B	7428
BRDT	7429
RABGGTB	7430
IFI44L	7431
GIPC2	7432
ARHGAP29	7433
IFI44	7434
SLC44A5	7435
CLCA2	7436
DNASE2B	7437
DBT	7438
RTCA	7439
IFT172	7440
SELENOI	7441
CGREF1	7442
HADHB	7443
KHK	7444
ADCY3	7445
PPM1B	7446
PNPT1	7447
DYNC2LI1	7448
LHCGR	7449
THUMPD2	7450
CYP1B1	7451
SULT6B1	7452
RAB1A	7453
ACTR2	7454
PREB	7455
SLC5A6	7456
ABCG5	7457
PREPL	7458
SLC3A1	7459
EMILIN1	7460
FBXO11	7461
SIX3	7462
ATRAID	7463
CENPO	7464
LRPPRC	7465
TRIM54	7466
DTNB	7467
ACTR1A	7468
CYP2C9	7469
MFSD13A	7470
CYP2C8	7471
MYOF	7472
LOXL4	7473
STAMBPL1	7474
CH25H	7475
LBX1	7476
ATAD1	7477
BTBD16	7478
KIF11	7479
CUZD1	7480
TACC2	7481
DUSP5	7482
CALHM2	7483
ARL3	7484
CEP55	7485
KIF20B	7486
ENTPD1	7487
EXOC6	7488
PLCE1	7489
RBP4	7490
DBR1	7491
DNAJC13	7492
GPR87	7493
ANXA7	7494
FAM149B1	7495
ASCC1	7496
PLA2G12B	7497
ZNF365	7498
OIT3	7499
ADAMTS14	7500
RPS24	7501
TET1	7502
DNA2	7503
MYPN	7504
AOX1	7505
ATIC	7506
SMARCAL1	7507
BARD1	7508
STAT4	7509
MSTN	7510
CARF	7511
ASNSD1	7512
METTL5	7513
SSB	7514
NAB1	7515
CDK15	7516
PPIG	7517
FASTKD1	7518
MDH1B	7519
HECW2	7520
IDH1	7521
OLA1	7522
CIR1	7523
ITPRID2	7524
CHRNA1	7525
FAM117B	7526
WDR12	7527
ABI2	7528
ITGAV	7529
SLC40A1	7530
SLC35A5	7531
SLC49A4	7532
SENP7	7533
GUCA1C	7534
CCDC54	7535
COX17	7536
PARP9	7537
MNS1	7538
USP8	7539
SECISBP2L	7540
TMOD3	7541
SPPL2A	7542
GLCE	7543
SHF	7544
APH1B	7545
INTS14	7546
CILP	7547
PARP16	7548
PPCDC	7549
HCN4	7550
SEMA7A	7551
UBL7	7552
ARHGAP24	7553
FAM13A	7554
HERC3_ENSG00000138641	7555
HERC6	7556
HERC5	7557
PCDH10	7558
NDST4	7559
ZGRF1	7560
AP1AR	7561
COPS4	7562
HNRNPD	7563
PRKG2	7564
RASGEF1B	7565
SEC31A	7566
FGF5	7567
GPAT3	7568
IL21	7569
FGF2	7570
BBS7	7571
BLTP1	7572
BMPR1B	7573
RAP1GDS1	7574
LARP1B	7575
MMRN1	7576
PDE5A	7577
PRDM5	7578
TRPC3	7579
NAAA	7580
NUP54	7581
CXCL9	7582
BMP2K	7583
G3BP2	7584
SEPTIN11	7585
FRAS1	7586
SCARB2	7587
CCNG2	7588
CNOT6L	7589
USO1	7590
CDKL2	7591
SHROOM3	7592
ANXA3	7593
PPA2	7594
CENPE	7595
GSTCD	7596
INTS12	7597
ENPEP	7598
CASP6	7599
LEF1	7600
HADH	7601
EGF	7602
PAPSS1	7603
SEC24B	7604
C4orf17	7605
PPP3CA	7606
SLC39A8	7607
MTTP	7608
FBN2	7609
MAPK8IP3	7610
RGS3	7611
GUCD1	7612
TTLL8	7613
RNF185	7614
SHISAL1	7615
PARVG	7616
B4GALNT3	7617
PDE6H	7618
ERP27	7619
ETV6	7620
GABARAPL1	7621
KIF21A	7622
CPNE8	7623
YARS2	7624
FGD4	7625
ALG10	7626
PIK3C2G	7627
SINHCAF	7628
PLCZ1	7629
AEBP2	7630
SLCO1C1	7631
ETFBKMT	7632
ETNK1	7633
ZCRB1	7634
TMEM117	7635
PRICKLE1	7636
C1RL	7637
NDUFA9	7638
CLSTN3	7639
KLRG1	7640
VAMP1	7641
TAPBPL	7642
CD27	7643
RBP5	7644
PEX5	7645
PIANP	7646
SLC38A4	7647
AMIGO2	7648
SCAF11	7649
COL2A1	7650
PPFIA2	7651
ANP32D	7652
LLPH	7653
LRIG3	7654
MARCHF9	7655
INHBE	7656
GLIPR1	7657
TPH2	7658
PHLDA1	7659
TMEM19	7660
LGR5	7661
PTPRQ	7662
DUSP6	7663
POC1B	7664
TMTC3	7665
LUM	7666
KERA	7667
SNRPF	7668
AMDHD1	7669
NEDD1	7670
SYCP3	7671
ASCL1	7672
GAS2L3	7673
TMEM132B	7674
SLC15A4	7675
TDG	7676
RITA1	7677
SDSL	7678
MMAB	7679
GLTP	7680
GIT2	7681
TCHP	7682
FAM222A	7683
FOXN4	7684
NUP58	7685
MTMR6	7686
SLC46A3	7687
SLC7A1	7688
PDX1	7689
LNX2	7690
SUOX	7691
CCDC65	7692
SLC39A5	7693
TARBP2	7694
RDH16	7695
DHH	7696
ACVRL1	7697
GPR84	7698
NPFF	7699
NABP2	7700
N4BP2L1	7701
CELA1	7702
SMARCC2	7703
BRCA2	7704
KANSL2	7705
CERS5	7706
MAP3K12	7707
ITGB7	7708
GALNT6	7709
CSAD	7710
LMBR1L	7711
MYG1	7712
ESYT1	7713
TMBIM6	7714
ANKRD52	7715
ZNF740	7716
WDFY2	7717
HNRNPA1L2	7718
LPAR6	7719
ESD	7720
RB1	7721
SBNO1	7722
MORN3	7723
SETD1B	7724
VPS33A	7725
VPS37B	7726
RHOF	7727
DENR	7728
DIAPH3	7729
SLAIN1	7730
RBM26	7731
SRRM4	7732
METTL21C	7733
MBNL2	7734
RNF113B	7735
ZIC5	7736
ABHD13	7737
RAB20	7738
GRTP1	7739
CUL4A	7740
TTC6	7741
SSTR1	7742
CDH24	7743
REM2	7744
CBLN3	7745
TSSK4	7746
NOVA1	7747
FITM1	7748
MDGA2	7749
TMX1	7750
FRMD6	7751
PELI2	7752
RTN1	7753
ARMH4	7754
SYT16	7755
SLC38A6	7756
NAA30	7757
ADAM21	7758
RDH12	7759
DCAF5	7760
RAB15	7761
WDR89	7762
ESR2	7763
KCNH5	7764
STON2	7765
EFCAB11	7766
GPR65	7767
PTGR2	7768
JDP2	7769
AK7	7770
FAM181A	7771
SLC24A4	7772
FBLN5	7773
SERPINA10	7774
CLBA1	7775
WARS1	7776
SLC25A47	7777
WDR20	7778
NIPA2	7779
SLC12A6	7780
DUOXA1	7781
MFAP1	7782
TCF12	7783
SORD	7784
SERF2	7785
ZSCAN29	7786
DUOXA2	7787
DUOX2	7788
LYSMD2	7789
SLC27A2	7790
FGF7	7791
HDC	7792
GCNT3	7793
BNIP2	7794
GTF2A2	7795
SRP14	7796
BAHD1	7797
DISP2	7798
CDAN1	7799
TLE3	7800
ANP32A	7801
COMMD4	7802
UBE2Q2	7803
PSTPIP1	7804
ETFA	7805
BCL2A1	7806
HMG20A	7807
SCAPER	7808
TSPAN3	7809
SKIC8	7810
NCOA2	7811
NEIL1	7812
MAN2C1	7813
DNAJA4	7814
TLNRD1	7815
TPM1	7816
IGF1R	7817
ARRDC4	7818
PIF1	7819
USP3	7820
CYP11A1	7821
BBS4	7822
PML	7823
CYP1A1	7824
ADAMTS17	7825
LINS1	7826
ULK3	7827
GOLGA6D	7828
PCSK6	7829
CCDC33	7830
CELF6	7831
SCAMP2	7832
CYP1A2	7833
LMAN1L	7834
HAPLN3	7835
RHCG	7836
POLG	7837
RLBP1	7838
FANCI	7839
ABHD2	7840
WDR93	7841
TICRR	7842
NTRK3	7843
DET1	7844
MFGE8	7845
ZNF710	7846
UNC45A	7847
ST8SIA2	7848
MCTP2	7849
FURIN	7850
IQGAP1	7851
CRTC3	7852
EFL1	7853
SH3GL3	7854
SEC11A	7855
SEPTIN12	7856
GLYR1	7857
PMM2	7858
SLC5A2	7859
ITGAX	7860
TGFB1I1	7861
RUSF1	7862
ARMC5	7863
PARN	7864
FTO	7865
UQCRC2	7866
CDR2	7867
IGSF6	7868
ARHGAP17	7869
MYLK3	7870
ABCC12	7871
NKD1	7872
DHX38	7873
TXNL4B	7874
MARVELD3	7875
CHST4	7876
ZFHX3	7877
CLEC18B	7878
CPNE2	7879
NLRC5	7880
KATNB1	7881
KIFC3	7882
ADAMTS18	7883
NUDT7	7884
GCSH	7885
CMTM3	7886
CMTM2	7887
CDH11	7888
NOL3	7889
MAP1LC3B	7890
MBTPS1	7891
CDH13	7892
ZCCHC14	7893
MEAK7	7894
ADAD2	7895
OSGIN1	7896
IRF8	7897
RHOT2	7898
RPL3L	7899
ZSCAN32	7900
RPS2	7901
NDUFB10	7902
PDPK1	7903
TIGD7	7904
DEF8	7905
TCF25	7906
GALNS	7907
GAS8	7908
MED9	7909
NCOR1	7910
COPS3	7911
GID4	7912
ZNF287	7913
MYOCD	7914
KSR1	7915
UTP4	7916
RANBP10	7917
CTRL	7918
DPEP3	7919
GFOD2	7920
NOB1	7921
PRPSAP2	7922
UNC45B	7923
PCTP	7924
OR4D1	7925
TOM1L1	7926
KIF2B	7927
C17orf80	7928
TOB1	7929
VPS53	7930
SPATA22	7931
SGSM2	7932
NPEPPS	7933
SKAP1	7934
LRRC46	7935
SCRN2	7936
SSH2	7937
RHBDL3	7938
SPACA3	7939
ARSG	7940
ABCA8	7941
G6PC3	7942
CLTC	7943
CHCT1	7944
BCAS3	7945
PTRH2	7946
SS18	7947
TAF4B	7948
AFG3L2	7949
PRELID3A	7950
IMPA2	7951
GNAL	7952
SLC39A6	7953
RPRD1A	7954
C18orf21	7955
GALNT1	7956
ASXL3	7957
ADCYAP1	7958
MEP1B	7959
SLC25A52	7960
GAREM1	7961
ESCO1	7962
OSBPL1A	7963
GATA6	7964
GREB1L	7965
RMC1	7966
PELP1	7967
NPC1	7968
SLC14A1	7969
ARRB2	7970
SLC13A5	7971
ZMYND15	7972
WRAP53	7973
MINK1	7974
SAT2	7975
ASGR1	7976
PIK3R5	7977
TP53	7978
CCDC40	7979
ARHGDIA	7980
TMC6	7981
SLC16A3	7982
CARD14	7983
TTYH2	7984
RAB40B	7985
EIF4A3	7986
CSNK1D	7987
ANAPC11	7988
TBCD	7989
FN3KRP	7990
NARF	7991
RPTOR	7992
FOXK2	7993
TRIM65	7994
CBX8	7995
SECTM1	7996
RNF157	7997
CEP131	7998
ZNF750	7999
WDR45B	8000
CBX4	8001
RNF165	8002
DYM	8003
MAPK4	8004
ELAC1	8005
MBD1	8006
SMAD4	8007
TNFRSF11A	8008
ZCCHC2	8009
FBXO15	8010
CBLN2	8011
PMAIP1	8012
P3H4	8013
NT5C3B	8014
RETREG3	8015
ERBB2	8016
GRB7	8017
MIEN1	8018
PNMT	8019
ARL5C	8020
STAC2	8021
IGFBP4	8022
FKBP10	8023
TXNL4A	8024
CACNA1A	8025
MISP3	8026
SAMD1	8027
BRD4	8028
SLC39A3	8029
NFIC	8030
TPGS1	8031
PLPP2	8032
ZIM3	8033
PRDM15	8034
PFKL	8035
FEM1A	8036
VAV1	8037
MVB12A	8038
CIB3	8039
ENSG00000141979.4	8040
SH3GL1	8041
DUS3L	8042
DPP9	8043
DMRTC2	8044
CCDC97	8045
TMEM91	8046
ZFP14	8047
SIRT3	8048
IFITM3	8049
PGGHG	8050
HUNK	8051
COL6A1	8052
IFNAR1	8053
SOD1	8054
COL6A2	8055
SIK1	8056
DNMT3L	8057
TRPM2	8058
SCYL1	8059
TMEM50B	8060
APP	8061
DOP1B	8062
URB1	8063
AKT1	8064
IL19	8065
EMP3	8066
SAE1	8067
NTN5	8068
LMTK3	8069
GEMIN7	8070
CBLC	8071
WTIP	8072
ADAMTS10	8073
SLC6A3	8074
RNPEPL1	8075
CAPN10	8076
MYO1F	8077
ERVK3-1	8078
NLRP12	8079
CACNG8	8080
ZNF787	8081
TIMM29	8082
FBN3	8083
CARM1	8084
EVI5L	8085
TM4SF5	8086
SLC47A1	8087
PSMB6	8088
SIGLEC10	8089
ACP4	8090
KLK3	8091
ZNF473	8092
GARIN5A	8093
RPS11	8094
PTH2	8095
ENSG00000142539.9	8096
RPL13A	8097
CTU1	8098
NOSIP	8099
IGLON5	8100
RCN3	8101
ZNF614	8102
SLC2A5	8103
RERE	8104
MMEL1	8105
CFAP74	8106
PRDM16	8107
CELA2A	8108
PADI3	8109
FHAD1	8110
PADI1	8111
EPHA2	8112
ARHGEF19	8113
EFHD2	8114
PEX14	8115
PGD	8116
MYOM3	8117
SH3BGRL3	8118
CNKSR1	8119
RPL11	8120
IL22RA1	8121
ZNF593	8122
C1orf216	8123
KIAA0319L	8124
EVA1B	8125
C1orf94	8126
DMRTA2	8127
PLK4	8128
MAP3K6	8129
FCN3	8130
GPN2	8131
SYTL1	8132
WDTC1	8133
CELA3A	8134
NBPF3	8135
HSPG2	8136
ITGB3BP	8137
SERBP1	8138
BCL10	8139
CCN1	8140
PRKACB	8141
PIGK	8142
TINAGL1	8143
AZIN2	8144
RPS8	8145
KIF2C	8146
PTPRF	8147
BEST4	8148
MOB3C	8149
CYP4B1	8150
TMEM61	8151
DMRTB1	8152
LMO4	8153
SYPL2	8154
BARHL2	8155
MTF2	8156
SLC44A3	8157
IGSF3	8158
ZNF697	8159
CTTNBP2NL	8160
STRIP1	8161
PSMA5	8162
FNDC7	8163
C1orf162	8164
CD53	8165
PROK1	8166
CELSR2	8167
ITGA10	8168
GPR161	8169
ALDH9A1	8170
ATP1B1	8171
TIPRL	8172
NME7	8173
POGK	8174
MPC2	8175
CREG1	8176
DCAF6	8177
GPA33	8178
RXRG	8179
TBX19	8180
UCK2	8181
TMCO1	8182
XCL1	8183
XCL2	8184
POU2F1	8185
MAEL	8186
ILDR2	8187
DPT	8188
MGST3	8189
ADCY10	8190
COP1	8191
NECTIN4	8192
UFC1	8193
PPOX	8194
FCGR2A	8195
NUF2	8196
RGS5	8197
SDHC	8198
PFDN2	8199
NR1I3	8200
USP21	8201
F13B	8202
PRCC	8203
FCRL5	8204
METTL25B	8205
MRPL24	8206
PIGM	8207
CASQ1	8208
ISG20L2	8209
CRABP2	8210
HDGF	8211
ABL2	8212
XPR1	8213
RGS16	8214
TOR1AIP1	8215
FAM163A	8216
HMCN1	8217
RGL1	8218
LYPLAL1	8219
LHX9	8220
PRUNE1	8221
RORC	8222
TUFT1	8223
SF3B4	8224
ECM1	8225
ZNF687	8226
TARS2	8227
CGN	8228
SNX27	8229
SETDB1	8230
ADAMTSL4	8231
MCL1	8232
CTSK	8233
RFX5	8234
PI4KB	8235
PIP5K1A	8236
ANP32E	8237
MINDY1	8238
ANXA9	8239
SELENBP1	8240
CERS2	8241
ENSA	8242
SEMA6C	8243
MRPL9	8244
ARNT	8245
POGZ	8246
C1orf56	8247
OAZ3	8248
HORMAD1	8249
GOLPH3L	8250
GABPB2	8251
SYT14	8252
KCNH1	8253
DTL	8254
DYRK3	8255
EIF2D	8256
INTS7	8257
VASH2	8258
TAF1A	8259
SMYD2	8260
SUSD4	8261
DUSP10	8262
HHIPL2	8263
TP53BP2	8264
ATP8B2	8265
FLG2	8266
CRNN	8267
ADAM15	8268
JTB	8269
RAB13	8270
S100A8	8271
TPM3	8272
NUP210L	8273
SNAPIN	8274
SLC27A3	8275
S100A7	8276
UBAP2L	8277
SLC39A1	8278
HAX1	8279
CREB3L4	8280
EFNA3	8281
AQP10	8282
KCNN3	8283
C1orf43	8284
GATAD2B	8285
ILF2	8286
RIT1	8287
INTS3	8288
PKLR	8289
HCN3	8290
FLG	8291
ACTA1	8292
C1orf131	8293
GALNT2	8294
TTC13	8295
SCCPDH	8296
LYST	8297
MAP3K21	8298
CEP170	8299
ACP1	8300
SNAP47	8301
SRP9	8302
NVL	8303
SDE2	8304
DEGS1	8305
FBXO28	8306
ARF1	8307
LEFTY2	8308
CNIH4	8309
ITPKB	8310
GUK1	8311
CDC42BPA	8312
CNIH3	8313
C1orf35	8314
MBOAT2	8315
PARP1	8316
PSEN2	8317
PYCR2	8318
LBR	8319
WNT9A	8320
EPHX1	8321
REN	8322
SOX13	8323
ETNK2	8324
PPFIA4	8325
PLEKHA6	8326
PTPN7	8327
SYT2	8328
ARL8A	8329
OSR1	8330
GDF7	8331
PDIA6	8332
RHOB	8333
ATP6V1C2	8334
HNRNPLL	8335
GALM	8336
CAMKMT	8337
ABCG8	8338
EML4	8339
CALM2	8340
CHAC2	8341
RPS27A	8342
WDPCP	8343
VPS54	8344
REG3G	8345
ASXL2	8346
ETAA1	8347
SNRPG	8348
ABHD1	8349
MEIS1	8350
TRIM43B	8351
CIAO1	8352
ZNF514	8353
SNRNP200	8354
MRPS5	8355
ANKRD53	8356
TPRKB	8357
NAT8	8358
EXOC6B	8359
SFXN5	8360
TEX261	8361
DQX1	8362
DUSP11	8363
ST6GAL2	8364
NPHP1	8365
MALL	8366
THNSL2	8367
RALB	8368
C1QL2	8369
TMEM177	8370
NT5DC4	8371
RABL2A	8372
SLC20A1	8373
FBLN7	8374
ZC3H8	8375
LIPT1	8376
CNGA3	8377
FAHD2B	8378
LYG1	8379
AFF3	8380
UBXN4	8381
NXPH2	8382
SPOPL	8383
THSD7B	8384
GPR17	8385
POLR2D	8386
AMMECR1L	8387
GALNT13	8388
PKP4	8389
SCN1A	8390
SLC4A10	8391
SCRN3	8392
LNPK	8393
ZNF385B	8394
TMEFF2	8395
CDCA7	8396
DLX1	8397
UBR3	8398
PHOSPHO2	8399
GULP1	8400
FAM171B	8401
HSPD1	8402
CCDC150	8403
METTL21A	8404
UNC80	8405
PTH2R	8406
CPO	8407
NBEAL1	8408
KANSL1L	8409
SPAG16	8410
ABCA12	8411
SUMF1	8412
NYAP2	8413
RHBDD1	8414
ACKR3	8415
TRPM8	8416
HES6	8417
ESPNL	8418
ANKMY1	8419
COPS7B	8420
DIS3L2	8421
CPNE9	8422
FANCD2	8423
TAMM41	8424
VGLL4	8425
RAB5A	8426
RETREG2	8427
CTDSP1	8428
CNOT9	8429
MARCHF4	8430
STK11IP	8431
GMPPA	8432
GRIP2	8433
EAF1	8434
CNTN4	8435
DYNC1LI1	8436
RBMS3	8437
GADL1	8438
OSBPL10	8439
POMGNT2	8440
ACKR2	8441
GASK1A	8442
CSRNP1	8443
SLC25A38	8444
ITGA9	8445
SLC22A14	8446
GOLGA4	8447
CTDSPL	8448
STAC	8449
IQSEC1	8450
CAND2	8451
RPL32	8452
PTPRG	8453
IL17RD	8454
SHQ1	8455
SLC25A26	8456
UBA3	8457
ARL6IP5	8458
TMF1	8459
LRIG1	8460
LRTM1	8461
ENSG00000144785.8	8462
LIMD1	8463
ZNF660	8464
NFKBIZ	8465
COL8A1	8466
NXPE3	8467
ADGRG7	8468
MYH15	8469
PHLDB2	8470
ABHD10	8471
TAGLN3	8472
PLA1A	8473
RABL3	8474
ADPRH	8475
IGSF11	8476
ATG3	8477
NR1I2	8478
BOC	8479
SRPRB	8480
TMEM108	8481
AGTR1	8482
MED12L	8483
EIF2A	8484
ALDH1L1	8485
OSBPL11	8486
TRPC1	8487
NCEH1	8488
SPATA16	8489
FAM86B2	8490
LPP	8491
TMEM44	8492
RUBCN	8493
AMT	8494
TCTA	8495
NICN1	8496
UCN2	8497
DCAF1	8498
MANF	8499
STXBP5L	8500
EAF2	8501
ILDR1	8502
TM4SF19	8503
MUC4	8504
SLIT2	8505
EIF2B5	8506
AHSG	8507
ECE2	8508
VWA5B2	8509
DGKQ	8510
FIP1L1	8511
SLC26A1	8512
LYAR	8513
CENPC	8514
EPHA5	8515
CORIN	8516
ATP10D	8517
OCIAD2	8518
SLC10A4	8519
SLC10A6	8520
SCD5	8521
PLAC8	8522
ENOPH1	8523
CABS1	8524
GC	8525
TRMT10A	8526
KLHL8	8527
SNCA	8528
PYURF	8529
TBCK	8530
CAMK2D	8531
CISD2	8532
DDIT4L	8533
ANK2	8534
TIFA	8535
SPATA5	8536
FABP2	8537
CCNA2	8538
METTL14	8539
USP53	8540
SETD7	8541
NAF1	8542
MARCHF1	8543
SFRP2	8544
RPS3A	8545
RNF175	8546
PDGFC	8547
CBR4	8548
GLRA3	8549
CYP4V2	8550
ROPN1L	8551
NDUFS6	8552
MARCHF6	8553
NKD2	8554
CDH18	8555
ADAMTS16	8556
SRD5A1	8557
MYO10	8558
OTULINL	8559
RPL37	8560
SKP2	8561
OSMR	8562
UGT3A1	8563
PLK2	8564
SHISAL2B	8565
GZMA	8566
PIK3R1	8567
HAPLN1	8568
LHFPL2	8569
SSBP2	8570
BHMT	8571
ANKRD31	8572
IQGAP2	8573
CRHBP	8574
RASA1	8575
LIX1	8576
GIN1	8577
PPIP5K2	8578
PAM	8579
BDP1	8580
GTF2H2	8581
SLC30A5	8582
BTF3	8583
FBXL17	8584
SPATA9	8585
TSLP	8586
TNFAIP8	8587
FEM1C	8588
COMMD10	8589
ATG12	8590
MEGF10	8591
ADAMTS19	8592
YIPF5	8593
ARHGAP26	8594
CXCL14	8595
LECT2	8596
SLC25A48	8597
DDX46	8598
IL9	8599
TIMD4	8600
RNF145	8601
C1QTNF2	8602
GABRA6	8603
GABRB2	8604
FBXO38	8605
SPINK7	8606
PCYOX1L	8607
GLRA1	8608
TNIP1	8609
G3BP1	8610
ZNF300	8611
N4BP3	8612
NHP2	8613
RMND5B	8614
BOD1	8615
CPLX2	8616
TENM2	8617
KCNMB1	8618
FAM50B	8619
MYLK4	8620
FAM217A	8621
TBC1D7	8622
FARS2	8623
GFOD1	8624
CDKAL1	8625
PSD2	8626
LRRTM2	8627
ZMAT2	8628
GFRA3	8629
KLHL3	8630
DCDC2	8631
SLC17A4	8632
TRIM7	8633
TRIM41	8634
HIGD2A	8635
FAM193B	8636
PLA2G7	8637
TNFRSF21	8638
RNF44	8639
MMUT	8640
RASGEF1C	8641
DOK3	8642
ABT1	8643
PPP1R18	8644
DAAM2	8645
PRIM2	8646
MLIP	8647
HMGCLL1	8648
LGSN	8649
FGD2	8650
SCUBE3	8651
ANO7	8652
CRIP3	8653
TTBK1	8654
TCTE1	8655
RPL7L1	8656
NFKBIE	8657
CYP39A1	8658
TPBG	8659
IRAK1BP1	8660
PHIP	8661
PRSS35	8662
MMS22L	8663
FAXC	8664
GABRR1	8665
PNRC1	8666
PM20D2	8667
RARS2	8668
SCML4	8669
TBC1D32	8670
CLVS2	8671
GPR6	8672
RNF217	8673
RSPO3	8674
ARHGAP18	8675
TAAR2	8676
ABRACL	8677
SLC18B1	8678
MTFR2	8679
SLC2A12	8680
SHPRH	8681
AIG1	8682
DYNLT1	8683
TIAM2	8684
TMEM181	8685
PNLDC1	8686
WTAP	8687
ZMYM4	8688
VIP	8689
ARMT1	8690
SLC22A3	8691
VWDE	8692
GNA12	8693
C7orf50	8694
SDK1	8695
CCZ1B	8696
INTS15	8697
RBAK	8698
CREB5	8699
FERD3L	8700
EGFR	8701
CDCA5	8702
IGFBP3	8703
PURB	8704
IGFBP1	8705
SSC4D	8706
MDH2	8707
POMZP3	8708
NIPSNAP2	8709
CCT6A	8710
PSPH	8711
TRIM50	8712
ZNF92	8713
ATXN7L1	8714
TMEM168	8715
ASB15	8716
TRAPPC14	8717
SLC12A9	8718
GIGYF1	8719
TRIM4	8720
MEPCE	8721
ZAN	8722
TMEM209	8723
AGBL3	8724
STRA8	8725
ZC3HAV1L	8726
TMEM140	8727
TLK2	8728
EPHA1	8729
NOM1	8730
CNPY1	8731
NCAPG2	8732
ASB10	8733
NLGN4X	8734
SHROOM2	8735
RAB19	8736
LUC7L2	8737
DENND2A	8738
CLTRN	8739
SH3KBP1	8740
TMEM47	8741
LANCL3	8742
SYTL5	8743
CASK	8744
KDM6A	8745
SPIN2A	8746
MSN	8747
AKAP4	8748
CCNB3	8749
HDAC8	8750
SLC16A2	8751
DIPK2B	8752
ZNF157	8753
ZNF182	8754
CHST7	8755
KRBOX4	8756
NDUFB11	8757
ZNF41	8758
RAB41	8759
ZMYM3	8760
TAF1	8761
GPR174	8762
NONO	8763
CCDC120	8764
LPAR4	8765
EBP	8766
AWAT2	8767
OGT	8768
SNX12	8769
ITGB1BP2	8770
IL2RG	8771
GCNA	8772
ZNF711	8773
CPXCR1	8774
DIAPH2	8775
NXF3	8776
RIPPLY1	8777
PRPS1	8778
RADX	8779
FRMPD3	8780
HTR2C	8781
DOCK11	8782
IGSF1	8783
ARHGAP36	8784
GPC3	8785
RBMX	8786
MCPH1	8787
MFHAS1	8788
FBXO25	8789
FATE1	8790
NSDHL	8791
ZNF185	8792
CETN2	8793
RPL10	8794
CSGALNACT1	8795
ATP6V1B2	8796
CCDC25	8797
HMBOX1	8798
CHRNB3	8799
CHRNA6	8800
GNRH1	8801
BIN3	8802
DOK2	8803
SLC25A37	8804
CHMP7	8805
DOCK5	8806
STAR	8807
PLPBP	8808
ERLIN2	8809
SNTG1	8810
PXDNL	8811
ST18	8812
RGS20	8813
TACC1	8814
GOLGA7	8815
PLPP5	8816
GINS4	8817
NSD3	8818
DNAJC5B	8819
CRH	8820
TRIM55	8821
ADHFE1	8822
MRPS28	8823
PMP2	8824
LACTB2	8825
PRDM14	8826
TERF1	8827
RPL7	8828
SLC26A7	8829
PSKH2	8830
ATP6V0D2	8831
SYBU	8832
DPYS	8833
MTDH	8834
LRP12	8835
EBAG9	8836
RSPO2	8837
POLR2K	8838
MAL2	8839
EIF3H	8840
UTP23	8841
NDUFB9	8842
TATDN1	8843
FAM83A	8844
GSDMC	8845
FAM135B	8846
ZNF7	8847
ARHGAP39	8848
SLC39A4	8849
NAPRT	8850
VLDLR	8851
AK3	8852
UHRF2	8853
NFIB	8854
CER1	8855
PLIN2	8856
IFNA5	8857
HAUS6	8858
CDKN2B	8859
CDKN2A	8860
C9orf72_ENSG00000147894	8861
IFNK	8862
ZCCHC7	8863
FBXO10	8864
SIGMAR1	8865
ZNG1E	8866
CEP78	8867
NTRK2	8868
IDNK	8869
SHC3	8870
AUH	8871
MFSD14B	8872
AOPEP	8873
PLPPR1	8874
OR13C4	8875
ZNF462	8876
INIP	8877
UGCG	8878
ACTL7B	8879
SNX30	8880
STOM	8881
GSN	8882
MRRF	8883
NR6A1	8884
CRB2	8885
ALAD	8886
ASTN2	8887
WDR31	8888
POLE3	8889
SURF4	8890
GBGT1	8891
SURF1	8892
SURF2	8893
SURF6	8894
MED22	8895
REXO4	8896
RPL7A	8897
GTF3C5	8898
ASB6	8899
PTGES2	8900
NTMT1	8901
CIZ1	8902
SLC25A25	8903
SH3GLB2	8904
MIGA2	8905
PTGES	8906
LCN2	8907
LRSAM1	8908
HMCN2	8909
GPR107	8910
PAXX	8911
IDI2	8912
INPP5E	8913
SEC16A	8914
DPH7	8915
NOTCH1	8916
CACNA1B	8917
NACC2	8918
PROSER2	8919
USP6NL	8920
COMMD3	8921
MSRB2	8922
PDSS1	8923
FAM171A1	8924
MINDY3	8925
SLC39A12	8926
TMEM236	8927
RSU1	8928
ST8SIA6	8929
PARD3	8930
ANKRD30A	8931
ZEB1	8932
FAM13C	8933
NRBF2	8934
A1CF	8935
CDHR1	8936
LRIT1	8937
RGR	8938
POLR3A	8939
HERC4	8940
LRMDA	8941
CAMK2G	8942
ADIRF	8943
GLUD1	8944
ANKRD1	8945
HTR7	8946
RPP30	8947
FRA10AC1	8948
ADD3	8949
HABP2	8950
VAX1	8951
DNAJB12	8952
EIF4EBP2	8953
NPFFR1	8954
PLEKHS1	8955
TCF7L2	8956
MKI67	8957
CYP17A1	8958
INA	8959
FUOM	8960
LRRC27	8961
MTG1	8962
NKX6-2	8963
PAOX	8964
GSTO1	8965
TAF5	8966
PPRC1	8967
ITPRIP	8968
CNNM2	8969
PDCD11	8970
ADAM12	8971
RGS10	8972
BTBD10	8973
ADM	8974
GAS2	8975
SLC5A12	8976
LIN7C	8977
LRRC4C	8978
IMMP1L	8979
SAA4	8980
PGAP2	8981
TUT1	8982
SCGB1A1	8983
SYT8	8984
ZNF214	8985
ZNF215	8986
HSD17B12	8987
APIP	8988
PAMR1	8989
DGKZ	8990
EIF3M	8991
TNKS1BP1	8992
GLYAT	8993
SERPING1	8994
SSRP1	8995
SLC43A1	8996
PTPRJ	8997
CSTPP1	8998
ARFGAP2	8999
CELF1	9000
HIKESHI	9001
CCDC81	9002
SESN3	9003
ENDOD1	9004
CCDC82	9005
KLHL35	9006
TENM4	9007
SERPINH1	9008
CAPN5	9009
INTS4	9010
PAK1	9011
RPS3	9012
ZC3H12C	9013
TTC12	9014
NCAM1	9015
DRD2	9016
C11orf52	9017
HTR3B	9018
NPAT	9019
ATM	9020
AASDHPPT	9021
GLB1L2	9022
SLX4IP	9023
LAMTOR1	9024
P4HA3	9025
GRIK4	9026
ST14	9027
HYOU1	9028
GGTLC1	9029
ADAM33	9030
SLC22A8	9031
KAT14	9032
TKFC	9033
MTA2	9034
TMEM138	9035
FADS1	9036
TMC2	9037
ROM1	9038
EML3	9039
INCENP	9040
ZP1	9041
OOSP2	9042
MS4A3	9043
PLCH2	9044
CPSF7	9045
MS4A2	9046
B3GAT3	9047
EI24	9048
CCDC15	9049
CHEK1	9050
FEZ1	9051
ESAM	9052
KIRREL3	9053
MPZL2	9054
SCN2B	9055
SIDT2	9056
TMEM25	9057
TAGLN	9058
JPH2	9059
DUSP15	9060
COMMD7	9061
C20orf144	9062
KIAA1755	9063
SPATA25	9064
OCSTAMP	9065
DSN1	9066
SOGA1	9067
CNBD2	9068
SPINT4	9069
CDH22	9070
LSM14B	9071
YTHDF1	9072
CABLES2	9073
LTO1_ENSG00000149716	9074
GPHA2	9075
SLC22A9	9076
TRPT1	9077
NUDT22	9078
FERMT3	9079
PLCB3	9080
MRPL49	9081
CDC42EP2	9082
FAU	9083
TM7SF2	9084
VPS51	9085
TBX6	9086
PPP4C	9087
ALDOA	9088
TLCD3B	9089
DOC2A	9090
HIRIP3	9091
TAOK2	9092
TMEM219	9093
HMGA2	9094
MMP3	9095
CNKSR2	9096
CNTN5	9097
KLRF1	9098
CLEC1A	9099
MKX	9100
MPP7	9101
ITGB1	9102
FXYD4	9103
TRIM48	9104
PCDH15	9105
CTF1	9106
CWC15	9107
FCGR1A	9108
ARID5B	9109
KLHL1	9110
CDH8	9111
DCUN1D2	9112
TMCO3	9113
TMEM218	9114
TIRAP	9115
EEF1AKMT1	9116
LATS2	9117
SAP18	9118
ADGRL3	9119
KIAA1328	9120
FAM124A	9121
MIA2	9122
HNMT	9123
LYPD1	9124
LYPD6B	9125
PDCD4	9126
ADRA2A	9127
GPM6A	9128
WDR17	9129
SPATA4	9130
VEGFC	9131
CCDC102B	9132
CD226	9133
CNDP1	9134
FSIP1	9135
DLG2	9136
CCDC83	9137
RGS18	9138
PRSS23	9139
MTMR12	9140
PPP1R1C	9141
POU2AF2	9142
CCT5	9143
ATPSCKMT	9144
DOCK1	9145
DIXDC1	9146
DLAT	9147
PIH1D2	9148
NKAPD1	9149
TIMM8B	9150
IL18	9151
TEX12	9152
PTS	9153
PIP4K2A	9154
C2orf50	9155
FREM2	9156
FOXO1	9157
CRIM1	9158
SEC24D	9159
ABCB9	9160
RILPL2	9161
DHX37	9162
UBC	9163
ITPR1	9164
TKTL2	9165
PRSS53	9166
SLC7A11	9167
NOCT	9168
ENKUR	9169
GPR158	9170
LYZL2	9171
CACNA2D4	9172
DCP1B	9173
CACNA1C	9174
KCNA6	9175
THRB	9176
NGLY1	9177
OXSM	9178
UEVLD	9179
TMEM86A	9180
NOPCHAP1	9181
TMEM263	9182
ABTB3	9183
UBE3B	9184
ANK3	9185
IPMK	9186
RAD9B	9187
PLBD2	9188
DLG5	9189
MAT1A	9190
SLC2A13	9191
GXYLT1	9192
TWF1	9193
DIP2C	9194
EIF4E	9195
MAGI1	9196
TEX30	9197
CSNK1G3	9198
SRFBP1	9199
AKAP6	9200
NPAS3	9201
FAM177A1	9202
MBIP	9203
MIPOL1	9204
EXT2	9205
TMEM18	9206
ALLC	9207
KCTD14	9208
THRSP	9209
NDUFC2	9210
ME3	9211
MSGN1	9212
ADAMTS12	9213
NUBPL	9214
NEK7	9215
ATP6V1G3	9216
FER	9217
VIPAS39	9218
ANKRD50	9219
UPF2	9220
CDC123	9221
SCLT1	9222
CCDC3	9223
C4orf33	9224
FRMD4A	9225
SLC25A31	9226
PTPRO	9227
EPS8	9228
ACAD8	9229
THYN1	9230
VPS26B	9231
NCAPD3	9232
VTI1A	9233
QDPR	9234
FHIP2A	9235
ANO4	9236
TEX9	9237
QTRT2	9238
DRD3	9239
MMAA	9240
ZNF827	9241
POU4F2	9242
EDNRA	9243
NR3C2	9244
AKR1C2	9245
DPYSL4	9246
VENTX	9247
ADAM8	9248
ITIH2	9249
KIN	9250
PIGF	9251
ANKAR	9252
INPP1	9253
MFSD6	9254
RNF144A	9255
ASAP2	9256
ADAM17	9257
FLI1	9258
KCNJ1	9259
TMEM45B	9260
WWC2	9261
CENPU	9262
ACSL1	9263
SLC25A4	9264
AMN1	9265
BICD1	9266
SAV1	9267
CCDC122	9268
SERP2	9269
NBAS	9270
ZNF385D	9271
TDO2	9272
GUF1	9273
SLC35F4	9274
GABRA2	9275
SACS	9276
CCDC175	9277
PABPC3	9278
CENPJ	9279
FBXO4	9280
TMEM267	9281
CCL28	9282
PARP8	9283
GFRA1	9284
CACUL1	9285
DST	9286
BEND6	9287
TIAL1	9288
BAG3	9289
GLT1D1	9290
TMEM132D	9291
RBM46	9292
SCHIP1	9293
MCHR2	9294
KCNE4	9295
AP1S3	9296
RABGAP1L	9297
CCDC74B	9298
TLCD4	9299
MZT2B	9300
TUBA3E	9301
ASTN1	9302
CFC1B	9303
FAM168B	9304
PTPN14	9305
MGAT5	9306
TMEM163	9307
GPATCH11	9308
HSPB8	9309
GEMIN6	9310
TMEM178A	9311
POU4F1	9312
OBI1	9313
CYSLTR2	9314
GRID2	9315
ARL11	9316
RIT2	9317
SETBP1	9318
ARL14EP	9319
EPG5	9320
PSTPIP2	9321
ATP5F1A	9322
HAUS1	9323
C18orf25	9324
SPC25	9325
G6PC2	9326
PDK1	9327
PTH	9328
PDE3B	9329
TCF7L1	9330
TGOLN2	9331
SH2D6	9332
KCNK13	9333
UHMK1	9334
ATG10	9335
POC5	9336
SPOCK1	9337
FAM151B	9338
TADA1	9339
GUCY1A2	9340
CWF19L2	9341
JMY	9342
HOMER1	9343
XRCC4	9344
BOLL	9345
ZNF547	9346
ZNF773	9347
ZNF776	9348
ZNF256	9349
SUV39H2	9350
DCLRE1C	9351
OLAH	9352
RPP38	9353
NMT2	9354
ZSCAN1	9355
ZNF837	9356
USP12	9357
CCDC50	9358
CAMK4	9359
TRIM36	9360
ZFP36L2	9361
PAN3	9362
PLEKHH2	9363
PFKM	9364
TMEM123	9365
GRIA4	9366
IGSF10	9367
SPEF2	9368
SPARCL1	9369
DSPP	9370
DMP1	9371
MEPE	9372
MBNL1	9373
CAPSL	9374
NADK2	9375
GPD1L	9376
GJA1	9377
CCNO	9378
DDX4	9379
CLEC4F	9380
SLC30A6	9381
PELO	9382
RASGRP3	9383
SAR1B	9384
CATSPER3	9385
GPR180	9386
DYNLT5	9387
DNAI4	9388
ANKRD22	9389
FARP1	9390
IFIT5	9391
SLC16A12	9392
PANK1	9393
PRDM8	9394
BMP3	9395
HNRNPDL	9396
HHEX	9397
UTRN	9398
GRM1	9399
PTPRK	9400
GGPS1	9401
CNTNAP4	9402
ZNF117	9403
RAB3C	9404
LMNTD1	9405
MARVELD2	9406
RAD17	9407
MED21	9408
PLOD2	9409
STK32B	9410
NRSN1	9411
JAKMIP1	9412
ZIC1	9413
ADGRA3	9414
CPB1	9415
SREK1IP1	9416
LGI2	9417
CWC27	9418
MR1	9419
SRP19	9420
CENPH	9421
CDYL	9422
CARHSP1	9423
TEKT5	9424
BANK1	9425
TXNDC11	9426
DAB2	9427
ACMSD	9428
ACOXL	9429
BCL2L11	9430
ANAPC1	9431
SCOC	9432
CLGN	9433
CETN3	9434
SMARCA5	9435
SYCP2L	9436
BMP6	9437
RGPD3	9438
RASSF3	9439
HNRNPU	9440
RANBP2	9441
AHCTF1	9442
MERTK	9443
TMEM87B	9444
PTPRR	9445
NR4A2	9446
CCDC148	9447
PLA2R1	9448
RBMS1	9449
SCN3A	9450
FEZF2	9451
CD96	9452
SLC25A27	9453
ADGRF1	9454
ADGRF4	9455
FRMD1	9456
CYRIB	9457
ASAP1	9458
TRAPPC8	9459
FAM81B	9460
INO80C	9461
LPCAT1	9462
PLEKHG4B	9463
NMRAL1	9464
UBALD1	9465
C16orf89	9466
LYSET	9467
ING1	9468
TEX29	9469
SPACA7	9470
ADPRHL1	9471
CMTM7	9472
FBXL2	9473
UBP1	9474
RMND5A	9475
CD8A	9476
RPIA	9477
PTPRD	9478
LURAP1L	9479
CNKSR3	9480
GTF2E1	9481
CFDP1	9482
ZDHHC7	9483
CIBAR2	9484
C7orf31	9485
TMPRSS11D	9486
JAZF1	9487
CMIP	9488
SPHKAP	9489
KCNJ16	9490
PID1	9491
TRIP12	9492
FBXO36	9493
CEBPG	9494
KCTD15	9495
ZNF599	9496
MCOLN2	9497
LGI4	9498
DDAH1	9499
SREK1	9500
CHD1	9501
ANKFN1	9502
DGKE	9503
HS2ST1	9504
MSI2	9505
CACNA2D1	9506
ZUP1	9507
HS3ST3A1	9508
GDPD1	9509
NUS1	9510
SEMA3D	9511
PPP2R5E	9512
ASB17	9513
GRAP	9514
SLC5A10	9515
AK5	9516
CABYR	9517
IMPACT	9518
ANKRD29	9519
SDHAF4	9520
CHST9	9521
THY1	9522
DNAAF1	9523
C16orf74	9524
TBCEL	9525
JPH3	9526
ANKH	9527
OTULIN	9528
UBASH3B	9529
ROBO4	9530
ROBO3	9531
PANX3	9532
TBRG1	9533
NRGN	9534
RETREG1	9535
CDH12	9536
GPR15	9537
TOMM70	9538
ABI3BP	9539
ANGPT1	9540
PITPNC1	9541
CC2D1B	9542
CERS3	9543
PRKCA	9544
LRRK1	9545
CEP112	9546
GAL3ST2	9547
ABCA9	9548
ABCA6	9549
ABCA10	9550
ABCA5	9551
ENPP3	9552
C4orf19	9553
UCHL1	9554
MIA3	9555
DISP1	9556
TNIK	9557
FAM167A	9558
NEIL2	9559
PGM5	9560
WNT3A	9561
OBSCN	9562
LONRF1	9563
TRIM11	9564
ENAH	9565
PPP1R3A	9566
CCSAP	9567
ASZ1	9568
SH3RF1	9569
GBP5	9570
BUB3	9571
GPR26	9572
CFAP210	9573
MMP21	9574
C10orf90	9575
DIPK1A	9576
ATP5MC3	9577
CNTNAP3B	9578
MAGED4	9579
SRSF12	9580
PDLIM3	9581
SORBS2	9582
ELOC	9583
LY96	9584
PSMA8	9585
TMSB4Y	9586
CXADR	9587
BTG3	9588
C21orf91	9589
CHODL	9590
TMPRSS15	9591
NCAM2	9592
L3MBTL4	9593
PDE1C	9594
RABGEF1	9595
MRPL39	9596
JAM2	9597
ATP5PF	9598
GABPA	9599
ADAMTS1	9600
ADAMTS5	9601
TSEN2	9602
SLFN13	9603
WNT7A	9604
XPC	9605
CCDC174	9606
FGD5	9607
FLCN	9608
DPH3	9609
OXNAD1	9610
PLCL2	9611
CXXC1	9612
SKA1	9613
PPP4R1	9614
APCDD1	9615
PIEZO2	9616
MPPE1	9617
USP43	9618
RAB6B	9619
EME1	9620
EPHB1	9621
ACSS1	9622
ANKRD40	9623
ZNF18	9624
CA10	9625
VOPP1	9626
SEPTIN14	9627
APOOL	9628
DKK2	9629
CYP2U1	9630
RSPH10B	9631
FBXL18	9632
CNTNAP5	9633
PROM2	9634
AK9	9635
ODF1	9636
KLF10	9637
PTPRN2	9638
AZIN1	9639
ATP6V1C1	9640
PIP4P2	9641
OTUD6B	9642
CDK19	9643
GTF3C6	9644
TTC39B	9645
AGPAT5	9646
MMS19	9647
OR4K1	9648
PI4K2A	9649
MARVELD1	9650
ZFYVE27	9651
GOLGA7B	9652
GPR78	9653
TRMT44	9654
SLC25A28	9655
HSPA13	9656
SAMSN1	9657
USP25	9658
GRAMD2B	9659
ZCCHC10	9660
C16orf87	9661
MOV10	9662
RHOC	9663
PPM1J	9664
DBI	9665
SLC16A1	9666
HEATR3	9667
TRIM74	9668
NIFK	9669
OXA1L	9670
SLC7A7	9671
MAGEC1	9672
LARP1	9673
CNOT8	9674
GRIA1	9675
LRGUK	9676
SETD9	9677
MIER3	9678
NUP205	9679
ZKSCAN2	9680
C9orf85	9681
XAGE2	9682
PIK3AP1	9683
RBM45	9684
TTN	9685
VSIG4	9686
PDIA4	9687
KDM8	9688
PDZD9	9689
OTOA	9690
KCTD18	9691
HYCC2	9692
FLACC1	9693
C2CD6	9694
TMEM237	9695
FZD7	9696
SPAG17	9697
DEPTOR	9698
FMN2	9699
RNF20	9700
CYLC2	9701
PPARGC1B	9702
ELMO1	9703
SLC26A2	9704
LSM11	9705
MED7	9706
SAXO1	9707
RRAGA	9708
SLC24A2	9709
TRIM42	9710
PXYLP1	9711
ADCY8	9712
RASA2	9713
RMND1	9714
RAET1L	9715
SLA	9716
TMBIM4	9717
VBP1	9718
RAB39B	9719
CLIC2	9720
AFF2	9721
MICU3	9722
GRIP1	9723
VPS37A	9724
KIF5A	9725
NAT2	9726
MAGEA8	9727
PSD3	9728
CARNMT1	9729
MCU	9730
MIDEAS	9731
CFAP70	9732
GNA14	9733
FAM161B	9734
GNAQ	9735
WIF1	9736
UGT2B4	9737
GPR61	9738
MMP16	9739
ADK	9740
KCNMA1	9741
BATF	9742
DCK	9743
ADAMTS3	9744
ALX3	9745
DPY19L4	9746
NDUFAF6	9747
DRAM2	9748
CFAP418	9749
PPEF2	9750
CFAP161	9751
ADAMTSL3	9752
ART3	9753
SLC28A1	9754
WHAMM	9755
CXCL13	9756
N6AMT1	9757
RWDD2B	9758
USP16	9759
CCT8	9760
MAP3K7CL	9761
NAA11	9762
BACH1	9763
CLDN8	9764
TSPAN7	9765
TIAM1	9766
SCAF4	9767
RPGR	9768
CDK20	9769
PCGF6	9770
ANKRD9	9771
SFR1	9772
SORCS3	9773
SFXN2	9774
ATP5MJ	9775
FUT6	9776
TDRD9	9777
FGF18	9778
PCDH1	9779
SH3RF2	9780
GDF6	9781
UQCRB	9782
MTERF3	9783
PTDSS1	9784
PPP2R2B	9785
RPL30	9786
KCNS2	9787
PABIR3	9788
SUPV3L1	9789
PABIR2	9790
EEF1A1	9791
FBXO43	9792
HKDC1	9793
HK1	9794
TYSND1	9795
PHF6	9796
CD109	9797
LRFN2	9798
NODAL	9799
PRG3	9800
UBE2L6	9801
ZDHHC5	9802
MED19	9803
ZFAND3	9804
NPTN	9805
KAT6B	9806
SAMD8	9807
RAB11FIP1	9808
UNC5D	9809
GLYATL2	9810
UTP14A	9811
AIFM1	9812
MAPK13	9813
BAG4	9814
MS4A1	9815
TBC1D31	9816
NTAQ1	9817
ATAD2	9818
FBXO32	9819
NSMCE2	9820
ZNF689	9821
PRR14	9822
FBRS	9823
FRRS1	9824
PHKG2	9825
MFSD14A	9826
SASS6	9827
COX6A2	9828
ITGAD	9829
ADGRG4	9830
ZIC3	9831
MALSU1	9832
VPS8	9833
GALK2	9834
LHFPL4	9835
B3GNT7	9836
MPV17L	9837
BUB1B	9838
PDE6D	9839
EIF4A2	9840
BRPF1	9841
RPUSD3	9842
SST	9843
TATDN2	9844
GHRL	9845
SEC13	9846
EXOG	9847
NTAN1	9848
SHCBP1L	9849
NMNAT2	9850
ZFYVE9	9851
ATP2B2	9852
LYZL4	9853
SLC6A1	9854
SMG1	9855
FCHO2	9856
RBPMS	9857
TMEM171	9858
KLHL40	9859
C8A	9860
TIMP4	9861
SYN2	9862
NRG1	9863
ODR4	9864
CPT2	9865
NECAP2	9866
LRP8	9867
CDCP2	9868
PAXIP1	9869
STEAP2	9870
SSBP3	9871
HTR5A	9872
CLDN12	9873
MMP14	9874
FZD1	9875
GATAD1	9876
SUSD3	9877
TMED6	9878
CLEC18A	9879
DHRS4	9880
CFAP107	9881
CLEC18C	9882
ARMC12	9883
DDX19B	9884
ST3GAL2	9885
FCSK	9886
IL34	9887
DHRS1	9888
CACNA1D	9889
ARSL	9890
KIT	9891
HYDIN	9892
AASDH	9893
ZNF19	9894
CACNA2D3	9895
RNF111	9896
CCNB2	9897
FAM81A	9898
MYO1E	9899
APPL1	9900
PWWP3B	9901
AFAP1L1	9902
TSC22D3	9903
VPS26C	9904
DYRK1A	9905
KCNJ6	9906
KCNJ15	9907
ERG	9908
ETS2	9909
TSPAN18	9910
LCA5L	9911
SLC35B2	9912
TMEM164	9913
MX1	9914
CREB3L1	9915
C2CD2	9916
TAB3	9917
SLC38A10	9918
C9orf43	9919
PALM2AKAP2	9920
ZNF618	9921
DGKI	9922
TMEM268	9923
SVOPL	9924
SNX22	9925
UBN2	9926
BRAF	9927
SLC34A2	9928
ACAN	9929
PSMG3	9930
CABP1	9931
WDR19	9932
SLC37A3	9933
AP3S2	9934
FMNL2	9935
GAREM2	9936
SPPL3	9937
DPYSL5	9938
DRC1	9939
RAB28	9940
PRXL2B	9941
TNFRSF14	9942
PANK4	9943
CIB4	9944
MEGF11	9945
C12orf43	9946
PEX10	9947
RER1	9948
RADIL	9949
SKI	9950
WIPI2	9951
LDLRAP1	9952
AGAP1	9953
KRTCAP3	9954
ANKRD61	9955
PAFAH2	9956
EXTL1	9957
SLC30A2	9958
BABAM2	9959
TRIM63	9960
CFAP251	9961
MRPL17	9962
DUSP2	9963
GRHL3	9964
UBXN11	9965
NLRP14	9966
PTPDC1	9967
GALNT14	9968
NCK1	9969
HPD	9970
RHPN1	9971
TPRG1L	9972
LRRC43	9973
PRXL2C	9974
XDH	9975
XKR8	9976
CNNM4	9977
EYA3	9978
DZIP1L	9979
TMSB15A	9980
FANCC	9981
MRAS	9982
WASF2	9983
ABHD3	9984
ESYT3	9985
FAIM	9986
TENT5B	9987
CLSTN2	9988
COLEC12	9989
RNF207	9990
CUL4B	9991
GPR153	9992
SLC13A3	9993
GPRASP2	9994
RHBDL2	9995
AUTS2	9996
SHROOM4	9997
H2BC5	9998
CDC25C	9999
H4C8	10000
MITD1	10001
EIF5B	10002
RIBC1	10003
TMSB15B	10004
CATIP	10005
CNOT11	10006
KCNB1	10007
TSPAN33	10008
NRG2	10009
AHCYL2	10010
B4GALT5	10011
CD1D	10012
CD1A	10013
SPATA2	10014
CD1C	10015
CD1B	10016
DNAH3	10017
CD1E	10018
HMHB1	10019
CPA2	10020
NCF1	10021
CPA5	10022
TSR2	10023
PPP1R9A	10024
ZC3H18	10025
ZFAND2B	10026
POM121L2	10027
GDPD5	10028
DYNC1I1	10029
PFKFB1	10030
ALAS2	10031
TMED4	10032
PPP1R15B	10033
COPG2	10034
EMSY	10035
PAGE5	10036
GPAT4	10037
PKD1L1	10038
ZSCAN12	10039
TAGLN2	10040
ELK4	10041
SLAMF8	10042
SLC45A3	10043
DUSP23	10044
RNF166	10045
NBL1	10046
HTR6	10047
ITLN2	10048
F11R	10049
USF1	10050
PLA2G2F	10051
SPATA2L	10052
NIT1	10053
DEDD	10054
ZNF276	10055
NPM2	10056
EDA	10057
FGF17	10058
VWA5B1	10059
CDA	10060
PINK1	10061
B4GALT3	10062
DMTN	10063
ADAMTS4	10064
FHIP2B	10065
NDUFS2	10066
SLC5A11	10067
FCER1G	10068
APOA2	10069
TOMM40L	10070
MPZ	10071
WFDC8	10072
CCAR2	10073
WNT9B	10074
CACHD1	10075
CDC42SE2	10076
RAPGEF6	10077
EPB41	10078
MIS18A	10079
ALG8	10080
FBXW5	10081
CFAP298	10082
SYNJ1	10083
PAXBP1	10084
IFNAR2	10085
MRPL10	10086
IFNGR2	10087
GART	10088
SON	10089
DONSON	10090
SV2A	10091
LAD1	10092
STC1	10093
TNNI1	10094
CSRP1	10095
PRAC1	10096
HOXB13	10097
C1QC	10098
KCNE2	10099
ATP5MC1	10100
RCAN1	10101
UBE2Z	10102
CIART	10103
SNF8	10104
CLIC6	10105
CCDC24	10106
RUNX1	10107
IGF2BP1	10108
GIP	10109
CBR1	10110
CBR3	10111
ENSG00000159239.13	10112
GJD2	10113
ACTC1	10114
MORC3	10115
CHAF1B	10116
CLDN14	10117
SIM2	10118
HLCS	10119
GOLGA6A	10120
SCUBE1	10121
ARHGAP27	10122
ADPGK	10123
PTMS	10124
PLA2G4D	10125
PADI4	10126
ADIPOR1	10127
CYB5R1	10128
PSMD4	10129
ATP13A2	10130
M1AP	10131
PSMB4	10132
IRX6	10133
BTG2	10134
CES5A	10135
HK2	10136
C1R	10137
CELF3	10138
ALDH4A1	10139
STARD9	10140
THEM4	10141
TCHH	10142
LCE2B	10143
UBR1	10144
AMFR	10145
MED8	10146
TGM7	10147
RGL4	10148
SPRR2G	10149
PGLYRP3	10150
ISL2	10151
RSPRY1	10152
CCDC17	10153
GPBP1L1	10154
NAE1	10155
TMEM69	10156
ADGRG5	10157
DRC7	10158
ACE	10159
TEPP	10160
UROC1	10161
EFCAB14	10162
SPON2	10163
CHCHD6	10164
CTBP1	10165
LRRC36	10166
TPPP3	10167
ZDHHC1	10168
ATP6V0D1	10169
AGRP	10170
ZFYVE28	10171
CARMIL2	10172
C16orf86	10173
PIP	10174
FAM131B	10175
RGS12	10176
PSKH1	10177
ZYX	10178
ABR	10179
LYPD5	10180
CCDC117	10181
ZNF230	10182
CCDC107	10183
ZNF222	10184
NPR2	10185
ZNF221	10186
ZNF233	10187
ZNF235	10188
GNE	10189
TNFRSF13C	10190
OR3A3	10191
ARHGAP35	10192
PTGIR	10193
CALM3	10194
DFFA	10195
CCDC28B	10196
IQCC	10197
TMEM234	10198
BSDC1	10199
ZBTB8A	10200
ATAD3B	10201
SSU72	10202
UBE2J2	10203
ZNF362	10204
FNDC5	10205
CPAMD8	10206
NR2F6	10207
ANKLE1	10208
MIX23	10209
VMA21	10210
KALRN	10211
CILP2	10212
ABCG1	10213
TFF3	10214
TFF2	10215
TFF1	10216
TMPRSS3	10217
UBASH3A	10218
RSPH1	10219
SLC37A1	10220
PDE9A	10221
WDR4	10222
NDUFV3	10223
PKNOX1	10224
CBS	10225
U2AF1	10226
CRYAA	10227
HSF2BP	10228
RRP1B	10229
PDXK	10230
G6PD	10231
CSTB	10232
RRP1	10233
AGPAT3	10234
TRAPPC10	10235
GAB3	10236
GATD3	10237
ICOSLG	10238
AIRE	10239
CFAP410	10240
ZNF66	10241
LRRC3	10242
ITGB2	10243
SLX9	10244
RALGDS	10245
FTCD	10246
SPATC1L	10247
LSS	10248
VAV2	10249
MCM3AP	10250
C21orf58	10251
PCNT	10252
DIP2A	10253
S100B	10254
PRMT2	10255
CLDND2	10256
ZNF208	10257
ADAMTS13	10258
CACFD1	10259
SLC2A6	10260
ZNF761	10261
FCN2	10262
PIERCE1	10263
LCN1	10264
ZNF714	10265
GPSM1	10266
C19orf47	10267
HIPK4	10268
CFAP157	10269
TOR2A	10270
ST6GALNAC6	10271
SHKBP1	10272
RDH13	10273
ZER1	10274
ZDHHC12	10275
PKN3	10276
SPTBN4	10277
BRSK1	10278
COX6B2	10279
TMEM190	10280
NLRP4	10281
PLPP7	10282
TAOK1	10283
MED27	10284
DEDD2	10285
SIK3	10286
MPZL3	10287
JAML	10288
NEK8	10289
TLCD1	10290
PCSK7	10291
SAFB	10292
CD3G	10293
S100A1	10294
CHTOP	10295
CXCR5	10296
ZBTB7B	10297
FLAD1	10298
SHC1	10299
VPS11	10300
NLRX1	10301
ADAR	10302
IL6R	10303
UBE2Q1	10304
CHRNB2	10305
CRTC2	10306
ANO10	10307
FDPS	10308
RUSC1	10309
ENTREP3	10310
PAQR6	10311
PMF1	10312
SLC25A44	10313
LMNA	10314
CCR5	10315
NBEAL2	10316
CCDC12	10317
PTH1R	10318
UBQLN4	10319
MYL3	10320
PPP1R35	10321
GPATCH4	10322
LRRC71	10323
FCRL3	10324
AZGP1	10325
FGFR4	10326
CYP3A4	10327
CYP3A7	10328
NACC1	10329
CYP11B1	10330
HK3	10331
LY6K	10332
IER2	10333
ZNF394	10334
CPSF4	10335
LY6E	10336
VPS28	10337
TONSL	10338
PTGER1	10339
PWWP3A	10340
RECQL4	10341
LRRC14	10342
ZNF333	10343
COL26A1	10344
PPP1R16A	10345
FOXH1	10346
ORAI2	10347
ALKBH4	10348
CCDC105	10349
SH2B2	10350
MRNIP	10351
SQSTM1	10352
MGAT4B	10353
RPL8	10354
MAML1	10355
PGLYRP2	10356
LRWD1	10357
FBXL13	10358
NAPEPLD	10359
SCGB3A1	10360
PSMC2	10361
CELF5	10362
MFSD12	10363
YDJC	10364
CCDC116	10365
DVL3	10366
AP2M1	10367
ABCF3	10368
PCYT1A	10369
FBXO27	10370
DMKN	10371
U2AF1L4	10372
BDH1	10373
NPHS1	10374
THAP8	10375
COX7A1	10376
ZNF382	10377
LRRC56	10378
PLXDC1	10379
PGAP3	10380
IKZF3	10381
GRIN2C	10382
FDXR	10383
SAP30BP	10384
ACOX1	10385
PRPSAP1	10386
CYGB	10387
SRSF2	10388
ZNF577	10389
TMEM143	10390
KLHL10	10391
KASH5	10392
HCRT	10393
ALDH16A1	10394
DCD	10395
ITGA5	10396
SIGLEC11	10397
ZNF385A	10398
MPP3	10399
CD300LG	10400
IZUMO2	10401
NAGS	10402
LSM12	10403
ASB16	10404
EMC10	10405
JOSD2	10406
SHANK1	10407
FAM171A2	10408
DBF4B	10409
PLCD3	10410
FMNL3	10411
AQP5	10412
RACGAP1	10413
LARP4	10414
TAMALIN	10415
RAVER1	10416
KRT84	10417
KRT82	10418
SYCE2	10419
SPC24	10420
IP6K3	10421
LEMD2	10422
ALOX15	10423
TREML1	10424
ZNF653	10425
MED11	10426
CXCL16	10427
SCIMP	10428
RNASEK-C17orf49	10429
BCL6B	10430
ASGR2	10431
TNFSF13	10432
SENP3	10433
FGF11	10434
EIF4A1	10435
RPL26	10436
CCDC42	10437
POLR3K	10438
SNRNP25	10439
PRR35	10440
WDR90	10441
JMJD8	10442
CCDC78	10443
MSLNL	10444
SSTR5	10445
SPSB3	10446
MEIOB	10447
HS3ST6	10448
TEDC2	10449
CCNF	10450
TBC1D24	10451
AMDHD2	10452
NTN3	10453
BICDL2	10454
PAQR4	10455
FLYWCH2	10456
ZG16B	10457
ZNF75A	10458
ADCY9	10459
SHANK2	10460
CLPB	10461
NEU3	10462
CYB561A3	10463
PPP1R32	10464
ASRGL1	10465
GNG3	10466
UBXN1	10467
LBHD1	10468
TTC9C	10469
TAF6L	10470
NXF1	10471
STX5	10472
SLC25A45	10473
RPL29	10474
ITIH3	10475
SYVN1	10476
ZFPL1	10477
RPS6KA4	10478
LRP5	10479
TPCN2	10480
FGF19	10481
CYP4A22	10482
PDZK1IP1	10483
TAL1	10484
CMPK1	10485
BEND5	10486
ELAVL4	10487
COA7	10488
ZYG11B	10489
SLC1A7	10490
CZIB	10491
MAGOH	10492
ACOT11	10493
FAM151A	10494
PARS2	10495
LEXM	10496
BSND	10497
USP24	10498
PLPP3	10499
NOL9	10500
PRKAA2	10501
KLHL21	10502
ZSWIM5	10503
GMEB1	10504
SLC45A1	10505
SELENON	10506
AK4	10507
JAK1	10508
RAVER2	10509
CTRC	10510
LZIC	10511
RBP7	10512
KNCN	10513
FBLIM1	10514
TMEM82	10515
SLC25A34	10516
AKR7A3	10517
DRAXIN	10518
PDPN	10519
LRRC38	10520
DHRS3	10521
MATN1	10522
LAPTM5	10523
SDC3	10524
PEF1	10525
SYNC	10526
RBBP4	10527
KIAA1522	10528
TSSK3	10529
TMCO4	10530
UBXN10	10531
CAMK2N1	10532
ALPL	10533
WNT4	10534
TTLL10	10535
SCNN1D	10536
MXRA8	10537
FAAP20	10538
MEGF6	10539
CCDC27	10540
IL23R	10541
DIRAS3	10542
C1orf87	10543
NFIA	10544
OMA1	10545
MYSM1	10546
TM2D1	10547
USP1	10548
FUBP1	10549
NEXN	10550
DNAJB4	10551
ADGRL4	10552
LRRIQ3	10553
LRRC53	10554
TYW3	10555
LHX8	10556
SNX7	10557
B3GALT2	10558
NTNG1	10559
EEIG2	10560
HENMT1	10561
AKNAD1	10562
C1orf52	10563
DNAI3	10564
GBP2	10565
ATXN7L2	10566
GBP4	10567
ZNF326	10568
HFM1	10569
BRINP3	10570
GFI1	10571
KCNT2	10572
AGL	10573
VCAM1	10574
EXTL2	10575
SLC30A7	10576
ZNF281	10577
ARPC5	10578
CADM3	10579
NLRP3	10580
ZNF496	10581
TRIM58	10582
SLAMF9	10583
OR2M5	10584
KCNJ9	10585
IGSF8	10586
DDR2	10587
PEA15	10588
PEX19	10589
NCSTN	10590
VANGL2	10591
SLAMF6	10592
OLFML2B	10593
FCRLB	10594
FCGR3B	10595
SLC9C2	10596
KLHDC9	10597
C1orf74	10598
LMX1A	10599
LRRC52	10600
FLVCR1	10601
GARIN4	10602
ATF3	10603
RBM15	10604
DENND2D	10605
AXDND1	10606
TDRD5	10607
IER5	10608
SNED1	10609
BPNT1	10610
SPATA17	10611
C1orf115	10612
BROX	10613
NBPF20	10614
ACP6	10615
WDR64	10616
KIF26B	10617
TFB2M	10618
CNST	10619
PPP1R21	10620
KLHDC8A	10621
PM20D1	10622
PKDCC	10623
OXER1	10624
HAAO	10625
B3GALNT2	10626
MAPKAPK2	10627
IL20	10628
IL24	10629
FCMR	10630
PIGR	10631
FCAMR	10632
CAPN2	10633
MRPL55	10634
WDR26	10635
REL	10636
PUS10	10637
PEX13	10638
SANBR	10639
TRIM17	10640
RFTN2	10641
DISC1	10642
CAPN13	10643
LRRTM1	10644
MEMO1	10645
DPY30	10646
TYW5	10647
MAIP1	10648
KCNF1	10649
SLC66A3	10650
ARL5A	10651
LRATD1	10652
KCNJ3	10653
NEUROD1	10654
CLHC1	10655
FRZB	10656
DUSP19	10657
CFAP36	10658
NUP35	10659
CCDC138	10660
ZSWIM2	10661
FBXO41	10662
ACTG2	10663
WDCP	10664
SMC6	10665
VSNL1	10666
CCDC74A	10667
H3-3A	10668
ANKRD30BL	10669
COQ8A	10670
SLC16A14	10671
TEKT4	10672
EN1	10673
SGCB	10674
SPATA18	10675
NOSTRIN	10676
CFAP221	10677
SGPP2	10678
INHBB	10679
XIRP2	10680
BBS5	10681
SMARCAD1	10682
HPGDS	10683
PDLIM5	10684
PDHA2	10685
STPG2	10686
NEURL3	10687
RPRD2	10688
ANKRD23	10689
CTSS	10690
MSX1	10691
PACRGL	10692
BNIPL	10693
C1QTNF7	10694
TNFAIP8L2	10695
LYSMD1	10696
SCNM1	10697
TMOD4	10698
VPS72	10699
ERCC3	10700
RNF149	10701
IWS1	10702
BOLA3	10703
CDC42EP3	10704
S100A11	10705
LCE3D	10706
SMCP	10707
IVL	10708
SPRR3	10709
DHX57	10710
SPRR2D	10711
BMP10	10712
PGLYRP4	10713
ARHGAP25	10714
S100A9	10715
S100A12	10716
TGFA	10717
TDRD10	10718
CCNYL1	10719
FZD5	10720
CRYGC	10721
DCAF16	10722
CFAP141	10723
NPPC	10724
GNPDA2	10725
ALPP	10726
GABRG1	10727
ALPG	10728
GABRB1	10729
PAQR3	10730
NIPAL1	10731
ALPI	10732
ANTXR2	10733
HELQ	10734
MRPS18C	10735
CGGBP1	10736
ABRAXAS1	10737
GPR155	10738
DAPL1	10739
PMVK	10740
PBXIP1	10741
CLDN1	10742
PYGO2	10743
HIPK1	10744
LENEP	10745
DCST2	10746
DCST1	10747
COL6A3	10748
INAVA	10749
YY1AP1	10750
KBTBD8	10751
TAFA4	10752
EOGT	10753
LMOD3	10754
NAXE	10755
POGLUT1	10756
SLC22A15	10757
CCKAR	10758
IGFN1	10759
ATP1A1	10760
SLC15A2	10761
EIF4E3	10762
PROK2	10763
TEX55	10764
LRRC58	10765
FSTL1	10766
LMOD1	10767
ELF3	10768
PDCL2	10769
TMEM183A	10770
TMEM169	10771
IGFBP7	10772
TRIM46	10773
KRTCAP2	10774
CXCR1	10775
ARPC2	10776
TSACC	10777
CCT3	10778
TMEM79	10779
SSR2	10780
RNF25	10781
STK36	10782
ADORA1	10783
NEK10	10784
CCDC141	10785
FEV	10786
CRYBA2	10787
IHH	10788
CIP2A	10789
EOMES	10790
CWC22	10791
AZI2	10792
TGFBR2	10793
RETNLB	10794
ANKZF1	10795
HDAC11	10796
FCRL4	10797
TRAT1	10798
FBLN2	10799
GLB1L	10800
STT3B	10801
CHCHD4	10802
DPPA2	10803
NFASC	10804
FCRL1	10805
SGO2	10806
SERPINI1	10807
CLASP2	10808
SUCLG1	10809
NUAK2	10810
SPTA1	10811
PRKCI	10812
MNDA	10813
PYHIN1	10814
IFI16	10815
AIM2	10816
EFHB	10817
EIF5A2	10818
SLC2A2	10819
RPL22L1	10820
FABP1	10821
PPM1L	10822
ICA1L	10823
CTLA4	10824
ICOS	10825
RYBP	10826
PPP4R2	10827
CD200R1	10828
GTPBP8	10829
NEPRO	10830
SPICE1	10831
CCDC191	10832
CADPS	10833
NKX6-1	10834
CDS1	10835
WDFY3	10836
COX18	10837
PTPN13	10838
SYNPR	10839
ALB	10840
C3orf49	10841
C4orf36	10842
THOC7	10843
ATXN7	10844
PSMD6	10845
PRICKLE2	10846
ADAMTS9	10847
PPM1K	10848
ERICH6	10849
CLRN1	10850
GMPS	10851
TIPARP	10852
CCNL1	10853
PTX3	10854
HESX1	10855
DCLK3	10856
SLMAP	10857
RPL9	10858
SMIM14	10859
RPP14	10860
ABHD6	10861
DNASE1L3	10862
CFAP20DC	10863
RBM47	10864
APBB2	10865
IL17RE	10866
IL17RC	10867
CRELD1	10868
PRRT3	10869
FANCD2OS	10870
PCOLCE2	10871
U2SURP	10872
MTMR14	10873
TTC14	10874
CXCL3	10875
CXCL5	10876
PPBP	10877
PF4	10878
MTHFD2L	10879
CXCL1	10880
RCHY1	10881
PLSCR2	10882
CCDC158	10883
CPA3	10884
GYG1	10885
HPS3	10886
TM4SF18	10887
TOPBP1	10888
RYK	10889
SNRK	10890
TCF23	10891
DNAJC5G	10892
UCN	10893
ZNF513	10894
SLC4A1AP	10895
PLB1	10896
SPDYA	10897
KIAA1143	10898
KIF15	10899
TGM4	10900
WDR43	10901
ZDHHC3	10902
CDCP1	10903
CLEC3B	10904
SLC6A20	10905
LZTFL1	10906
FYCO1	10907
CCR1	10908
RTP3	10909
LRRC2	10910
ELP6	10911
FBXO40	10912
DTX3L	10913
ZNF148	10914
NMNAT3	10915
SMIM12	10916
ZMYM6	10917
TPRA1	10918
YEATS2	10919
GRIK3	10920
ZC3H12A	10921
MEAF6	10922
SNIP1	10923
DNALI1	10924
POLR2H	10925
KLF15	10926
CFAP100	10927
CAMK2N2	10928
LIPH	10929
TMEM41A	10930
RPN1	10931
SENP2	10932
HEYL	10933
IFT122	10934
RHO	10935
RFC4	10936
RPL39L	10937
BAP1	10938
TKT	10939
PRKCD	10940
RFT1	10941
SFMBT1	10942
GNL3	10943
PBRM1	10944
UVSSA	10945
TASOR	10946
ARHGEF3	10947
SLBP	10948
LRPAP1	10949
ZDHHC19	10950
SLC51A	10951
UBXN7	10952
RNF168	10953
PIGX	10954
MELTF	10955
OTOP1	10956
S100P	10957
ABLIM2	10958
EXO5	10959
CLDN19	10960
C1orf50	10961
ERMAP	10962
ZNF691	10963
AIMP1	10964
SGMS2	10965
METAP1	10966
DNAJB14	10967
H2AZ1	10968
EMCN	10969
SLC9B1	10970
SLC9B2	10971
BDH2	10972
PGRMC2	10973
CDC25A	10974
CAMP	10975
ZNF589	10976
FBXW12	10977
PLXNB1	10978
CCDC51	10979
ATRIP	10980
SHISA5	10981
SPRY1	10982
BSN	10983
APEH	10984
INTU	10985
RNF123	10986
HSPA4L	10987
MFSD8	10988
ABHD18	10989
CAMKV	10990
MON1A	10991
MST1R	10992
RAD54L2	10993
TEX264	10994
GRM2	10995
DUSP7	10996
POC1A	10997
PPM1M	10998
ETNPPL	10999
WDR82	11000
PITX2	11001
C4orf3	11002
PRSS12	11003
NDST3	11004
HMGB2	11005
SAP30	11006
SCRG1	11007
HAND2	11008
MAD2L1	11009
ANXA5	11010
SMIM43	11011
ADAD1	11012
MAP9	11013
GUCY1A1	11014
FBXO8	11015
CEP44	11016
HPGD	11017
ASB5	11018
C4orf45	11019
TMEM144	11020
GASK1B	11021
NPY1R	11022
NPY5R	11023
NAA15	11024
IL15	11025
FHIP1A	11026
ARFIP1	11027
ICE1	11028
HHIP	11029
ANAPC10	11030
ABCE1	11031
OTUD4	11032
LSM6	11033
TMEM184C	11034
PRMT9	11035
ITGA2	11036
MOCS2	11037
SLC45A2	11038
EDIL3	11039
TMEM161B	11040
ELOVL7	11041
NDUFAF2	11042
ZNF474	11043
LMBRD2	11044
RANBP3L	11045
NIPBL	11046
RNF180	11047
ADGRV1	11048
SLC25A46	11049
STARD4	11050
PGGT1B	11051
F2RL2	11052
CCDC112	11053
ANKRD33B	11054
CMBL	11055
C5orf63	11056
PRRC1	11057
F2RL1	11058
AGGF1	11059
WDR41	11060
PRDM9	11061
NDUFS4	11062
SCGB3A2	11063
SPINK1	11064
HTR4	11065
ESM1	11066
GRPEL2	11067
CDC20B	11068
ARSK	11069
RHOBTB3	11070
GPX8	11071
TIGD6	11072
SERINC5	11073
ENPP6	11074
CAGE1	11075
CASP3	11076
PRIMPOL	11077
ERAP1	11078
ERAP2	11079
CMYA5	11080
EGFLAM	11081
CFAP97	11082
TMEM174	11083
CARTPT	11084
RICTOR	11085
TENT2	11086
EBF1	11087
ANKRA2	11088
UBLCP1	11089
FAM170A	11090
UTP15	11091
TLR3	11092
KLKB1	11093
NSA2	11094
GFM2	11095
TERT	11096
SLC6A18	11097
CCDC127	11098
FOXQ1	11099
ACSL6	11100
IL3	11101
CSF2	11102
SEPTIN8	11103
SHROOM1	11104
GDF9	11105
UQCRQ	11106
LEAP2	11107
GJB7	11108
SLC35A1	11109
GRIK2	11110
CGAS	11111
FABP7	11112
TLX3	11113
TXLNB	11114
CITED2	11115
CALHM4	11116
TBXT	11117
CREBRF	11118
DCBLD1	11119
SFXN1	11120
SAMD3	11121
TMEM200A	11122
IL22RA2	11123
DACT2	11124
PDSS2	11125
SPATA48	11126
STXBP5	11127
IL31RA	11128
ANKRD55	11129
RAET1E	11130
PI16	11131
TBX20	11132
DAGLB	11133
MATCAP2	11134
STK17A	11135
TRA2A	11136
GALNT10	11137
SAP30L	11138
RPS14	11139
HCN1	11140
MYOZ3	11141
COG5	11142
NEUROD6	11143
BMT2	11144
GPR85	11145
SLU7	11146
RP9	11147
PTTG1	11148
CAMLG	11149
BMPER	11150
RELL2	11151
KCNK5	11152
KIF6	11153
ZNF12	11154
SLC29A4	11155
TEX47	11156
STEAP1	11157
CDCA7L	11158
SP8	11159
MIOS	11160
ELAPOR2	11161
USP49	11162
SYTL3	11163
IQUB	11164
HEY1	11165
ZNF704	11166
FABP5	11167
SHH	11168
TAGAP	11169
COL1A2	11170
FNDC1	11171
CHMP4C	11172
SLC13A4	11173
PGAM2	11174
BRI3	11175
LMTK2	11176
SLC35G3	11177
CTSB	11178
SOX17	11179
DLC1	11180
ADCY1	11181
C8orf48	11182
SUN3	11183
C7orf57	11184
HNF4G	11185
PEX2	11186
RAD21	11187
SLC30A8	11188
MED30	11189
TNFRSF11B	11190
SBSPON	11191
PHKG1	11192
EN2	11193
KCNV1	11194
CSMD3	11195
SPIDR	11196
ORC5	11197
DEFA5	11198
DNAAF5	11199
DEFA4	11200
DEFA6	11201
OSGIN2	11202
DEFB1	11203
SUN1	11204
OXR1	11205
TMEM74	11206
GPR146	11207
GPER1	11208
UNCX	11209
TMEM184A	11210
NOS3	11211
MICALL2	11212
CA3	11213
INTS1	11214
CDK5	11215
SLC4A2	11216
SLC7A13	11217
FASTK	11218
TMUB1	11219
FMC1	11220
GBX1	11221
PHAX	11222
ALDH7A1	11223
FOXK1	11224
COX6C	11225
OSR2	11226
YWHAZ	11227
BAALC	11228
FZD6	11229
CTHRC1	11230
SLC25A32	11231
DCAF13	11232
DCSTAMP	11233
TP53INP1	11234
INTS8	11235
VIRMA	11236
FREM1	11237
GEM	11238
PDP1	11239
TMEM67	11240
WASHC5	11241
RPP25L	11242
FAM219A	11243
C9orf24	11244
SNAPC3	11245
MYORG	11246
NUDT2	11247
TMEM65	11248
PSIP1	11249
CCDC171	11250
UBAP1	11251
DIRAS2	11252
SYK	11253
NIPSNAP3B	11254
ABCA1	11255
NFIL3	11256
LETM2	11257
METTL2B	11258
FXN	11259
ZMAT4	11260
NKX6-3	11261
TMEM71	11262
MAMDC2	11263
PRSS37	11264
CPA6	11265
C8orf34	11266
TMC1	11267
ALDH1A1	11268
KDM1B	11269
HGSNAT	11270
RASEF	11271
GKAP1	11272
KIF27	11273
C9orf64	11274
HNRNPK	11275
SSMEM1	11276
SVEP1	11277
TRPV6	11278
LLCFC1	11279
ANKS6	11280
FBP1	11281
PGAP4	11282
ZHX1	11283
CFAP47	11284
CYBB	11285
DYNLT3	11286
METTL27	11287
MID1IP1	11288
SHOC1	11289
CXorf58	11290
KIAA1958	11291
PTCHD1	11292
RNF183	11293
ASB11	11294
PCDH19	11295
PIGA	11296
VEGFD	11297
OR1Q1	11298
STRBP	11299
CLDN3	11300
GAPVD1	11301
CARD19	11302
WNK2	11303
ATP7A	11304
ZNF367	11305
NLGN4Y	11306
HDX	11307
NDUFB6	11308
AQP7	11309
NOL6	11310
AQP3	11311
TRMT10B	11312
VCP	11313
PIGO	11314
STOML2	11315
BRWD3	11316
SLITRK5	11317
MELK	11318
ARMC3	11319
OTUD1	11320
ARHGAP12	11321
FAT3	11322
DEUP1	11323
HECTD2	11324
SLC7A3	11325
FBXO33	11326
INTS6L	11327
GPR101	11328
CLDN2	11329
LRFN5	11330
LRRC18	11331
SPTSSA	11332
WRN	11333
MARCHF8	11334
TSHR	11335
CFL2	11336
SUGT1	11337
GTF2A1	11338
ZCCHC24	11339
PGM2L1	11340
PHYHIPL	11341
SLC16A9	11342
FOLR2	11343
INPPL1	11344
PHOX2A	11345
MBL2	11346
GJB2	11347
CRYL1	11348
REEP3	11349
HEPACAM	11350
SKA3	11351
MICU2	11352
DDIAS	11353
PCF11	11354
PKNOX2	11355
RPL10L	11356
LRR1	11357
RPL36AL	11358
DNAAF2	11359
DEPP1	11360
MAGEC3	11361
ZNF22	11362
KLHDC2	11363
EML5	11364
NEMF	11365
RPUSD4	11366
ARF6	11367
TTC8	11368
TMEM63C	11369
NGB	11370
NOXRED1	11371
CDX2	11372
AMER2	11373
AKR1E2	11374
KBTBD6	11375
SSX5	11376
SSX3	11377
OTX2	11378
FAAH2	11379
DRGX	11380
NUDT5	11381
DACT1	11382
OXGR1	11383
UCMA	11384
BEND7	11385
ATP5F1C	11386
PRPF18	11387
TAF3	11388
VSTM4	11389
VDAC2	11390
SOHLH1	11391
COMTD1	11392
SLC18A2	11393
PDZD8	11394
ZNF503	11395
ABRAXAS2	11396
QSOX2	11397
FAM204A	11398
NSD1	11399
PRDX3	11400
ENOX2	11401
GHITM	11402
CLEC1B	11403
SNAPC4	11404
TMEM52B	11405
PMPCA	11406
ENTR1	11407
FRMD7	11408
AK8	11409
SPACA9	11410
TSC1	11411
GFI1B	11412
HPRT1	11413
BORCS5	11414
DIPK1B	11415
ZMYND19	11416
STOX1	11417
RET	11418
DDX21	11419
BMS1	11420
STK32C	11421
JCAD	11422
OR4K2	11423
FUNDC2	11424
PIP4P1	11425
METTL17	11426
SLC39A2	11427
NDRG2	11428
RNASE7	11429
ARHGEF40	11430
NSMF	11431
ZNF219	11432
C12orf50	11433
CASP7	11434
PPP1R36	11435
BTNL9	11436
CCDC186	11437
VWA2	11438
METTL3	11439
SALL2	11440
PRAP1	11441
TRUB1	11442
ERICH6B	11443
CYP2C19	11444
ZFYVE1	11445
C10orf82	11446
HSPA12A	11447
FRAT1	11448
UBTD1	11449
ANKRD2	11450
E2F7	11451
ARHGAP42	11452
ISCA2	11453
OTOGL	11454
LARGE2	11455
PACSIN3	11456
TTC7B	11457
SLC39A13	11458
PSMC3	11459
RAPSN	11460
AGBL2	11461
TC2N	11462
CPSF2	11463
SMCO2	11464
MOAP1	11465
IFI27L1	11466
IFI27	11467
SERPINA12	11468
CLMN	11469
PDZRN4	11470
SLC6A5	11471
CCDC38	11472
NELL1	11473
PTER	11474
C1QL3	11475
CACNB2	11476
HACD1	11477
ARL5B	11478
SMCO4	11479
CEP295	11480
KCNC2	11481
TAF1D	11482
ABTB2	11483
R3HCC1L	11484
AMOTL1	11485
HTRA1	11486
LIPC	11487
CEP57	11488
TCP11L2	11489
PASD1	11490
SPRED1	11491
TMCO5A	11492
GPR176	11493
JAM3	11494
IL25	11495
CMTM5	11496
GLB1L3	11497
ADAMTS15	11498
SVOP	11499
SPATA19	11500
GPT2	11501
AMN	11502
RAB8B	11503
IKBIP	11504
RPUSD2	11505
HIF1AN	11506
NDUFB8	11507
ZFYVE19	11508
PPP1R14D	11509
SPINT1	11510
FBN1	11511
AVPR1A	11512
C16orf78	11513
DEPDC4	11514
LRTM2	11515
OPN1MW2	11516
BRD7	11517
CKB	11518
TRMT61A	11519
BTRC	11520
POLL	11521
BAG5	11522
DPCD	11523
LARP6	11524
API5	11525
ASPG	11526
ZNF319	11527
HPS6	11528
SENP8	11529
NOLC1	11530
ALKBH3	11531
COPS2	11532
GABRB3	11533
SPIC	11534
TBATA	11535
SGPL1	11536
FRS2	11537
CCT2	11538
PCBD1	11539
ARIH1	11540
DNAAF8	11541
CLMP	11542
SCN3B	11543
COX11	11544
ZNF202	11545
FAM227B	11546
STXBP4	11547
CYYR1	11548
CUL5	11549
MYRFL	11550
WBP1L	11551
BORCS7	11552
C2_ENSG00000166278	11553
PLEKHF1	11554
TMEM100	11555
ANAPC16	11556
SMPD1	11557
APBB1	11558
SYNPO2L	11559
NUDT13	11560
C11orf65	11561
TRIM44	11562
ILK	11563
TAF10	11564
TPP1	11565
DCHS1	11566
NETO1	11567
MSS51	11568
CYB5A	11569
USP54	11570
RAG1	11571
POTED	11572
IFTAP	11573
WDR88	11574
OR10A5	11575
OR2D2	11576
ATP9B	11577
PPFIBP2	11578
MOGAT2	11579
CYB5R2	11580
SERPINB7	11581
GARRE1	11582
SERPINB8	11583
TUB	11584
RIC3	11585
LMO1	11586
IDH3A	11587
WDR72	11588
CRABP1	11589
PLD4	11590
ZMAT1	11591
XRRA1	11592
TRIM66	11593
RNF169	11594
RPL27A	11595
DENND2B	11596
CDYL2	11597
TMEM130	11598
PRTG	11599
CENPN	11600
AKIP1	11601
ATMIN	11602
C16orf46	11603
TMEM41B	11604
LEO1	11605
ZNF143	11606
TMX3	11607
MFAP4	11608
WEE1	11609
MAPK7	11610
PRKCB	11611
HDGFL3	11612
NDST2	11613
MCM7	11614
CLEC3A	11615
CCDC68	11616
CLEC4E	11617
ZNF3	11618
CLEC4D	11619
ZSCAN21	11620
RIMKLB	11621
A2ML1	11622
BEAN1	11623
TK2	11624
TMED3	11625
SLC38A8	11626
SEC11C	11627
CPLX4	11628
GALR1	11629
TMEM135	11630
IQCD	11631
NDEL1	11632
CENPV	11633
CDH16	11634
RRAD	11635
CIAO2B	11636
CFAP52	11637
HSP90B1	11638
MC4R	11639
BLCAP	11640
SERPINB12	11641
CHRFAM7A	11642
ATF7IP2	11643
MMP10	11644
TVP23A	11645
BEX3	11646
TMPRSS5	11647
COG1	11648
PLEKHA7	11649
ZNF606	11650
ZCCHC18	11651
B2M	11652
ZNF592	11653
GOLM2	11654
HTR3A	11655
NNMT	11656
ACSM1	11657
AP1G1	11658
SLFN5	11659
CATSPER2	11660
BMERB1	11661
MARF1	11662
SAAL1	11663
YPEL4	11664
PPIB	11665
LDHC	11666
CIAO2A	11667
LDHAL6A	11668
FAM111A	11669
PCLAF	11670
KIF7	11671
LDHD	11672
PLIN1	11673
PEX11A	11674
TMEM170A	11675
MESP1	11676
ANPEP	11677
SCNN1G	11678
RBPMS2	11679
NAV2	11680
ANKDD1A	11681
GLYATL1	11682
C18orf54	11683
DCTN5	11684
TERF2IP	11685
PLK1	11686
CLPX	11687
GPR182	11688
ZBTB39	11689
CACNG2	11690
TAC3	11691
MYO1A	11692
CHP2	11693
NEMP1	11694
NAB2	11695
VPS39	11696
STAT6	11697
PATL1	11698
ATP23	11699
ELFN2_ENSG00000166897	11700
STX3	11701
MRPL16	11702
PIP4K2C	11703
MTMR10	11704
YWHAB	11705
C15orf48	11706
SCG5	11707
GREM1	11708
NYAP1	11709
TSC22D4	11710
MS4A6E	11711
MS4A7	11712
MS4A14	11713
MS4A5	11714
DIS3L	11715
CCNDBP1	11716
EPB42	11717
TGM6	11718
SMAD3	11719
MS4A8	11720
CCDC178	11721
MS4A15	11722
MAP1A	11723
RCCD1	11724
AKTIP	11725
MAPRE2	11726
EVA1C	11727
MARS1	11728
MBD6	11729
CNPY4	11730
PDIA3	11731
NUDT21	11732
NAT16	11733
TERB2	11734
NKX3-1	11735
SGSM1	11736
DUSP18	11737
TEF	11738
MEI1	11739
B4GALNT2	11740
PBX3	11741
GNGT2	11742
PHB1	11743
SNRPD1	11744
TTC16	11745
SUN5	11746
SAMD14	11747
PIP5KL1	11748
TMEM92	11749
EEIG1	11750
ACSF2	11751
GOLGA2	11752
TRUB2	11753
COQ4	11754
SLC27A4	11755
ANKRD40CL	11756
URM1	11757
CERCAM	11758
DOLPP1	11759
CCDC103	11760
ENDOG	11761
TBC1D21	11762
PRRX2	11763
UGT1A6	11764
C15orf39	11765
ISLR2	11766
SP2	11767
PRR15L	11768
COQ7	11769
GPRC5B	11770
CRK	11771
C16orf92	11772
GOLGA6C	11773
FBXO22	11774
TBC1D2B	11775
NOD2	11776
SNX20	11777
LOXHD1	11778
KATNAL2	11779
HDHD2	11780
ZNF91	11781
IGF2	11782
RNF214	11783
CDK12	11784
DPEP2	11785
DUS2	11786
POP5	11787
ENGASE	11788
RBFOX3	11789
ATP5MG	11790
CD3D	11791
TBC1D16	11792
TEPSIN	11793
MYO5B	11794
ART5	11795
ACAA2	11796
STIM1	11797
RRM1	11798
OR51E2	11799
TRIM68	11800
MMP26	11801
OR51B5	11802
FN3K	11803
PRRT2	11804
ZNF23	11805
IRGQ	11806
ZNF226	11807
ZNF180	11808
PPP2R3B_ENSG00000167393	11809
ZNF668	11810
ZNF646	11811
VKORC1	11812
GNG8	11813
LPO	11814
CA4	11815
SMG8	11816
TPM4	11817
RAB8A	11818
GPX4	11819
MIDN	11820
JSRP1	11821
NIBAN3	11822
KLHL26	11823
GATAD2A	11824
MVD	11825
CDT1	11826
TRAPPC2L	11827
ANKRD11	11828
SPATA33	11829
RSKR	11830
PROCA1	11831
RPL13	11832
ZNF641	11833
LALBA	11834
CACNB3	11835
DHRS13	11836
TP53I13	11837
KMT2D	11838
CORO6	11839
RHEBL1	11840
TUBA1A	11841
TUBA1C	11842
ZNF610	11843
ZNF528	11844
ZNF701	11845
SERTAD3	11846
NCKAP5L	11847
RAB4B	11848
AQP2	11849
GPD1	11850
PROSER3	11851
CYP2S1	11852
AXL	11853
NFKBID	11854
TMC4	11855
ANKRD33	11856
LAIR1	11857
TTYH1	11858
LENG8	11859
CDC42EP5	11860
LAIR2	11861
TMEM145	11862
ZNF526	11863
TRAPPC9	11864
KIR3DL1	11865
NLRP7	11866
ZNF146	11867
ZNF283	11868
PPP1R14A	11869
SPINT2	11870
C19orf33	11871
YIF1B	11872
DNAAF3	11873
PSCA	11874
ATCAY	11875
LY6D	11876
DAPK3	11877
EEF2	11878
TMIGD2	11879
CHAF1A	11880
UBXN6	11881
HDGFL2	11882
PLIN4	11883
SEMA6B	11884
ZNF444	11885
NXN	11886
TLCD3A	11887
GLOD4	11888
MFSD3	11889
GPT	11890
KIFC2	11891
SLC43A2	11892
RILP	11893
SERPINF2	11894
WDR81	11895
SRR	11896
TSR1	11897
TRPV3	11898
HSD11B1L	11899
CYB5D2	11900
GGT6	11901
KLK1	11902
KLK4	11903
KLK2	11904
KLK5	11905
KLK6	11906
KLK11	11907
KLK13	11908
ZNF83	11909
KRT80	11910
KRT1	11911
ACER1	11912
OTUB1	11913
RCOR2	11914
ANGPTL4	11915
ENSG00000167774.2	11916
CD320	11917
SPRYD3	11918
IGFBP6	11919
SOAT2	11920
ZNF558	11921
CABP2	11922
NDUFV1	11923
CDK2AP2	11924
NUDT8	11925
TBX10	11926
ENSG00000167807.15	11927
PRDX2	11928
ZNF232	11929
MIS12	11930
CD300C	11931
CD300A	11932
TEKT1	11933
HID1	11934
MRPL58	11935
ATP5PD	11936
TMEM88	11937
EVPL	11938
SRP68	11939
MGAT5B	11940
TMC8	11941
TK1	11942
TMEM68	11943
CYP7A1	11944
GSDMA	11945
KRT24	11946
GHDC	11947
FAM234A	11948
SOST	11949
ZNF598	11950
RAB26	11951
MLST8	11952
E4F1	11953
DNASE1L2	11954
ECI1	11955
CASKIN1	11956
ABCA3	11957
KCTD5	11958
SRRM2	11959
ZNF597	11960
NLRC3	11961
SDHAF2	11962
DDB1	11963
VPS37C	11964
VWCE	11965
RAB3IL1	11966
BEST1	11967
FTH1	11968
BSCL2	11969
POLR2G	11970
SLC3A2	11971
PLAAT5	11972
SPINDOC	11973
ATG16L2	11974
C2CD3	11975
TRANK1	11976
TTC21A	11977
RPSA	11978
ENTPD3	11979
CTNNB1	11980
ULK4	11981
FADD	11982
LTBP3	11983
NAALADL1	11984
SAC3D1	11985
BATF2	11986
SLC22A11	11987
SF1	11988
MAP4K2	11989
MAJIN	11990
CCDC88B	11991
SCARA3	11992
PBK	11993
SCARA5	11994
PNOC	11995
COPS6	11996
PAFAH1B2	11997
ANKS3	11998
NUDT16L1	11999
KIAA1586	12000
RAB4A	12001
OR1F1	12002
OR2B2	12003
KCNJ4	12004
SETD5	12005
VASN	12006
FAM83B	12007
THAP9	12008
OR2C1	12009
RNF187	12010
HOOK3	12011
MAPK1IP1L	12012
DDIT4	12013
RBPJ	12014
LMBRD1	12015
ZCCHC4	12016
PTGDR	12017
TTC39C	12018
GLYCTK	12019
GNG4	12020
UBTD2	12021
POLR2J3_ENSG00000168255	12022
NKIRAS2	12023
DNAJC7	12024
KCNV2	12025
IRF2BP2	12026
PTF1A	12027
NT5DC2	12028
FOXI1	12029
UQCC5	12030
COA6	12031
KIF5C	12032
MGAT2	12033
BMI1	12034
THAP11	12035
MMADHC	12036
PDHB	12037
PXK	12038
H1-4	12039
PCMTD1	12040
KCTD6	12041
MPLKIP	12042
ACOX2	12043
FAM107A	12044
IRF2	12045
MOBP	12046
CX3CR1	12047
PPDPFL	12048
XIRP1	12049
INSM2	12050
DEGS2	12051
SCN11A	12052
ARF4	12053
SEPTIN2	12054
FILIP1L	12055
MFSD2A	12056
DTYMK	12057
TAP1	12058
ING5	12059
ATG4B	12060
BDKRB2	12061
MLKL	12062
RFWD3	12063
MTNR1A	12064
KCNG4	12065
RHOH	12066
KLHL30	12067
COG7	12068
CDC40	12069
STIP1	12070
SCNN1B	12071
HR	12072
TXNDC2	12073
RAB31	12074
REEP4	12075
TNXB	12076
LGI3	12077
SFTPC	12078
BMP1	12079
ATXN2L	12080
PHYHIP	12081
CCDC110	12082
POLR3D	12083
FEN1	12084
CAVIN2	12085
MTCL1	12086
GBX2	12087
HJV	12088
SCGB1D1	12089
HEXIM2	12090
FNTA	12091
SERINC2	12092
MYL1	12093
TRAPPC11	12094
CHRM1	12095
COL3A1	12096
GFRA2	12097
ING2	12098
CDKN2AIP	12099
SNRNP48	12100
TMEM223	12101
SLC20A2	12102
CRYGA	12103
DYNLRB2	12104
TMUB2	12105
ADAM29	12106
STAT3	12107
ZSWIM1	12108
ADAM9	12109
ADAM18	12110
GDNF	12111
MUCL3	12112
WFDC13	12113
AXIN2	12114
NDUFS5	12115
VWA3B	12116
ZNF30	12117
UGT3A2	12118
LRATD2	12119
LDLRAD4	12120
KCTD19	12121
SLC16A4	12122
IL7R	12123
TMEM208	12124
LRP1B	12125
WFDC12	12126
AHCYL1	12127
DNAJC21	12128
PKIG	12129
NPNT	12130
CA7	12131
FAM178B	12132
SEMA4C	12133
CNNM3	12134
GSTM4	12135
TET2	12136
CXXC4	12137
TCTN2	12138
SHOX2	12139
PPIP5K1	12140
TSPAN5	12141
ABHD15	12142
ZBTB5	12143
CHTF8	12144
ADAL	12145
LCMT2	12146
SNTB2	12147
IL12A	12148
ZNF507	12149
STX18	12150
NSG1	12151
ZBTB49	12152
GFM1	12153
HTR1E	12154
FSTL5	12155
DDX19A	12156
ATOH8	12157
SOX14	12158
ANKRD49	12159
SFTPB	12160
USP39	12161
TNIP2	12162
C2orf68	12163
TMEM150A	12164
RNF181	12165
VAMP5	12166
BTNL3	12167
LRRC28	12168
MAT2A	12169
PLA2G4F	12170
ENHO	12171
ZNF608	12172
SLC35G2	12173
INPP5D	12174
LETM1	12175
CTRB1	12176
CTRB2	12177
TRIM49	12178
TMEM129	12179
PPIC	12180
SPRY3	12181
CEP120	12182
STXBP6	12183
TM4SF20	12184
MFF	12185
GRM5	12186
LGALS9	12187
JMJD7-PLA2G4B	12188
CPLX1	12189
PXDC1	12190
SIGLEC7	12191
NTSR2	12192
E2F6	12193
FEM1B	12194
COMMD8	12195
ATP5ME	12196
UQCRFS1	12197
SLC49A3	12198
COL4A3	12199
MAP2K1	12200
KLK7	12201
HNRNPH1	12202
IRS1	12203
MECP2	12204
VCX3A	12205
UPF3A	12206
ZBBX	12207
ACTBL2	12208
ROR2	12209
AR	12210
DHRSX_ENSG00000169084	12211
VXN	12212
HSPBAP1	12213
ASMTL_ENSG00000169093	12214
SLC25A6_ENSG00000169100	12215
CHST14	12216
PARM1	12217
CSNK1G1	12218
FAM110B	12219
ODAD2	12220
AFAP1L2	12221
ZNF354A	12222
ATF5	12223
UBE2V2	12224
GOT1L1	12225
ZBTB43	12226
CPT1C	12227
PCSK9	12228
XPO6	12229
GSG1L	12230
MN1	12231
APEX2	12232
NSMCE1	12233
CCDC126	12234
IL13	12235
NPIPB12	12236
OR10G3	12237
RAB3B	12238
OR6F1	12239
CD2BP2	12240
RSPO1	12241
RGS14	12242
TBC1D10B	12243
LMAN2	12244
GCSAML	12245
RAB24	12246
PRELID1	12247
THBS3	12248
CA5B	12249
SLC50A1	12250
EFNA1	12251
CXCL10	12252
NPIPB3	12253
SH3TC2	12254
CXCL11	12255
ZRSR2	12256
NMD3	12257
ADRB2	12258
B3GALNT1	12259
GPRIN1	12260
HSPB3	12261
KCNAB1	12262
MRPL1	12263
SHE	12264
NR0B1	12265
PGM2	12266
STK32A	12267
IL1RAPL1	12268
P2RY12	12269
C22orf15	12270
OR5AU1	12271
MINAR1	12272
PDILT	12273
UMOD	12274
GP2	12275
SLC33A1	12276
SNUPN	12277
CRADD	12278
SIN3A	12279
ARL13B	12280
RNASE2	12281
ELSPBP1	12282
RNASE3	12283
PTK2	12284
RSPH10B2	12285
PTAFR	12286
PTPN9	12287
RNASE6	12288
NPR1	12289
KCNK9	12290
CXCL8	12291
SCN9A	12292
RASSF6	12293
COL22A1	12294
SDC2	12295
CD52	12296
MMGT1	12297
SPRR1B	12298
SPRR1A	12299
TM2D2	12300
HTRA4	12301
PLEKHA2	12302
CLIC4	12303
SLC38A11	12304
GPR183	12305
CRCT1	12306
CCDC8	12307
METTL15	12308
ZNF280A	12309
MUC15	12310
CT55	12311
ZEB2	12312
GJB1	12313
PCBP1	12314
HINT1	12315
DTWD2	12316
VPREB1	12317
CLIC3	12318
INO80E	12319
BNC1	12320
DFFB	12321
NFU1	12322
ANTXR1	12323
GKN1	12324
CKAP2L	12325
C15orf40	12326
RAMAC	12327
PROKR1	12328
APLF	12329
BOLA2B	12330
RGPD8	12331
HIC2	12332
LUZP1	12333
HEXD	12334
DRD5	12335
BUB1	12336
SPNS1	12337
LRRC45	12338
CHRNA5	12339
MT1B	12340
CENPX	12341
AGPAT2	12342
ASPSCR1	12343
GP9	12344
FASN	12345
CNBP	12346
MT1E	12347
DUS1L	12348
GPS1	12349
RFNG	12350
DCXR	12351
ZNF32	12352
LDB2	12353
RAC3	12354
NRG4	12355
LIMS1	12356
TMEM266	12357
NLGN1	12358
TAPT1	12359
UGP2	12360
TAS2R1	12361
LINGO1	12362
PRY	12363
PRY2	12364
HNRNPF	12365
BTD	12366
CSGALNACT2	12367
TACR3	12368
GSX1	12369
PCDH7	12370
ROBO1	12371
ONECUT1	12372
AVEN	12373
P2RY1	12374
CTNND2	12375
TRIM56	12376
MUC17	12377
AHSP	12378
WNT10B	12379
CALML6	12380
REPS2	12381
MUC3A	12382
SYAP1	12383
ITGAM	12384
PYDC1	12385
TPST1	12386
TM4SF4	12387
TOR1AIP2	12388
S100G	12389
TM4SF1	12390
OTUD3	12391
OTUD7A	12392
GUSB	12393
BRD3	12394
KLF13	12395
FRMPD4	12396
ZFPM2	12397
ZNF764	12398
HSFY2	12399
ZNF747	12400
ZNF768	12401
TAS1R3	12402
TMEM42	12403
MAP3K2	12404
PUSL1	12405
SF3B5	12406
ZNF35	12407
TIGD4	12408
IFFO2	12409
NLGN2	12410
MYO7B	12411
CHD3	12412
TMEM154	12413
MYRIP	12414
ALCAM	12415
YWHAG	12416
UBE2E3	12417
CNTROB	12418
TRAPPC1	12419
ZPLD1	12420
KCNAB3	12421
SERPINA9	12422
FAM153A	12423
GPR37L1	12424
SIMC1	12425
TMEM192	12426
NSG2	12427
SPDYE5	12428
SERPINA6	12429
ZNF778	12430
NIPA1	12431
FOXD4	12432
GPR25	12433
UBE2E1	12434
HNRNPA3	12435
SIK2	12436
RNF150	12437
CCDC144A	12438
VGLL2	12439
HOXD4	12440
CHRNB1	12441
GYPA	12442
USP38	12443
SLC16A5	12444
NANP	12445
ANKK1	12446
ADRA1B	12447
ADPRM	12448
FABP6	12449
PWWP2A	12450
USP50	12451
USP47	12452
PDCD6IP	12453
ZNF212	12454
MRAP	12455
FAM161A	12456
ZNF282	12457
GLB1	12458
GON7	12459
FAXDC2	12460
CRTAP	12461
HSPB2	12462
C7orf33	12463
CNGB3	12464
SLN	12465
ELP5	12466
CMTM8	12467
GABARAP	12468
LGALS9B	12469
STX8	12470
CDK1	12471
UBB	12472
NFRKB	12473
FABP4	12474
FRMPD2	12475
PRDM10	12476
B3GNT2	12477
FOS	12478
TMED10	12479
SETMAR	12480
SMAD1	12481
CST5	12482
CST2	12483
EMX2	12484
CST1	12485
SP7	12486
TCAF2	12487
SEMA3E	12488
LRRN2	12489
SLC30A1	12490
DCLK2	12491
ZNF804A	12492
GPRC5C	12493
TMEM182	12494
VSTM2A	12495
KRT8	12496
KRT78	12497
ADORA2B	12498
SDR9C7	12499
MGMT	12500
METTL7B	12501
KRT86	12502
HARS1	12503
NFXL1	12504
KRT75	12505
DENND5B	12506
CD14	12507
DNAJC18	12508
KRT6C	12509
RIOX1	12510
SPATA24	12511
RALGAPB	12512
PYM1	12513
MZB1	12514
KRT4	12515
SLC23A1	12516
KRT74	12517
NPAS2	12518
KRT72	12519
KISS1	12520
LONRF2	12521
NUDT9	12522
HSD17B13	12523
PA2G4	12524
COX7B2	12525
ELOVL6	12526
KRT83	12527
PFKFB3	12528
TMC7	12529
ARL6IP1	12530
SERPINB9	12531
SMAGP	12532
IRX1	12533
CDH2	12534
IRX2	12535
EMB	12536
SIX2	12537
DLGAP1	12538
STAT2	12539
NUDCD2	12540
IRF2BP1	12541
HSPA4	12542
FOXA3	12543
GARIN3	12544
SLC26A5	12545
COMMD5	12546
SGCD	12547
GTSF1	12548
ZNF16	12549
ARMC10	12550
RNF34	12551
ACYP2	12552
TRABD	12553
ATF7	12554
RASA4B	12555
SOCS6	12556
CAVIN4	12557
OR10A3	12558
ZNF296	12559
HOXB9	12560
TTLL6	12561
POLH	12562
SYT9	12563
KCNS3	12564
RBMXL2	12565
KIF5B	12566
GPR37	12567
AKAP13	12568
TPD52L3	12569
CDCA4	12570
OR10A4	12571
SDR16C5	12572
DYDC1	12573
OR10A2	12574
CHCHD7	12575
HTRA3	12576
FOXN2	12577
LMOD2	12578
BFSP2	12579
FSHR	12580
USP32	12581
CEL	12582
PPM1D	12583
GPR27	12584
ENSG00000170846.17	12585
PSG6	12586
KBTBD2	12587
RIOX2	12588
TRIAP1	12589
LSM3	12590
KIAA0232	12591
MTSS1	12592
TMEM43	12593
RNF139	12594
RPS9	12595
PLA2G1B	12596
CYTL1	12597
TSEN34	12598
TRH	12599
GSTA4	12600
MSANTD4	12601
NDUFA3	12602
OSCAR	12603
PAQR8	12604
NUDT6	12605
TANC2	12606
OR7G2	12607
PKHD1	12608
OR1M1	12609
NCBP2L	12610
DNAJC24	12611
MBD3L1	12612
ZNF160	12613
PGK2	12614
OR8B12	12615
ZNF415	12616
CAVIN3	12617
CEACAM3	12618
DCDC1	12619
HAS2	12620
PDGFD	12621
PLAC1	12622
DDI1	12623
S1PR1	12624
HS6ST2	12625
PYGO1	12626
LRRC8E	12627
PKIA	12628
XKR6	12629
TSNARE1	12630
FPR2	12631
FPR1	12632
PATE1	12633
FEZ2	12634
SOX7	12635
C8orf74	12636
C11orf24	12637
ALK	12638
KYAT1	12639
MTM1	12640
OBP2B	12641
TRMT61B	12642
INSR	12643
MFN1	12644
GIMAP8	12645
HSFX1	12646
NRTN	12647
KCNMB3	12648
FUT3	12649
KCNG3	12650
ATP6V0E2	12651
PRKCE	12652
OR2K2	12653
JAGN1	12654
RLN3	12655
TADA3	12656
SOCS5	12657
C1GALT1C1	12658
BBLN	12659
MORN4	12660
ZNF672	12661
ZNF692	12662
NAIF1	12663
RBKS	12664
OR2M4	12665
GRIK1	12666
MUC7	12667
OPRPN	12668
SMR3B	12669
TMEM126A	12670
TMEM126B	12671
TRIM8	12672
NETO2	12673
CSN3	12674
CLDN20	12675
CDC42BPG	12676
SCAND1	12677
JUNB	12678
FAM241B	12679
TMEM37	12680
UGT2B7	12681
LRG1	12682
SHCBP1	12683
SOSTDC1	12684
NPTX1	12685
FAM98B	12686
ZNF439	12687
ZNF440	12688
GAA	12689
CANT1	12690
KCNK3	12691
ZDHHC16	12692
CHST11	12693
EXOSC1	12694
PGAM1	12695
CHD7	12696
ESCO2	12697
KRT19	12698
KRT15	12699
LURAP1	12700
CLCN5	12701
TPPP	12702
KCND3	12703
APLN	12704
KRT13	12705
XAGE3	12706
KRT9	12707
XAGE5	12708
PDE7B	12709
MRPL36	12710
ZNF581	12711
NAT1	12712
KRT20	12713
GLOD5	12714
KSR2	12715
ZNF524	12716
MCC	12717
KRT27	12718
ZBTB26	12719
CDK5R2	12720
DSEL	12721
POLR1C	12722
ASXL1	12723
OR1L6	12724
DLK2	12725
ZNF562	12726
ZNF318	12727
ZNF561	12728
WIPF2	12729
HOPX	12730
OR1L3	12731
NLRP5	12732
LRRC8C	12733
SPACA5	12734
RSL1D1	12735
LRRC8D	12736
MROH2B	12737
OR1L8	12738
PPID	12739
OR1N2	12740
COL24A1	12741
ETFDH	12742
RXFP1	12743
LPAR3	12744
PTGER4	12745
TBCA	12746
NEUROD2	12747
MAP6	12748
OTP	12749
ECEL1	12750
BCL2L1	12751
FGG	12752
FGA	12753
OR2AT4	12754
FGB	12755
PLRG1	12756
RAB4B-EGLN2	12757
ZNF584	12758
DSCAM	12759
DNAI2	12760
NMUR1	12761
CLSTN1	12762
CXXC5	12763
ZNF274	12764
PIK3CD	12765
PTCRA	12766
SLC25A33	12767
ENC1	12768
SPSB1	12769
P2RY6	12770
BPTF	12771
S100Z	12772
ZIK1	12773
GPR82	12774
GPR34	12775
PLEKHG5	12776
ATF7IP	12777
LKAAEAR1	12778
RGS19	12779
TCEA2	12780
DEFB4A	12781
ANO5	12782
HDAC3	12783
SPATA46	12784
GPHN	12785
VAT1L	12786
TMEM51	12787
CAMTA1	12788
LGALS4	12789
LRRC34	12790
PAH	12791
SPATA5L1	12792
GATM	12793
SYCE1	12794
NXNL1	12795
RASGRP4	12796
NHLH1	12797
SLFNL1	12798
BCL2	12799
RHNO1	12800
CTPS1	12801
UTF1	12802
KNDC1	12803
WDR87	12804
METTL18	12805
CFAP46	12806
COL8A2	12807
PWWP2B	12808
PCDHB1	12809
ZNF540	12810
ANGPTL7	12811
FBXL14	12812
EXOSC10	12813
ZNF570	12814
NINJ2	12815
MLLT3	12816
FAM90A1	12817
RRM2	12818
TRAPPC12	12819
IFNB1	12820
RPS21	12821
C3AR1	12822
MRM3	12823
PTEN	12824
RPS7	12825
PRND	12826
RNASEH1	12827
PRNP	12828
KLF17	12829
ADRA1D	12830
FRMD5	12831
AQP4	12832
CYP4F11	12833
TLN2	12834
LGALS9C	12835
TVP23B	12836
FBXW10	12837
OR10H3	12838
ZNF217	12839
SRGAP2C	12840
OR52A5	12841
SCG2	12842
ATPAF2	12843
CYP4F22	12844
FOXB1	12845
PPIH	12846
DRC3	12847
ZNF57	12848
SHLD1	12849
JMJD1C	12850
LDHAL6B	12851
SYNPO	12852
ZNF556	12853
MAL	12854
ZNF554	12855
RAB33B	12856
THOP1	12857
REG3A	12858
GAP43	12859
REG1B	12860
EPHX4	12861
LAMB2	12862
USP19	12863
QARS1	12864
ORMDL3	12865
SERF1A	12866
KLF11	12867
LRRC15	12868
SMN1	12869
EIF2AK3	12870
TEX37	12871
MOB3A	12872
KRCC1	12873
NME6	12874
CYCS	12875
CD8B	12876
SLFN12	12877
CALB2	12878
SLC9C1	12879
OR1A1	12880
CCL11	12881
FRMD3	12882
SNTB1	12883
MTBP	12884
TEFM	12885
MRPL13	12886
MALT1	12887
PRL	12888
ISG20	12889
MBOAT1	12890
ID4	12891
GPR22	12892
CXCR6	12893
CEBPB	12894
AZU1	12895
TPSAB1	12896
ATOH1	12897
PAIP1	12898
CLEC7A	12899
C5orf34	12900
C1QTNF4	12901
NEGR1	12902
ZNF131	12903
MACROD2	12904
DPAGT1	12905
BSG	12906
HINFP	12907
CERS6	12908
SPTLC3	12909
COPRS	12910
TP53RK	12911
B3GALT1	12912
OR5A1	12913
CLEC12A	12914
OR5A2	12915
BPGM	12916
POP7	12917
ALG14	12918
SUCLG2	12919
STARD5	12920
CSDC2	12921
RCAN2	12922
IL16	12923
ABCG4	12924
GNB2	12925
CFAP53	12926
OR5B12	12927
OR5B2	12928
MCRIP2	12929
NHERF4	12930
C2CD2L	12931
OR9I1	12932
ARNT2	12933
GNG12	12934
PRSS27	12935
MYOZ2	12936
SYNPO2	12937
DNAJB7	12938
CLP1	12939
INSL5	12940
EFCAB3	12941
TTC36	12942
RSPH9	12943
COPS9	12944
GTPBP2	12945
FGGY	12946
OR9G4	12947
IL17D	12948
FUT9	12949
TCEAL1	12950
ZNF24	12951
HSFY1	12952
MANEA	12953
RAB40A	12954
MAB21L4	12955
AGXT	12956
OR8J1	12957
AFF1	12958
ACOT12	12959
FIBP	12960
CARNS1	12961
OR10H5	12962
BANP	12963
PPP1CA	12964
HCFC1	12965
FAM170B	12966
CTSW	12967
NIPAL4	12968
MUCL1	12969
SNTG2	12970
FNDC9	12971
PDE3A	12972
RASGRP1	12973
KLHL6	12974
CHCHD1	12975
MRPL52	12976
SMPDL3A	12977
RND1	12978
RAD9A	12979
EFEMP2	12980
OR10AD1	12981
AGAP5	12982
WASHC2C	12983
TMEM134	12984
ZMAT3	12985
ZFAND4	12986
THEMIS	12987
MOS	12988
ZNF738	12989
MS4A10	12990
SLFN11	12991
GARIN2	12992
CCL19	12993
CORO1B	12994
FUT10	12995
LRRC20	12996
MUS81	12997
PURG	12998
TMEM217	12999
OR4D9	13000
ZNF596	13001
COL6A5	13002
CFL1	13003
TMCC1	13004
NAA16	13005
OR5B3	13006
EFCAB12	13007
PSME3IP1	13008
RAB43	13009
FADS6	13010
ZNG1A	13011
HOXC5	13012
RAB37	13013
DCP2	13014
SNX32	13015
RPL38	13016
CYP7B1	13017
OVOL1	13018
RARG	13019
CES4A	13020
CES3	13021
SSH3	13022
CES2	13023
PDP2	13024
SP3	13025
KRT2	13026
DMXL1	13027
METAP1D	13028
ZNF621	13029
EGFL7	13030
NADSYN1	13031
DHCR7	13032
LVRN	13033
NBEA	13034
RNASEH2C	13035
MYEOV	13036
ANKRD13D	13037
MRGPRF	13038
MYD88	13039
OXSR1	13040
SLC22A13	13041
PHF8	13042
LCLAT1	13043
ADH6	13044
XKR3	13045
FRG2C	13046
KAT5	13047
SH3RF3	13048
GXYLT2	13049
HPSE2	13050
DCAKD	13051
ARPP21	13052
TADA2B	13053
CCDC96	13054
GRK2	13055
RELA	13056
EVC2	13057
ZNF680	13058
HECTD4	13059
FAM222B	13060
BNC2	13061
RXFP4	13062
HPSE	13063
COQ2	13064
CCDC63	13065
HSPA6	13066
TRMT112	13067
LRRN3	13068
KDM2A	13069
ACSM6	13070
ADCK5	13071
MRPL57	13072
NOC3L	13073
ESRRA	13074
RHOD	13075
ADAMTS20	13076
COMMD1	13077
RAPH1	13078
MTX1	13079
ADCY5	13080
PARP14	13081
CYSLTR1	13082
PARP15	13083
CKS1B	13084
ABCD2	13085
ABLIM3	13086
MAB21L3	13087
TUBB8B	13088
MFSD4B	13089
VANGL1	13090
GLRX	13091
IQCB1	13092
SYT12	13093
GOLGB1	13094
C11orf86	13095
LIPM	13096
GPR151	13097
DMRT2	13098
ZNF483	13099
PLAC8L1	13100
SLC2A14	13101
GPR137	13102
SNCG	13103
MMRN2	13104
MZT2A	13105
TNKS	13106
ZNF449	13107
ZBTB21	13108
PPP1R3B	13109
OR10K1	13110
STOX2	13111
MAP3K11	13112
TRIB1	13113
KCNK7	13114
SFT2D3	13115
ENSG00000173366.11	13116
C1QB	13117
C1QA	13118
NDNF	13119
IQCF1	13120
OLR1	13121
GLIPR1L1	13122
DAG1	13123
INSM1	13124
DAB1	13125
ARV1	13126
NAA20	13127
IHO1	13128
SAA1	13129
MICOS10	13130
EHBP1L1	13131
THAP2	13132
TMEM196	13133
RNF26	13134
PPP1R14B	13135
RNASE11	13136
ZNRD2	13137
AGR3	13138
SMARCC1	13139
ZNF417	13140
PTPRM	13141
FKBP2	13142
VEGFB	13143
PEAK1	13144
TNFRSF10D	13145
MST1	13146
TNFRSF10C	13147
GMPPB	13148
MOB1B	13149
ZNF622	13150
CSPG4	13151
SNX33	13152
FAM166C	13153
NABP1	13154
ADGRF3	13155
NLRP13	13156
CHD2	13157
XCR1	13158
CCDC106	13159
CCR9	13160
CEP83	13161
SULT1B1	13162
NUDT4	13163
PC	13164
UGT2A1	13165
SCAI	13166
GPRC6A	13167
NMNAT1	13168
LRFN4	13169
TRAPPC3L	13170
APOBEC4	13171
SLC19A1	13172
HSPB7	13173
RCE1	13174
UQCRH	13175
TAS1R1	13176
EIF1AX	13177
SPDYE2B	13178
BCLAF3	13179
PSMD1	13180
ADGRG2	13181
SPATA3	13182
MUC13	13183
SUSD5	13184
HEG1	13185
WFIKKN2	13186
C11orf80	13187
TOMM20	13188
C1orf100	13189
AGFG1	13190
STAT5B	13191
CD7	13192
TOPAZ1	13193
CNP	13194
JUP	13195
HAP1	13196
TDRD12	13197
EIF1	13198
ENDOV	13199
RNF213	13200
TIGD3	13201
KCNH6	13202
MARCHF10	13203
PLK3	13204
NET1	13205
DPY19L1	13206
PHOSPHO1	13207
ZNF791	13208
PHC3	13209
GPR160	13210
CBX2	13211
SPTBN2	13212
GOLIM4	13213
KRT28	13214
RBM4B	13215
ATP5MK	13216
HOXB2	13217
C1QTNF1	13218
MARCHF3	13219
SWSAP1	13220
SLCO4C1	13221
RBM4	13222
PIFO	13223
XXYLT1	13224
UBXN2A	13225
RAX2	13226
LRRC63	13227
TCAP	13228
CCS	13229
NRROS	13230
CEP19	13231
KLHL15	13232
FBXO45	13233
CBY2	13234
TENT5D	13235
GNG5	13236
SLC25A30	13237
C9orf131	13238
CD34	13239
CTSF	13240
MSRB3	13241
LEMD3	13242
UQCC4	13243
TLR10	13244
TLR1	13245
TLR6	13246
FAM174A	13247
RGMB	13248
FAM53A	13249
NWD2	13250
CYB561D1	13251
GSTA3	13252
ZDHHC24	13253
TRMT10C	13254
SELP	13255
CTU2	13256
MGA	13257
KICS2	13258
ARL13A	13259
SNX31	13260
PIGG	13261
PRPF8	13262
ADCY6	13263
REP15	13264
PITPNA	13265
DDX23	13266
ZNF80	13267
ZNHIT2	13268
EVX2	13269
ZBTB4	13270
TNK1	13271
ZHX3	13272
PHLDA3	13273
SLC16A11	13274
SLC16A13	13275
GLIS1	13276
CHRNA9	13277
PODN	13278
SLC6A19	13279
EXO1	13280
RALGAPA1	13281
LIG4	13282
TRHR	13283
GTF2IRD2B	13284
ABRA	13285
ATP2A2	13286
ZWILCH	13287
RPL4	13288
SNAPC5	13289
STARD6	13290
GOLGA6L2	13291
VWC2L	13292
C12orf76	13293
ZCCHC12	13294
CNTNAP2	13295
GALNTL6	13296
LINGO2	13297
BBS1	13298
DENND4A	13299
IGDCC3	13300
GCSAM	13301
ANKRD36C	13302
SLC26A9	13303
MFSD4A	13304
PELI3	13305
TTC9B	13306
MYO1H	13307
TMEM81	13308
MRPL11	13309
KLK15	13310
IL20RB	13311
GOLT1A	13312
AKIRIN1	13313
NPAS4	13314
MSL2	13315
ZNF497	13316
TRAM1L1	13317
CMKLR1	13318
ANGEL2	13319
UGT8	13320
KY	13321
IQCK	13322
SLCO2A1	13323
ZNF266	13324
OR7D4	13325
SLC29A2	13326
BRSK2	13327
B4GAT1	13328
TMEM167A	13329
LEP	13330
SH3PXD2B	13331
RESF1	13332
LARP7	13333
FGFBP3	13334
NR1D2	13335
PABPC5	13336
BRMS1	13337
RPL15	13338
FAM241A	13339
HRAS	13340
WDR49	13341
SRP72	13342
PCP2	13343
RIN1	13344
ODAPH	13345
THAP6	13346
CEP135	13347
FZD4	13348
CD248	13349
BTC	13350
PDZK1	13351
ADGRE1	13352
DENND6A	13353
PDE12	13354
GLMN	13355
DNAH12	13356
YIF1A	13357
CNIH2	13358
AMY1B	13359
NLRP6	13360
NDUFA11	13361
RSRC1	13362
CATSPERD	13363
RAB1B	13364
PTDSS2	13365
MICOS13	13366
C3orf33	13367
SEZ6L2	13368
ASPHD1	13369
KCTD13	13370
P2RY14	13371
AMZ1	13372
GPR171	13373
GPR149	13374
CD164L2	13375
FUT1	13376
DHX36	13377
ZIC4	13378
OR10AG1	13379
FBXW8	13380
CA5A	13381
ZG16	13382
KLC2	13383
SLC22A1	13384
TEX36	13385
CTBP2	13386
CHST2	13387
ZDHHC14	13388
ATR	13389
UBE2C	13390
DSG4	13391
GK5	13392
VCPIP1	13393
RTP1	13394
DES	13395
PDIK1L	13396
SPSB4	13397
RAG2	13398
TRAF6	13399
ZNF654	13400
TVP23C	13401
MRPS22	13402
PACS1	13403
WFDC5	13404
MARCKSL1	13405
SH3BP5L	13406
OR2T1	13407
YPEL2	13408
CADM2	13409
ABO	13410
PSMD2	13411
PPM1E	13412
FAM131A	13413
CSRP2	13414
INHBC	13415
PARL	13416
DDIT3	13417
PCCA	13418
HIGD2B	13419
DCTN2	13420
NPPA	13421
ZNF408	13422
CTDSP2	13423
CKAP5	13424
ARHGAP1	13425
MED16	13426
ATG13	13427
GAL3ST3	13428
C1orf127	13429
CHST1	13430
GOLGA8A	13431
VWA3A	13432
TP53I11	13433
CENPS	13434
DOLK	13435
PHYHD1	13436
CATSPER1	13437
CCNE2	13438
PHYKPL	13439
ANKS4B	13440
CST6	13441
GRAMD2A	13442
ZNF519	13443
LSM1	13444
PROP1	13445
ISX	13446
BANF1	13447
APOF	13448
CHRNA7	13449
TMEM9B	13450
NRIP3	13451
PTPN2	13452
SCUBE2	13453
EIF1AD	13454
SMAD2	13455
EIF3F	13456
ZNF25	13457
ARL10	13458
CLTB	13459
PCSK1	13460
LPL	13461
RFESD	13462
CCDC14	13463
TBC1D10C	13464
SART1	13465
PPP2R2D	13466
MCTP1	13467
POLD4	13468
LRRC25	13469
DPP10	13470
CLCF1	13471
TSGA10IP	13472
GPR152	13473
UBQLNL	13474
UBQLN3	13475
PNLIP	13476
LIPT2	13477
KCNE3	13478
CABP4	13479
ALG10B	13480
DRAP1	13481
LONRF3	13482
UCP3	13483
UCP2	13484
C11orf68	13485
PAAF1	13486
MRPL48	13487
RAB6A	13488
P2RY2	13489
FOSL1	13490
ERCC4	13491
SUGCT	13492
CCDC85B	13493
TMEM70	13494
RPS6KB2	13495
RMI2	13496
PRM1	13497
TOM1L2	13498
TEX26	13499
ZNF77	13500
GPR156	13501
CCDC197	13502
MTLN	13503
KDF1	13504
B3GNTL1	13505
RBMXL3	13506
MLXIP	13507
NR2F1	13508
AURKAIP1	13509
TTLL11	13510
EIF4E1B	13511
TOMM5	13512
SLC35E3	13513
PRIMA1	13514
ZNF169	13515
RUVBL1	13516
SFN	13517
MSRA	13518
CBLL2	13519
CCDC168	13520
CTDNEP1	13521
ETV4	13522
SWI5	13523
GAPT	13524
BAIAP2	13525
CALCB	13526
CREG2	13527
TMEM270	13528
HOXD8	13529
ZDHHC21	13530
TSPEAR	13531
PLEKHF2	13532
A2M	13533
ARL4D	13534
DOK7	13535
LRRN1	13536
UBE2O	13537
ORAI3	13538
KLHL38	13539
UNC119B	13540
DENND2C	13541
PLEKHD1	13542
ASCL3	13543
TUBB6	13544
LYSMD3	13545
AMIGO3	13546
B3GALT6	13547
ZNF613	13548
C11orf16	13549
TMPRSS7	13550
NUPR1	13551
JAKMIP2	13552
MBLAC2	13553
TPRN	13554
KCNE5	13555
ZNF683	13556
SLC35A4	13557
CRYBG2	13558
IP6K1	13559
SSNA1	13560
CSTF3	13561
YES1	13562
CHMP6	13563
UFSP1	13564
MC5R	13565
TMEM39A	13566
TCP11L1	13567
GPX2	13568
CCDC57	13569
HSF5	13570
FOXG1	13571
SPHK1	13572
BNIP3	13573
ENTHD1	13574
MYPOP	13575
CIDEA	13576
OR11H4	13577
LRRTM4	13578
ATAD5	13579
SMIM19	13580
ZNF404	13581
RTTN	13582
OR4K17	13583
ACBD7	13584
ANAPC2	13585
OR4K13	13586
HMGB4	13587
ZBTB8OS	13588
SLC35G1	13589
ZNF135	13590
OR4N2	13591
FOXR1	13592
COX8A	13593
TAC4	13594
ZSCAN2	13595
PRR18	13596
B3GNT4	13597
CDC26	13598
HSD11B2	13599
CRLF3	13600
RNPEP	13601
EID2	13602
DMRTA1	13603
EID2B	13604
GJC3	13605
RIMS2	13606
KCMF1	13607
DNAJC30	13608
SPRYD4	13609
VPS37D	13610
CLEC14A	13611
SYNE3	13612
CLK2	13613
LPCAT4	13614
SLCO3A1	13615
ZNF575	13616
WDR25	13617
SGF29	13618
PLAAT3	13619
DIRAS1	13620
OR5AN1	13621
PHLDB3	13622
PRR15	13623
GNG7	13624
USF3	13625
CNTD1	13626
DCAF4L2	13627
CNBD1	13628
KBTBD11	13629
B3GNT5	13630
MAP3K19	13631
LMNB2	13632
RMDN1	13633
MEX3C	13634
HORMAD2	13635
RNF152	13636
MYO1D	13637
FOXL1	13638
LRRC37A	13639
FOXC2	13640
OR4F17	13641
BDNF	13642
CCDC121	13643
ACSF3	13644
BOK	13645
ZNF843	13646
RBIS	13647
PFN4	13648
CDK5R1	13649
TCERG1L	13650
NCKAP5	13651
RUFY1	13652
BASP1	13653
OR51L1	13654
LRRC37A3	13655
VSIG10	13656
IRX5	13657
METRNL	13658
FAM91A1	13659
WSB2	13660
GRIN1	13661
SOX11	13662
TYMS	13663
PXMP2	13664
TCEANC	13665
PNMA1	13666
TCIM	13667
MAMSTR	13668
ANKLE2	13669
C8G	13670
FUT2	13671
OR51S1	13672
EFCAB5	13673
GCNT4	13674
MUC20	13675
THAP4	13676
NFATC2IP	13677
LY6H	13678
FIBIN	13679
FAM89B	13680
SHMT1	13681
DPP7	13682
TRIM60	13683
SEC24C	13684
FMR1NB	13685
SMCR8	13686
MTHFR	13687
C19orf18	13688
DEAF1	13689
MTX3	13690
TMEM80	13691
SIX5	13692
IFNW1	13693
FBXO46	13694
ZDHHC13	13695
SLC38A9	13696
ACER2	13697
WDR73	13698
POLE	13699
PHETA2	13700
SCN4B	13701
DSCAML1	13702
RHOG	13703
EPS8L2	13704
ZDHHC22	13705
ANO6	13706
ZBTB34	13707
FAM9B	13708
CETN1	13709
NUDT4B	13710
FAM210A	13711
OR2T35	13712
TALDO1	13713
ULK1	13714
OR14C36	13715
RIMKLA	13716
CLVS1	13717
RPS6KA3	13718
B3GNT8	13719
PUS1	13720
CHD9	13721
OR2T12	13722
SPACA4	13723
OR2T33	13724
GATD1	13725
TRIM72	13726
MAN1B1	13727
DEFB4B	13728
KCNA3	13729
OR2AJ1	13730
FZD8	13731
GJD4	13732
FBXO39	13733
CLDN22	13734
KCNA2	13735
TOP3A	13736
CASKIN2	13737
ZBTB38	13738
BEND2	13739
CCDC71	13740
C10orf71	13741
LRRN4CL	13742
TIMM22	13743
HIC1	13744
PPFIA3	13745
MAGEF1	13746
UMODL1	13747
SAMD9L	13748
UBE2U	13749
PAWR	13750
TGIF1	13751
MIEF2	13752
NAP1L5	13753
NIM1K	13754
CD19	13755
ERICH5	13756
OR2T8	13757
NR2C2	13758
GPR4	13759
ACOT4	13760
CAVIN1	13761
ARIH2	13762
RBM44	13763
ZBTB33	13764
ZBED2	13765
IRX3	13766
ST8SIA3	13767
RPRM	13768
OR2B11	13769
SLC25A22	13770
RABEP2	13771
NHLH2	13772
ATOX1	13773
FAM187B	13774
TBL1XR1	13775
SAMD12	13776
CD163	13777
C18orf32	13778
PIDD1	13779
ZNF491	13780
RPLP2	13781
HASPIN	13782
JUN	13783
CSTF2T	13784
PGBD5	13785
C12orf54	13786
GBA1	13787
ACAD9	13788
IL17RA	13789
PNPLA2	13790
MBOAT4	13791
AGTRAP	13792
CD163L1	13793
SRRM3	13794
THAP5	13795
CRACR2B	13796
SUMO4	13797
MAGEB10	13798
DNAJC28	13799
NAALADL2	13800
CD151	13801
POLR2L	13802
FAM20C	13803
NECTIN3	13804
SLC35G5	13805
ANXA2R	13806
TMEM94	13807
FLII	13808
SOX12	13809
HNRNPA0	13810
YIPF7	13811
MYOZ1	13812
KCNJ10	13813
CHID1	13814
PCDHB9	13815
ZNF620	13816
ZNF518A	13817
TMEM187	13818
SVBP	13819
ZNF619	13820
CCDC184	13821
AP3S1	13822
GRB2	13823
ZBTB41	13824
UBE2N	13825
ARL6IP6	13826
ZNF354C	13827
CAPZA3	13828
MAMDC4	13829
ODF3	13830
BET1L	13831
RPS27	13832
RIC8A	13833
IMP3	13834
ASB8	13835
LCN15	13836
ODF3B	13837
DPY19L2	13838
SPATA31E1	13839
C2orf73	13840
GPR150	13841
TSPYL6	13842
LRRC75B	13843
DMAP1	13844
ADAMTSL1	13845
CALHM5	13846
IMPDH2	13847
ALS2CL	13848
MLF1	13849
NDUFAF3	13850
C2orf69	13851
GRAMD1C	13852
STAP2	13853
HTR3C	13854
TSSK6	13855
BOLA1	13856
PDE4DIP	13857
DDX10	13858
GOLGA8Q	13859
PPP1R42	13860
NDUFV2	13861
DALRD3	13862
ZNF114	13863
ZNF518B	13864
AMER3	13865
SPINK6	13866
ZNF366	13867
LCORL	13868
PARD6G	13869
ZNF454	13870
SH2B1	13871
ZC3H12D	13872
VN1R1	13873
POGLUT3	13874
PLEC	13875
SH2D4B	13876
RNF212	13877
PRSS36	13878
ZNF543	13879
TMEM151B	13880
GALNT11	13881
SLITRK1	13882
WDR6	13883
PRM3	13884
SPAG11A	13885
GEN1	13886
TMPRSS9	13887
AQP11	13888
TMEM11	13889
ZNF354B	13890
KCNG2	13891
SHISA3	13892
OR2D3	13893
CALML3	13894
CALML5	13895
ZFAND2A	13896
PLEKHM3	13897
ZNF223	13898
HTR1A	13899
CCDC185	13900
FAM220A	13901
DNAJC22	13902
NEUROG2	13903
CEP295NL	13904
BEND3	13905
NT5DC1	13906
TIMM23B-AGAP6	13907
GLDC	13908
COX14	13909
MCMDC2	13910
TUBAL3	13911
P4HTM	13912
UCN3	13913
DTX3	13914
KLHL11	13915
AMBN	13916
CTXN1	13917
SLC25A20	13918
CA8	13919
CD28	13920
EPM2AIP1	13921
ERBB4	13922
MAF	13923
CTNNBIP1	13924
OR6B3	13925
DEFB125	13926
PSAPL1	13927
OTOS	13928
GTPBP6_ENSG00000178605	13929
ERN1	13930
GPR35	13931
C10orf53	13932
CSRNP3	13933
ZNF713	13934
PARP10	13935
DYNAP	13936
SUZ12	13937
NSUN3	13938
KCTD12	13939
DHFR2	13940
RPP25	13941
GRINA	13942
THBD	13943
GP5	13944
COX5A	13945
STX19	13946
ERFE	13947
FAM219B	13948
ZHX2	13949
CPN2	13950
CPNE7	13951
C5orf46	13952
CD300LB	13953
GDPD4	13954
RIIAD1	13955
MPI	13956
H1-8	13957
TRIM73	13958
OPLAH	13959
TMEM52	13960
TMEM139	13961
RNF186	13962
EFCAB13	13963
MSC	13964
APOLD1	13965
RFLNA	13966
EXOSC4	13967
DPY19L3	13968
TAF7	13969
ZNF852	13970
FOXE1	13971
PFAS	13972
HYI	13973
CYBC1	13974
TPRX1	13975
LGALS7B	13976
ZNF552	13977
SMIM10L2A	13978
GAK	13979
ZBTB7A	13980
TUFM	13981
ERICH3	13982
RMI1	13983
CTC1	13984
FBXO34	13985
SELENOW	13986
EIF3K	13987
MRFAP1L1	13988
SNX18	13989
EXD1	13990
AURKB	13991
TAS1R2	13992
C14orf39	13993
MRFAP1	13994
C3orf38	13995
KLHDC7A	13996
TMEM107	13997
RRS1	13998
EXOC3L1	13999
TRIML2	14000
RCC2	14001
IGSF22	14002
C9orf50	14003
ZFP42	14004
CCDC89	14005
FAM133A	14006
DPM3	14007
C12orf42	14008
CYC1	14009
PER1	14010
HTR1F	14011
TMTC2	14012
HES7	14013
FARSA	14014
SPTY2D1	14015
C10orf67	14016
SAMD4B	14017
GIMAP7	14018
ALOXE3	14019
EDC3	14020
TCAIM	14021
FUCA1	14022
PXT1	14023
GGN	14024
HNRNPCL1	14025
TMEM125	14026
ZNF664	14027
SIGLECL1	14028
CALR	14029
MAGED1	14030
GVQW3	14031
LDLRAD3	14032
CDH4	14033
SMCO3	14034
RAD23A	14035
PCARE	14036
GADD45GIP1	14037
DAND5	14038
TMEM151A	14039
PTPN11	14040
NSUN7	14041
RTL3	14042
FAM156B	14043
WSCD1	14044
RAB39A	14045
CLK3	14046
HLA-DQB1	14047
GATA2	14048
ARID3B	14049
TMEM31	14050
PACS2	14051
ELMOD2	14052
EGR3	14053
CATSPERE	14054
GPC5	14055
VWA1	14056
GEMIN4	14057
FJX1	14058
KLHL28	14059
MKRN3	14060
ZBTB18	14061
OR9A2	14062
C14orf28	14063
ALOX12B	14064
SLC17A8	14065
SHARPIN	14066
LBX2	14067
DNHD1	14068
SLITRK4	14069
HTR1D	14070
GCC1	14071
LSMEM2	14072
RNF151	14073
CIITA	14074
ZFPM1	14075
ALOX15B	14076
PLD6	14077
GPHB5	14078
GRM8	14079
CDC42EP4	14080
OR2AP1	14081
OR6C4	14082
ZBTB42	14083
LACC1	14084
MAF1	14085
TPPP2	14086
FCER1A	14087
RPRML	14088
ARL14	14089
OR6C2	14090
WDR97	14091
NLRP8	14092
PCED1B	14093
APOBEC3B	14094
SYCN	14095
PIPOX	14096
FOXS1	14097
ATOH7	14098
CDH5	14099
LRRC3B	14100
FAM216B	14101
MRGPRX4	14102
MYADM	14103
MRGPRX3	14104
MROH1	14105
SERTAD2	14106
AKAP5	14107
NKPD1	14108
GIPC3	14109
RNF227	14110
CITED4	14111
ABCA13	14112
NLRP11	14113
TIGD5	14114
PDXDC1	14115
CFAP276	14116
ZNF154	14117
R3HDM2	14118
B3GNT3	14119
ITLN1	14120
NRXN1	14121
SEPHS2	14122
GPBAR1	14123
ZNF784	14124
ZNF648	14125
C14orf119	14126
CCR8	14127
GOLGA8J	14128
BBS10	14129
FIZ1	14130
PUF60	14131
SSC5D	14132
DCTPP1	14133
ZNF771	14134
TSHZ1	14135
PSTK	14136
SOCS4	14137
PTGR3	14138
OR1E1	14139
ZNF48	14140
OR1R1P	14141
GARIN5B	14142
C3orf80	14143
NKX2-6	14144
TMEM150B	14145
ANKRD18A	14146
WFDC11	14147
TMEM86B	14148
OR3A1	14149
SEPTIN1	14150
TRNAU1AP	14151
EXOC3	14152
TDRD6	14153
C12orf40	14154
CSNK1A1L	14155
LYNX1	14156
TH	14157
MED14	14158
FAHD1	14159
TDRP	14160
RCC1	14161
WFDC9	14162
MYL11	14163
F2_ENSG00000180210	14164
GARIN6	14165
PRKRA	14166
ZNRF2	14167
RRH	14168
SLC9A4	14169
ZNF816	14170
FGD6	14171
ADGRD2	14172
GPR139	14173
PLD5	14174
OAZ2	14175
WFDC10A	14176
PNPLA1	14177
ALX1	14178
CCDC43	14179
KCTD4	14180
MEIOC	14181
FZD2	14182
TIGD2	14183
ITPRID1	14184
HCLS1	14185
MTURN	14186
ZNF609	14187
PAK2	14188
CCDC66	14189
DEFB124	14190
KRTAP9-7	14191
MCFD2	14192
HARBI1	14193
DEFB123	14194
C11orf71	14195
CYP8B1	14196
SERTM1	14197
GAS1	14198
ARHGAP45	14199
ZNF571	14200
GLIPR1L2	14201
DEFB119	14202
MIGA1	14203
KCNE1	14204
NRIP1	14205
ZSCAN4	14206
BHLHA15	14207
RNF182	14208
TSPYL5	14209
FUT7	14210
H2AC6	14211
EIF2S3B	14212
SKIDA1	14213
H2BC4	14214
MB21D2	14215
GSX2	14216
SSTR2	14217
ZNF594	14218
PCGF5	14219
SLC47A2	14220
PRF1	14221
OR2A4	14222
MAB21L1	14223
YOD1	14224
TMEM64	14225
C3orf22	14226
OR10K2	14227
CHRM4	14228
SHISA2	14229
S1PR5	14230
CLRN3	14231
GPR157	14232
CHST13	14233
AGTR2	14234
SLC36A4	14235
ZDHHC20	14236
ANKRD30B	14237
OR51E1	14238
ZFP3	14239
ARSJ	14240
HOXC9	14241
MAP3K15	14242
PPA1	14243
HOXC10	14244
PSMG4	14245
BHLHE22	14246
MAP6D1	14247
ZNF443	14248
CXCR2	14249
DEFB112	14250
GREM2	14251
C11orf42	14252
SSR4	14253
CAPS2	14254
ZNF792	14255
CUEDC1	14256
SCRIB	14257
KCTD2	14258
D2HGDH	14259
OXTR	14260
CMTR2	14261
FAM83H	14262
GPR62	14263
OR56A1	14264
ZNF572	14265
PITPNB	14266
TCEAL8	14267
OR52E4	14268
LRRC57	14269
OR52N2	14270
MRPL14	14271
GPR137C	14272
C1orf105	14273
OR52N1	14274
BBS12	14275
ZFP82	14276
OR52N5	14277
LSMEM1	14278
NQO1	14279
OR56B1	14280
AEN	14281
FKRP	14282
TRAPPC5	14283
RPH3AL	14284
SLC25A42	14285
FCRL6	14286
METTL23	14287
SLC26A11	14288
HIGD1A	14289
CHRM2	14290
OR52N4	14291
MAPK15	14292
EHMT1	14293
ADIPOQ	14294
F2R	14295
ZNF707	14296
MUC16	14297
NPM1	14298
PJA1	14299
DHTKD1	14300
PENK	14301
C4orf50	14302
H2AC25	14303
ZNF746	14304
POLR2A	14305
TMEM132C	14306
SLC25A41	14307
TLCD5	14308
FRAT2	14309
TMEM102	14310
TMEM132E	14311
ZNF322	14312
NME9	14313
SPEM1	14314
HEPHL1	14315
LRRC75A	14316
CCL13	14317
CFAP65	14318
DDX60L	14319
SYNE4	14320
OGFOD3	14321
WASHC1	14322
UTS2R	14323
AATK	14324
DDN	14325
SAGE1	14326
ZNF467	14327
SOX2	14328
ZNF678	14329
TMEM45A	14330
RAP2B	14331
ZBTB2	14332
RNF135	14333
OR6T1	14334
ACBD4	14335
OR8D4	14336
SGSH	14337
MAB21L2	14338
FANCB	14339
SETD2	14340
EDDM3A	14341
LINC03040	14342
TMIE	14343
MEX3D	14344
MRPS23	14345
OR52H1	14346
FDCSP	14347
GPR135	14348
SLX1B	14349
ANKRD62	14350
P2RY13	14351
TNFSF15	14352
ZFP41	14353
PHLDA2	14354
ATG9B	14355
GPR88	14356
ZNF875	14357
PLAG1	14358
OR8H1	14359
YIPF6	14360
ZBTB20	14361
OR2Z1	14362
DIPK2A	14363
MACIR	14364
AMIGO1	14365
GPR3	14366
TMEM252	14367
ODF3L2	14368
OR5AS1	14369
SIAH2	14370
COPG1	14371
ADGRB1	14372
SLC9A9	14373
LSM10	14374
RELL1	14375
RFX7	14376
SLC35C1	14377
TIGIT	14378
RNF41	14379
SLC2A4	14380
IBA57	14381
CLDN7	14382
ZNF329	14383
ZNF101	14384
C5orf24	14385
ADO	14386
COA4	14387
OR4P4	14388
PRKAG1	14389
GINS3	14390
OR4A16	14391
OR52K2	14392
NEUROG1	14393
CCDC149	14394
MRPS11	14395
SNRPE	14396
RTKN2	14397
PNMA8A	14398
CHST15	14399
ADIG	14400
USH1G	14401
MGAT4C	14402
TRIM49B	14403
IDH2	14404
OR52A1	14405
PTCHD3	14406
TMEM259	14407
GET1	14408
TNRC18	14409
FAM181B	14410
TMEM30B	14411
DEXI	14412
ZNF716	14413
NOP10	14414
FAM89A	14415
KCNIP1	14416
TDRKH	14417
ZNF708	14418
IST1	14419
ERCC6L2	14420
MRPL41	14421
ENPP7	14422
CREB3L2	14423
P2RY8_ENSG00000182162	14424
UNC5C	14425
TSEN54	14426
RGMA	14427
ASB18	14428
UBA7	14429
MRPS16	14430
SHISAL2A	14431
RAD51B	14432
CRYGB	14433
LDOC1	14434
ARL6IP4	14435
EXT1	14436
SHMT2	14437
MOB2	14438
HHIPL1	14439
ATP6AP2	14440
ZAR1	14441
CYB5D1	14442
BACE2	14443
UBE2E2	14444
SYNM	14445
KCNA4	14446
GABRG3	14447
NLRP10	14448
FIGN	14449
IZUMO1	14450
TMIGD1	14451
B4GALNT4	14452
AP1S2	14453
C8orf33	14454
DCAF4L1	14455
SPACA6	14456
MBD3L3	14457
ZSCAN22	14458
KCNJ14	14459
FBXL6	14460
C1S	14461
GLTPD2	14462
KIAA2012	14463
LIPF	14464
OR5P3	14465
DAOA	14466
ZNF804B	14467
KBTBD3	14468
YBEY	14469
CLN8	14470
PLCXD1_ENSG00000182378	14471
NXPH4	14472
CACNB4	14473
IFNL1	14474
TRAPPC6B	14475
PGBD4	14476
NPLOC4	14477
OTOL1	14478
KCNK4	14479
TEX19	14480
TSHZ2	14481
CAPN12	14482
EXOC7	14483
KPNA2	14484
XKRX	14485
BGN	14486
CEP97	14487
LHFPL1	14488
FES	14489
GLRX5	14490
FAM104B	14491
TBPL2	14492
CAV3	14493
MXRA7	14494
LIMK2	14495
MFSD5	14496
RNASE10	14497
ADI1	14498
RWDD4	14499
SPNS3	14500
CLEC4G	14501
SATB1	14502
NXPH3	14503
CSF1R	14504
EPHB3	14505
VCX	14506
EPGN	14507
SNORC	14508
HS3ST4	14509
TRAK1	14510
TSPAN10	14511
OR2V2	14512
PLCB1	14513
SKA2	14514
RXFP3	14515
OR10G7	14516
NDN	14517
CCDC172	14518
NTM	14519
TTC3	14520
KCNB2	14521
PPP1R27	14522
BRICD5	14523
GALR2	14524
RESP18	14525
IGIP	14526
TSKU	14527
CMC4	14528
ANXA2	14529
RGS6	14530
HOXB4	14531
SLC35D3	14532
PAQR7	14533
PAPPA	14534
MAFA	14535
NGRN	14536
GRID1	14537
RPS17	14538
HCAR2	14539
OR2T29	14540
CCDC87	14541
GSTA5	14542
C1orf116	14543
MAGEB17	14544
CRIP2	14545
DDX28	14546
KRTAP13-2	14547
ACBD3	14548
HAPSTR1	14549
PLCXD3	14550
VMO1	14551
OR4F15	14552
ALG12	14553
LCK	14554
GALNT9	14555
COL18A1	14556
RBM10	14557
ADGRG3	14558
GLUD2	14559
TMEM95	14560
RPL35A	14561
RGS7	14562
SLC25A18	14563
ZNF721	14564
TCEAL7	14565
C11orf54	14566
CEP63	14567
WFDC10B	14568
SRPRA	14569
OTOP3	14570
EWSR1	14571
ODF3L1	14572
HMGN4	14573
SPATA13_ENSG00000182957	14574
GJC1	14575
SOX1	14576
CNOT10	14577
MTA1	14578
ZNF662	14579
CADM1	14580
ZNF320	14581
C12orf60	14582
PYCR1	14583
NAA38	14584
SPNS2	14585
MCEMP1	14586
AP2A2	14587
SLC8A1	14588
SLC25A21	14589
OTOP2	14590
CYLC1	14591
PCP4	14592
ABAT	14593
SLC25A10	14594
CAMK1D	14595
RGPD6	14596
LYSMD4	14597
WBP2NL	14598
IGSF5	14599
NKX2-5	14600
AFMID	14601
GAS6	14602
FREM3	14603
NEB	14604
BEGAIN	14605
GPC6	14606
ARHGEF37	14607
FAM43B	14608
CSMD1	14609
CALHM3	14610
PTGDR2	14611
CEP57L1	14612
RIPPLY3	14613
GPR19	14614
GJD3	14615
RABIF	14616
TMEM119	14617
FANCF	14618
CALN1	14619
SMDT1	14620
GABRR3	14621
C2CD4C	14622
CHST6	14623
POTEC	14624
RUVBL2	14625
GDPGP1	14626
CTNNA3	14627
RIMBP3C	14628
PRR36	14629
PTTG1IP	14630
DDX41	14631
ABHD16B	14632
CCDC60	14633
PLGLB1	14634
DAZAP2	14635
CCBE1	14636
SELENOF	14637
OR5P2	14638
FAM9A	14639
TMEM121B	14640
ZNF623	14641
EPHA10	14642
SPDYE4	14643
CCDC125	14644
REC114	14645
BOLA2	14646
BCOR	14647
JRKL	14648
CABCOCO1	14649
GBP6	14650
KIAA2026	14651
OVCH2	14652
SYNDIG1L	14653
FHL3	14654
OR56A4	14655
PMCH	14656
TMEM89	14657
TEKTIP1	14658
CCDC159	14659
RIPK4	14660
LRIT3	14661
NPIPA1	14662
SF3A3	14663
TRIM61	14664
GRIN2A	14665
URAD	14666
GTF2H2C	14667
ASB7	14668
SH2D7	14669
TREX2	14670
GPR132	14671
MX2	14672
EP400	14673
MEX3B	14674
TENT5C	14675
COA5	14676
UTP11	14677
PSMG1	14678
PRR14L	14679
KLRC4	14680
ACSM5	14681
C10orf120	14682
SERHL2	14683
PCBP3	14684
PGPEP1L	14685
SETD3	14686
TNFAIP8L3	14687
ZNRF3	14688
FBXL7	14689
TANGO2	14690
H3C13	14691
SFXN4	14692
GKN2	14693
FAM167B	14694
MRPL54	14695
ZNF438	14696
HMCES	14697
CCR3	14698
DGCR6	14699
GOLGA8G	14700
PRR32	14701
TP53TG3	14702
RP1L1	14703
HOATZ	14704
ZNF530	14705
NDUFB1	14706
MARCHF11	14707
KLHL25	14708
TAFA1	14709
TRMT12	14710
PSG9	14711
CMKLR2	14712
BMP8A	14713
ALYREF	14714
RFLNB	14715
EFHC2	14716
NOG	14717
MRGPRX2	14718
UPP1	14719
IFNL2	14720
OPCML	14721
TRIM52	14722
LHFPL6	14723
CMTM4	14724
TMEM50A	14725
FIGLA	14726
ASCL2	14727
TBK1	14728
CBX6	14729
MACC1	14730
ACSM2A	14731
TBL3	14732
ACP7	14733
KREMEN1	14734
TRAIP	14735
CHEK2	14736
FOXL2	14737
AIFM3	14738
KCTD16	14739
B3GALT5	14740
ZNF703	14741
SLC35F3	14742
KCTD8	14743
TUBA8	14744
NPIPA5	14745
EMILIN3	14746
OLFML1	14747
FAM162B	14748
RBM12B	14749
CCR4	14750
LIN9	14751
BTBD9	14752
NUDT14	14753
ANKRD45	14754
CFAP91	14755
PNMA3	14756
GPR39	14757
FAM3B	14758
ZNF730	14759
KIRREL1	14760
IQGAP3	14761
TOB2	14762
SCN5A	14763
ARSI	14764
UTY	14765
SRARP	14766
NPIPA9_ENSG00000183889	14767
TTC32	14768
LRRC55	14769
DNAH2	14770
SH2D1A	14771
SDR42E2	14772
PRKX	14773
KMT5A	14774
KCNH8	14775
SMTN	14776
NPW	14777
PP2D1	14778
COA3	14779
NPB	14780
ST6GALNAC3	14781
PTP4A2	14782
ACTG1	14783
TMPRSS2	14784
DENND5A	14785
OR2T10	14786
DIABLO	14787
VPS33B	14788
TBX1	14789
ADAP2	14790
UQCR10	14791
FAM120C	14792
TRIML1	14793
EIF3C	14794
CLDN5	14795
NIPSNAP1	14796
CNTN2	14797
LRRC51	14798
KCNQ3	14799
ADRA2C	14800
NR2C2AP	14801
C1QTNF12	14802
CRELD2	14803
OR1D2	14804
SCFD2	14805
UBE2F	14806
KCNJ12	14807
GPR173	14808
PPP1R2	14809
TSPYL2	14810
GOLGA6L4	14811
PGP	14812
SNRNP35	14813
DGAT2L6	14814
IRAK1	14815
CMSS1	14816
OLIG1	14817
PCDH9	14818
ACOT1	14819
OAF	14820
ALDH1A3	14821
H2AC20	14822
KCNK12	14823
H2AC21	14824
POU6F1	14825
DEFB108B	14826
TM2D3	14827
TSSC4	14828
TACSTD2	14829
SIX6	14830
PRKD1	14831
CCSER1	14832
ZDHHC23	14833
MROH7	14834
S100A7A	14835
SRPK3	14836
GDF3	14837
IQCF2	14838
SLIT3	14839
EFNA5	14840
MRGPRE	14841
H1-5	14842
SPATA32	14843
PKP3	14844
MAP7D2	14845
CSF1	14846
COLEC10	14847
ACTRT3	14848
PLA2G6	14849
MAML2	14850
PABPC1L2B	14851
A3GALT2	14852
SS18L1	14853
KCND2	14854
TOP1MT	14855
COPB2	14856
LRRC19	14857
THAP7	14858
KNTC1	14859
CCR10	14860
NCMAP	14861
BPIFC	14862
WDR27	14863
TXNRD2	14864
C1QTNF8	14865
OR56A3	14866
FOXO4	14867
POU3F2	14868
PTP4A3	14869
FOXD4L1	14870
TMEM255B	14871
PROS1	14872
GAST	14873
NUTM1	14874
HDDC3	14875
BEX5	14876
ZFP1	14877
CEND1	14878
C6orf58	14879
DHRS7C	14880
DUSP8	14881
SOCS3	14882
SPEM2	14883
SLITRK6	14884
PIWIL3	14885
LPAR5	14886
XPOT	14887
STING1	14888
PDE4B	14889
TAFA3	14890
C14orf180	14891
SNN	14892
KCNH7	14893
NELL2	14894
KRBA2	14895
MED12	14896
ZNF93	14897
SEPTIN9	14898
PRSS55	14899
ODF4	14900
FOXD4L4	14901
CDCA2	14902
RALYL	14903
AMER1	14904
ZBTB40	14905
H2BC21	14906
CLDN6	14907
OR51M1	14908
SEPTIN5	14909
EIF4ENIF1	14910
LRRC26	14911
SERINC4	14912
RNLS	14913
APOBR	14914
FAM110C	14915
DDX53	14916
ATL3	14917
NDUFA12	14918
SMIM10	14919
DYNLT2	14920
UBE2G2	14921
SATL1	14922
OSBP2	14923
TRARG1	14924
ZBTB7C	14925
APOO	14926
PRR16	14927
TMED9	14928
DRD1	14929
TMEM186	14930
SDR42E1	14931
RBM33	14932
ARMCX2	14933
BTBD6	14934
SRY	14935
H1-10	14936
RBM43	14937
SUMO3	14938
IMMP2L	14939
TCEAL2	14940
CLCNKB	14941
DMRTC1B	14942
JAG2	14943
FMNL1	14944
NUTM2A	14945
PTRHD1	14946
LCN12	14947
OR6A2	14948
WT1	14949
ZFP90	14950
AQP12A	14951
FAM227A	14952
OR6C70	14953
MUC6	14954
NOC4L	14955
USP18	14956
NDUFA6	14957
CHRM5	14958
SORCS2	14959
TMEM121	14960
TMEM106A	14961
SIVA1	14962
BRI3BP	14963
IFNE	14964
SLC22A10	14965
DGAT1	14966
RFX6	14967
ROBO2	14968
AP3M1	14969
F8_ENSG00000185010	14970
NT5C1B	14971
CA13	14972
UBOX5	14973
MAFF	14974
BRF1	14975
LRRC14B	14976
SEMA4B	14977
MROH2A	14978
SPDYE16	14979
CIB1	14980
ANKS1B	14981
NELFA	14982
SLC24A3	14983
SGCZ	14984
EFCAB10	14985
C5orf47	14986
KRT76	14987
FLRT2	14988
INTS5	14989
RPS27L	14990
MANEAL	14991
ADSS1	14992
ANO9	14993
FAF1	14994
MYADML2	14995
FAM43A	14996
NSMCE3	14997
HSF1	14998
C6orf120	14999
PURA	15000
H2BC13	15001
INPP5J	15002
NPY2R	15003
MIXL1	15004
MFSD6L	15005
LRRC37B	15006
DDX51	15007
NOMO2	15008
AQP12B	15009
ZNF479	15010
SIGIRR	15011
NRBP2	15012
PRSS57	15013
IFITM2	15014
TNFAIP2	15015
ZNF445	15016
PGBD2	15017
TCEAL9	15018
MC2R	15019
RAB11B	15020
PRMT3	15021
GP1BA	15022
PRPF39	15023
MAGEA11	15024
PPIL6	15025
ZNF74	15026
KIAA0825	15027
UBALD2	15028
TEX33	15029
CDNF	15030
NOTUM	15031
KLHL33	15032
RBM11	15033
GALNT17	15034
ZBTB37	15035
NUPR2	15036
IL3RA_ENSG00000185291	15037
SPPL2C	15038
CCDC137	15039
SFTPA2	15040
RGPD2	15041
ARL15	15042
C12orf56	15043
SCN10A	15044
CDK10	15045
SOCS1	15046
TCN2	15047
GAS2L1	15048
ATP6V0A2	15049
PRKN	15050
TEDC1	15051
HS6ST3	15052
HGS	15053
TNFAIP8L1	15054
OR2V1	15055
RAD51D	15056
OR7A17	15057
MAPK11	15058
SP140L	15059
MRPL30	15060
TARS3	15061
SMYD3	15062
METTL7A	15063
IFNLR1	15064
SH3BGR	15065
FAM174B	15066
FAM47A	15067
ZSWIM9	15068
KPNA7	15069
TMEM179B	15070
GPRIN3	15071
KRT6B	15072
PARPBP	15073
STAC3	15074
ROR1	15075
MUC1	15076
FAAP100	15077
IRF7	15078
L3MBTL1	15079
BRCC3	15080
SV2B	15081
FAM131C	15082
LMNTD2	15083
SPATA45	15084
PDE6G	15085
PRKG1	15086
NR2F2	15087
DLK1	15088
TLCD2	15089
LSAMP	15090
AHNAK2	15091
OLFML2A	15092
SP1	15093
MRPL40	15094
DBX2	15095
INKA1	15096
PDIA2	15097
PCGF3	15098
LMLN	15099
P4HB	15100
PSMD13	15101
PBX1	15102
NDUFA4L2	15103
SHC4	15104
KRT79	15105
ZFP36L1	15106
UBE2L3	15107
NTF3	15108
BRWD1	15109
SMIM23	15110
PMEL	15111
SYN3	15112
POU3F1	15113
SNAI3	15114
ZBTB3	15115
LYG2	15116
MORN5	15117
PRAME	15118
MYBL1	15119
MOSMO	15120
DRG1	15121
ANKFY1	15122
YTHDF3	15123
ZNF696	15124
ADARB2	15125
NRG3	15126
SRL	15127
C11orf87	15128
IFIT1	15129
CXorf38	15130
KCNQ5	15131
ADAMTSL5	15132
KCNIP4	15133
MORF4L1	15134
NLRP9	15135
WDR53	15136
DMWD	15137
SLC52A2	15138
PIGP	15139
IKZF1	15140
PCYT2	15141
NAT8L	15142
OR6C76	15143
NPAP1	15144
BCAP31	15145
ARL17A	15146
GNB1L	15147
DNAH14	15148
CCDC190	15149
EVI2B	15150
TMEM210	15151
NPIPB4	15152
ZNF829	15153
TMPRSS11B	15154
THNSL1	15155
TRIM69	15156
ATP6V0C	15157
IFITM1	15158
PRSS38	15159
LAMP1	15160
FFAR3	15161
POMK	15162
C16orf54	15163
KLHDC8B	15164
KLHL34	15165
SETD4	15166
PTCH1	15167
RTN4RL1	15168
CALHM1	15169
NKAIN3	15170
RNPC3	15171
ZNF267	15172
IRS2	15173
SPACDR	15174
FAM186A	15175
SHOX_ENSG00000185960	15176
LCE3A	15177
BICD2	15178
LCE3E	15179
CCIN	15180
TMLHE	15181
GRK1	15182
SLITRK2	15183
PLK5	15184
RASA3	15185
LRCH3	15186
LEMD1	15187
ATP4B	15188
NDUFA13	15189
ZNF566	15190
ZNF529	15191
ZNF284	15192
HTR3E	15193
DLEU7	15194
KRT73	15195
TAL2	15196
AIDA	15197
CDIN1	15198
CD300LF	15199
ZPBP2	15200
KRT5	15201
NBPF6	15202
GSAP	15203
HTR3D	15204
AGBL4	15205
ARGFX	15206
CYP2R1	15207
LRRC70	15208
ANKRD46	15209
PIP5K1C	15210
CYP4F2	15211
TEX38	15212
ZBTB6	15213
C2orf76	15214
TAS2R42	15215
POLR3C	15216
DEFB131A	15217
UBL4B	15218
WWOX	15219
CYP4Z1	15220
CENATAC	15221
BCL9L	15222
POLR1D	15223
KIF18B	15224
ZNRF1	15225
FFAR4	15226
BPIFB3	15227
BPIFB4	15228
SAPCD2	15229
EDARADD	15230
SLC51B	15231
CYP4F12	15232
MTARC1	15233
LCE5A	15234
SOWAHB	15235
BLOC1S4	15236
LCE1E	15237
ZNF749	15238
KLHL32	15239
MRTFB	15240
BTLA	15241
ZNF17	15242
KDM4D	15243
GPAT2	15244
TOR3A	15245
PABPC1L2A	15246
GABRA5	15247
PPP1CC	15248
ZNF555	15249
OR10T2	15250
NAP1L3	15251
PRELID2	15252
BACE1	15253
RGS9BP	15254
TMEM212	15255
SLC36A3	15256
SLC36A2	15257
THBS2	15258
RXRA	15259
ANKRD37	15260
NUDT17	15261
MINAR2	15262
ZNF75D	15263
CYP4X1	15264
KRT26	15265
KRT10	15266
GOLGA8R	15267
CD300E	15268
CCDC30	15269
NKRF	15270
GLDN	15271
FCAR	15272
KPNA4	15273
TRDN	15274
KRT3	15275
ZNF501	15276
ZNF197	15277
SPATA12	15278
TMPRSS12	15279
FAM228A	15280
DEFB132	15281
NAP1L2	15282
RPS23	15283
GNG2	15284
BTN3A2	15285
AKAP14	15286
PCLO	15287
KLK12	15288
RGS7BP	15289
INSIG1	15290
MYT1L	15291
ZNF396	15292
TMEM222	15293
OR9Q1	15294
CLCNKA	15295
OR9Q2	15296
ARHGAP30	15297
SEPTIN10	15298
FAM86B1	15299
CYP4F8	15300
CYP4F3	15301
SMYD4	15302
FOXD2	15303
GPATCH8	15304
CEACAM19	15305
DEFB107A	15306
NF2	15307
SMIM29	15308
SPATC1	15309
UBE2H	15310
HPDL	15311
KATNA1	15312
FSD2	15313
ARAP1	15314
KIF24	15315
PDE2A	15316
CARMIL3	15317
PRG2	15318
PRR5	15319
ZFP91	15320
C17orf58	15321
BCDIN3D	15322
MAGEE2	15323
CYP27C1	15324
LYRM7	15325
CFAP73	15326
CCDC73	15327
BCR	15328
OR10H1	15329
MPPED1	15330
FSCN2	15331
FOXI2	15332
SPIN4	15333
ZNF732	15334
SPIN2B	15335
FOXE3	15336
HYAL3	15337
KCNK18	15338
VSIG10L	15339
CXCR3	15340
ZNF397	15341
ZSCAN30	15342
TPCN1	15343
LILRB4	15344
TNFRSF4	15345
KRT16	15346
HEXIM1	15347
SELENOV	15348
KRT14	15349
TRABD2A	15350
KRTAP17-1	15351
PDZD7	15352
POFUT2	15353
QRFPR	15354
MAPT	15355
ERCC6L	15356
TMEM17	15357
TNFRSF18	15358
FGF3	15359
C1QL4	15360
RTN4RL2	15361
ZDHHC17	15362
SERPINA11	15363
P2RY4	15364
ZNF395	15365
ZACN	15366
PPARA	15367
TMEM232	15368
KRTAP13-4	15369
CFAP144	15370
EFCAB6	15371
KANK3	15372
EMID1	15373
ACTL7A	15374
RHD	15375
ESPN	15376
PNLIPRP1	15377
PTRH1	15378
SAMD7	15379
GPR141	15380
TMPRSS6	15381
CYP4A11	15382
TMEM216	15383
RPS19BP1	15384
TMPRSS11A	15385
TMEM262	15386
C3orf70	15387
TEAD1	15388
OR2AK2	15389
PLCD1	15390
CCK	15391
ENTPD5	15392
MITF	15393
HEATR4	15394
NAP1L1	15395
LILRA5	15396
CMC1	15397
SLIT1	15398
LYPD6	15399
AKR1C1	15400
VSTM2B	15401
FOXD3	15402
SPATA21	15403
RNF220	15404
ANGPTL5	15405
SHTN1	15406
H1-7	15407
LCE2A	15408
ENSG00000187186.15	15409
ZNF546	15410
TSPYL4	15411
MT1X	15412
GCNT1	15413
SESTD1	15414
FNBP1	15415
DYNC2H1	15416
KRT12	15417
MAGED4B	15418
BCAM	15419
RSBN1L	15420
NPSR1	15421
WDR86	15422
EPOR	15423
FAM9C	15424
CIDEC	15425
DCC	15426
TAF9B	15427
PCDHB13	15428
MAGI2	15429
LUZP2	15430
LHFPL3	15431
CHP1	15432
FPR3	15433
H1-6	15434
C11orf96	15435
KCNJ11	15436
CDHR4	15437
COL4A1	15438
PLEKHG7	15439
GJA4	15440
PTMA	15441
H2AP	15442
HSPA14	15443
ATP13A5	15444
SIRT7	15445
PRR27	15446
IFT140	15447
POTEG	15448
AGMO	15449
SBK2	15450
CYP26C1	15451
TLR5	15452
USP7	15453
NANOS3	15454
FOXD4L3	15455
NHLRC1	15456
DPPA3	15457
COX8C	15458
PLEKHN1	15459
ZNF385C	15460
MAGEH1	15461
TET3	15462
ZNF286A	15463
ISG15	15464
EXD3	15465
MYMK	15466
C17orf97	15467
ZKSCAN4	15468
RGPD1	15469
DHRS4L2	15470
SAMD11	15471
PERM1	15472
VMAC	15473
C5orf52	15474
HAPLN4	15475
ERC2	15476
B3GLCT	15477
SPRY4	15478
ERAS	15479
TRPV2	15480
AMTN	15481
EZHIP	15482
C2orf88	15483
OR2T27	15484
TMEM203	15485
SLC18A3	15486
KBTBD12	15487
THSD4	15488
DNAJB13	15489
GABRD	15490
AMY1C	15491
TCEA1	15492
NHEJ1	15493
FANCA	15494
SECISBP2	15495
C9orf153	15496
SSX7	15497
ADH1A	15498
SEMA4D	15499
LIN28B	15500
DIPK1C	15501
DNAH17	15502
MCRS1	15503
TMEM72	15504
FANCM	15505
FAM205C	15506
ZNF70	15507
CARD9	15508
PEAR1	15509
ZFP69B	15510
TMEM202	15511
SOWAHD	15512
ZFP69	15513
HELT	15514
RTL4	15515
TMEM220	15516
C2orf78	15517
H1-2	15518
PLSCR3	15519
EIF4EBP1	15520
P2RX2	15521
ASCL4	15522
OR6C75	15523
CCDC157	15524
TTC24	15525
PABIR1	15526
PALM3	15527
GFRAL	15528
FYB2	15529
SHISA7	15530
LRRC74B	15531
DMBT1	15532
CLEC17A	15533
OR51I2	15534
LCN10	15535
LDLRAD2	15536
C2orf66	15537
OVCH1	15538
ZFTRAF1	15539
COL14A1	15540
DNER	15541
CPSF4L	15542
KLHL17	15543
PLA2G2C	15544
ZSCAN23	15545
RINL	15546
C17orf99	15547
OR7D2	15548
TPRG1	15549
MORN2	15550
RTP5	15551
S100A3	15552
UBQLN2	15553
RILPL1	15554
C19orf67	15555
ZNF490	15556
CLCN1	15557
NRN1L	15558
NWD1	15559
ARL4C	15560
RNF133	15561
TMEM221	15562
TREML4	15563
RAB42	15564
WNT7B	15565
ZFTA	15566
SCGB1C1	15567
PLA2G4E	15568
GPR89B	15569
MESP2	15570
FAM25A	15571
EYS	15572
C6orf132	15573
DAZ1	15574
OR2AG2	15575
MAPK12	15576
TMEM215	15577
NUTM2G	15578
COL4A5	15579
AGRN	15580
NHS	15581
OTOG	15582
FAM166A	15583
TMPPE	15584
ZNF626	15585
HEPACAM2	15586
SMTNL2	15587
ZC3H6	15588
LAMTOR4	15589
PRKAR1B	15590
NUTM2B	15591
NCR3LG1	15592
DCUN1D3	15593
POTEE	15594
ENSG00000188223.9	15595
ZNF793	15596
TUBB4B	15597
AGAP4	15598
COMMD6	15599
PLA2G2A	15600
IL17REL	15601
HYKK	15602
OR7A5	15603
C15orf62	15604
RUFY4	15605
ZNF383	15606
HES4	15607
IGFL1	15608
ZNF669	15609
PEAK3	15610
LRRIQ4	15611
CENPP	15612
PLSCR1	15613
C3orf62	15614
ENO4	15615
ZNF559	15616
SBK1	15617
OR6C6	15618
BSPH1	15619
SLC38A3	15620
GTF2F2	15621
CIBAR1	15622
FOCAD	15623
PRR19	15624
ZP3	15625
GPR15LG	15626
H3-5	15627
IFNA2	15628
JAKMIP3	15629
PPP3R2	15630
PDCD1	15631
CLEC2A	15632
GPR21	15633
DYNLT4	15634
SELL	15635
CHM	15636
NANOS2	15637
BLOC1S5	15638
CERKL	15639
SLC24A5	15640
IER5L	15641
H2AX	15642
INSC	15643
SERPINA5	15644
ACTMAP	15645
LCTL	15646
NCCRP1	15647
KRTDAP	15648
COL25A1	15649
FAM83G	15650
CFAP77	15651
SRSF10	15652
HBA2	15653
DUSP28	15654
CCDC9B	15655
NBR1	15656
OR2G6	15657
RALGAPA2	15658
NDOR1	15659
FBLL1	15660
NKAIN2	15661
KRTAP1-1	15662
PAQR9	15663
CLEC20A	15664
CFAP54	15665
CLN3	15666
FAM72B	15667
ASAH2	15668
SUMO2	15669
NANOS1	15670
HMX3	15671
IGFL3	15672
GOLGA8M_ENSG00000188626	15673
ZNF177	15674
RTL6	15675
DPYD	15676
S100A16	15677
PTAR1	15678
CC2D2B	15679
SAXO2	15680
RHCE	15681
C2orf80	15682
IDO2	15683
PARVB	15684
SLC4A5	15685
UROS	15686
ZDHHC9	15687
QRFP	15688
DUSP29	15689
SMIM15	15690
OSTN	15691
VWC2	15692
FAM221A	15693
TMEM120B	15694
FSIP2	15695
RBM34	15696
NOXA1	15697
TMEM198	15698
BCL2L15	15699
FZD9	15700
SPRED3	15701
OPTC	15702
PLET1	15703
ADRB3	15704
SKOR1	15705
CATSPER4	15706
PRELP	15707
ZNF548	15708
MTF1	15709
TMCO2	15710
SHISA6	15711
TMEM201	15712
NHLRC3	15713
HMX2	15714
SNTN	15715
ZDHHC11	15716
CALHM6	15717
CNR2	15718
SLX4	15719
ENTPD8	15720
RPL14	15721
BEND4	15722
FAM78B	15723
ZNF563	15724
TMC3	15725
FBF1	15726
KLRG2	15727
ASTL	15728
MSL1	15729
ENSG00000188897.10	15730
LRRK2	15731
BSX	15732
GJB3	15733
INSYN2A	15734
TRMT2B	15735
HACD4	15736
CFAP126	15737
NYX	15738
FAM120AOS	15739
UTS2B	15740
C9orf152	15741
NOC2L	15742
MSANTD1	15743
AADACL3	15744
NELFB	15745
SLC15A5	15746
LIPI	15747
LRRC66	15748
ZNF292	15749
HUS1B	15750
KCTD21	15751
SBSN	15752
ADAT2	15753
KIR2DL4	15754
MAGEB16	15755
VHLL	15756
ZNF567	15757
NDUFA4	15758
ANKDD1B	15759
ALKBH2	15760
RNFT1	15761
RNF222	15762
RELN	15763
FAM111B	15764
APOD	15765
H1-0	15766
LITAF	15767
VSTM1	15768
TMEM120A	15769
ARID2	15770
FAM25G	15771
SF3B3	15772
PRSS48	15773
IL1RAPL2	15774
BLOC1S3	15775
SP6	15776
ANKRD34B	15777
PLAC9	15778
NKAPL	15779
FSCB	15780
CLDN4	15781
ZNF573	15782
GRAPL	15783
FAM47E	15784
JPT1	15785
ZNF527	15786
ZAR1L	15787
S100A13	15788
ZNF33A	15789
OR14I1	15790
KRT77	15791
PCDH18	15792
DCAF8L2	15793
ZNF600	15794
BTBD8	15795
MAOA	15796
C15orf61	15797
NUGGC	15798
TSPYL1	15799
SPANXN3	15800
TRIM64B	15801
PNRC2	15802
DRICH1	15803
GJB5	15804
FHIT	15805
ALKAL2	15806
ZKSCAN3	15807
RRP7A	15808
LIN54	15809
FAM53B	15810
FAM180A	15811
BNIP5	15812
SPANXN4	15813
S100A14	15814
KAZN	15815
SLC35E2B	15816
TOGARAM2	15817
NEMP2	15818
KIAA0408	15819
GSPT2	15820
TBC1D28	15821
C8orf76	15822
CXCL17	15823
OTUD6A	15824
HMGB1	15825
MMP23B	15826
SH2D5	15827
ZFP92	15828
NCR1	15829
RASSF10	15830
GJB4	15831
OR2L13	15832
BLOC1S2	15833
SYCP2	15834
ZNF724	15835
IL1RAP	15836
PTPRT	15837
MYBPC1	15838
PAX5	15839
SPOCK3	15840
ZNF676	15841
ZNF699	15842
TDRD7	15843
CFAP119	15844
OR8A1	15845
MATCAP1	15846
HLA-DRB1	15847
VN1R2	15848
MYT1	15849
SERPINA3	15850
AKR1C3	15851
SPATS2L	15852
ZNF250	15853
WDSUB1	15854
ZNF79	15855
S100A4	15856
PLEKHG4	15857
KRTAP4-3	15858
FAT4	15859
KIF19	15860
ZNF681	15861
ACADSB	15862
STK40	15863
OR10J1	15864
TMEM63A	15865
CTSE	15866
SEMA4A	15867
HRCT1	15868
MPHOSPH8	15869
GREB1	15870
SIRPB2	15871
ZNF766	15872
RYR1	15873
SRGAP3	15874
FAM217B	15875
SULT1C3	15876
TUBB	15877
LCOR	15878
SUPT5H	15879
XPNPEP3	15880
OR2T2	15881
OR2C3	15882
ZNF107	15883
SFTA2	15884
PPIA	15885
ZNF471	15886
ZNF836	15887
ZNF493	15888
GTF2IRD2	15889
GRM7	15890
SUPT3H	15891
NIF3L1	15892
ATP2A1	15893
IARS1	15894
POM121	15895
ZBTB44	15896
GIMAP5	15897
STK31	15898
CGB7	15899
NLGN3	15900
OR8D1	15901
ADH7	15902
ZKSCAN7	15903
ZNF729	15904
CD55	15905
CPNE4	15906
ZNF565	15907
NTNG2	15908
ELAVL3	15909
WDR5	15910
LONP1	15911
TRRAP	15912
NUDT11	15913
SRGAP2B	15914
FUT4	15915
ASB13	15916
SLC35F1	15917
ZNF34	15918
ZNF140	15919
INCA1	15920
ZNF774	15921
PTPN1	15922
EVL	15923
THEM5	15924
NOXO1	15925
EPHB4	15926
PRTN3	15927
ZNF765	15928
ZNF124	15929
XRCC6	15930
S100A5	15931
C20orf204	15932
PPP1R26	15933
NBPF4	15934
TSC22D2	15935
CRYBA4	15936
ASMT_ENSG00000196433	15937
NPIPB15	15938
ZNF569	15939
ARMCX4	15940
YRDC	15941
ZNF777	15942
PIK3R4	15943
ZNF775	15944
ZNF605	15945
TRAPPC2	15946
RFX8	15947
MYL6B	15948
ZNF799	15949
FGF16	15950
SIAH1	15951
GK2	15952
C20orf96	15953
ESRRG	15954
IPO4	15955
NCOR2	15956
SULT1A1	15957
ARL9	15958
PRPF40A	15959
GDAP2	15960
TCEAL3	15961
ANAPC7	15962
TPK1	15963
SLC6A9	15964
AFAP1	15965
NACA	15966
MYO18A	15967
SPTSSB	15968
BORCS6	15969
MAN2A2	15970
MME	15971
FAM72A	15972
CCDC196	15973
CACNA1H	15974
SULF2	15975
HBG2	15976
LAMA2	15977
PFN3	15978
PLXNB2	15979
AJAP1	15980
XRCC2	15981
MYO6	15982
MRTFA	15983
HDAC2	15984
ZNF782	15985
SLC22A25	15986
POTEF	15987
ZNF846	15988
MMP1	15989
ADH1B	15990
UGT2B15	15991
TCF4	15992
WNK3	15993
SDHAF3	15994
HRH1	15995
RABL6	15996
ZNF136	15997
ZKSCAN5	15998
ZNF502	15999
TRAPPC4	16000
TTC30B	16001
SLC30A10	16002
TECPR2	16003
TLR7	16004
FAM180B	16005
ZFP62	16006
ERI2	16007
TOMM7	16008
HSH2D	16009
TRPV1	16010
ZNF33B	16011
ZNF512B	16012
AMZ2	16013
ZNF431	16014
ALKAL1	16015
NF1	16016
VKORC1L1	16017
ZNF418	16018
DAPK1	16019
LCE1B	16020
HLA-DQA1	16021
COL27A1	16022
GM2A	16023
H2AC13	16024
CLPSL2	16025
S100A2	16026
ZNF700	16027
POU3F4	16028
OR14A16	16029
CD47	16030
OR52K1	16031
TLE1	16032
MAML3	16033
H2AC11	16034
STRN3	16035
ZNF239	16036
SPINK14	16037
SPRR2B	16038
CHRNG	16039
ZSCAN16	16040
MVB12B	16041
ILRUN	16042
ENSG00000196826.7	16043
OR11G2	16044
POTEI	16045
ADA	16046
ARID5A	16047
PATE2	16048
PPTC7	16049
KRT39	16050
TOMM20L	16051
RGPD4	16052
NHLRC2	16053
H2AC7	16054
ZFP28	16055
CRACDL	16056
ZNG1C	16057
SCN8A	16058
LAMB3	16059
H2BC26	16060
TEX43	16061
KPNA5	16062
ANKRD36B	16063
ARHGEF12	16064
HCAR1	16065
PDLIM7	16066
FLNA	16067
TMEM26	16068
SRGAP1	16069
FAM3C	16070
NOP9	16071
ZNF705A	16072
SLC39A10	16073
CASP4	16074
AP2A1	16075
ZNF585A	16076
FUT11	16077
SMIM10L2B	16078
ANXA4	16079
LAGE3	16080
WDR5B	16081
FAM163B	16082
NPIPB9	16083
WDR45	16084
METTL9	16085
ZNF138	16086
ZNF429	16087
ZNF470	16088
SERTAD1	16089
ZNF100	16090
EOLA2	16091
ZNF398	16092
ZSCAN25	16093
ANXA6	16094
ZNF441	16095
GMFB	16096
SIGLEC15	16097
ZNF420	16098
ZNF763	16099
ZMYM1	16100
DTHD1	16101
H4C3	16102
ZSCAN26	16103
MAFG	16104
ARRDC1	16105
KIAA1671	16106
KRT35	16107
IGF2R	16108
LCE1C	16109
GAL3ST4	16110
DYNC1H1	16111
SLC6A17	16112
IFNL3	16113
PCBP2	16114
ZGPAT	16115
SLC25A29	16116
PGAP1	16117
SRC	16118
ZNF679	16119
ZNF682	16120
OR8B8	16121
ZNF772	16122
ZNF257	16123
PCNX3	16124
ADAM32	16125
ACSL5	16126
LRRC8B	16127
ABCB8	16128
H3C12	16129
SND1	16130
ZNF785	16131
SULT1A2	16132
NEK5	16133
PSMD12	16134
ADGRA1	16135
PIWIL2	16136
NOL4L	16137
CYSRT1	16138
SLC22A4	16139
ZSCAN5B	16140
ENTPD4	16141
C1D	16142
TBC1D9B	16143
OR1J2	16144
H4C11	16145
SLC2A7	16146
FAM110D	16147
SERPINA1	16148
TPSB2	16149
KANK2	16150
C6orf141	16151
GTF2E2	16152
IL27	16153
GUCA2A	16154
RAD54B	16155
ZNF165	16156
SYNGAP1	16157
FITM2	16158
BLM	16159
KRBOX5	16160
OR10D3	16161
DDI2	16162
SVIL	16163
TRIM33	16164
LRP10	16165
PELI1	16166
ZNF655	16167
MRPL21	16168
LYPD2	16169
UAP1L1	16170
ZNF98	16171
FBXL22	16172
ZNF786	16173
ZNF517	16174
ZNF675	16175
SLC22A5	16176
DACT3	16177
ADARB1	16178
ZNF860	16179
HTT	16180
OR6N1	16181
C5AR1	16182
DIO3	16183
CYP2B6	16184
H3C4	16185
DCHS2	16186
VEPH1	16187
FABP12	16188
SHPK	16189
OR51D1	16190
IPP	16191
OPALIN	16192
OR13G1	16193
MAP3K5	16194
OGDHL	16195
CYP2F1	16196
GSTK1	16197
HNRNPAB	16198
OR2L5	16199
STMN3	16200
PDGFA	16201
GYPE	16202
COL13A1	16203
SPN	16204
ZNF695	16205
PCDHB11	16206
ZNF628	16207
GALP	16208
SLC2A10	16209
ZNF665	16210
RPF2	16211
SLC28A3	16212
FAM177B	16213
MIB2	16214
OR6Y1	16215
MYO5A	16216
GZMM	16217
ATG7	16218
SIPA1L1	16219
TTC30A	16220
ELANE	16221
RAB40C	16222
PIGN	16223
COL4A6	16224
ZNF624	16225
HOXA4	16226
TOPORS	16227
BCO2	16228
KCNMB2	16229
ENTPD6	16230
DMBX1	16231
ENPP1	16232
CCDC154	16233
FAR1	16234
CPLANE1	16235
ZNF841	16236
MFAP5	16237
MYH6	16238
ZNF615	16239
EOLA1	16240
CDC42SE1	16241
MPEG1	16242
SERPINB2	16243
DPP4	16244
SERPINB13	16245
PDCD1LG2	16246
ZNF433	16247
CCER1	16248
DNAH10	16249
SLC22A24	16250
SPTAN1	16251
NMB	16252
PARVA	16253
KLHL14	16254
OR6C74	16255
FAM114A1	16256
RPE	16257
ZNF460	16258
CR1L	16259
PHF2	16260
RPS26	16261
SCGB1D4	16262
PSAP	16263
S100A10	16264
CFAP43	16265
LHFPL5	16266
RPL37A	16267
HOXC6	16268
TXNRD3	16269
CFD	16270
STPG3	16271
MAP1LC3C	16272
MCMBP	16273
EME2	16274
KLHDC1	16275
ZNF81	16276
TAF13	16277
ZNF780A	16278
ATAD3A	16279
FAM118B	16280
ZNF461	16281
CCDC180	16282
SLC9A8	16283
OCLN	16284
CFAP299	16285
H4C16	16286
CYP2A13	16287
ZNF181	16288
OR8G1	16289
INKA2	16290
ZNF44	16291
GPAA1	16292
ADAMTSL2	16293
SGTB	16294
ZNF790	16295
PRB3	16296
CYRIA	16297
MYO1C	16298
NKIRAS1	16299
UGT2B17	16300
MEIG1	16301
SLC22A12	16302
KIF13B	16303
NRAP	16304
ADH5	16305
SLC22A6	16306
H2BC12	16307
TEAD4	16308
SPG7	16309
HRNR	16310
HES5	16311
ZNF677	16312
ERO1A	16313
ZNF823	16314
ZNF311	16315
ZNF347	16316
PLCG2	16317
FCHSD1	16318
ZNF71	16319
AADACL2	16320
S100A6	16321
RPL12	16322
DNM3	16323
ZNF121	16324
MPZL1	16325
VPS13A	16326
MBP	16327
AKAP17A_ENSG00000197976	16328
ELOVL2	16329
GOLGA6L9	16330
LEKR1	16331
C1orf122	16332
ENSG00000197991.11	16333
CLEC9A	16334
KEL	16335
NOL8	16336
IRAK4	16337
ODAD3	16338
DLGAP2	16339
MRPL42	16340
ENTPD7	16341
SPANXA1	16342
ZNF335	16343
ZNF560	16344
TUBA3C	16345
RPS4X	16346
ZNF273	16347
ZNF84	16348
MAK16	16349
ZNF667	16350
AVPR1B	16351
SIRPA	16352
GRK6	16353
PRIM1	16354
MARCHF5	16355
POTEH	16356
NPIPB13	16357
AKR1B10	16358
SULT1C4	16359
CYP2A7	16360
ZBTB14	16361
CD2AP	16362
NUP62CL	16363
SFI1	16364
TMPRSS11F	16365
ZNF649	16366
ADH4	16367
OR2T6	16368
ZNF248	16369
CHSY3	16370
TOR4A	16371
LPAR1	16372
MB	16373
OR2L3	16374
DEFB107B	16375
HIBCH	16376
ZNF544	16377
TMEM229B	16378
SOWAHC	16379
ZNF770	16380
NPIPB6	16381
HMGN5	16382
MIER1	16383
MAN1A2	16384
SVIP	16385
ZNF251	16386
DDRGK1	16387
FAM47C	16388
TFDP1	16389
CLEC4C	16390
ZNF607	16391
BPIFA1	16392
ZNF334	16393
HSD17B11	16394
SZT2	16395
SULT1C2	16396
ZXDA	16397
RPS6KL1	16398
ENSG00000198211.8	16399
CACNA1E	16400
QRICH1	16401
CSF2RA_ENSG00000198223	16402
FKBP1C	16403
DDX42	16404
RPL23A	16405
SLC29A3	16406
STYX	16407
UBL5	16408
HELZ	16409
TMEM116	16410
UCKL1	16411
OR5B21	16412
CARD11	16413
ZNF485	16414
PEG3	16415
SDAD1	16416
ZKSCAN8	16417
PHETA1	16418
TMEM239	16419
HYLS1	16420
MYL4	16421
ZNF442	16422
ZNF813	16423
HOXC4	16424
DCAF12L2	16425
PIM3	16426
GET3	16427
ASPH	16428
SPRED2	16429
WWP2	16430
GFPT1	16431
UVRAG	16432
ZNF26	16433
TMEM207	16434
ITSN2	16435
NTRK1	16436
OGA	16437
MT1F	16438
TCAF1	16439
ZNF69	16440
TXNRD1	16441
NRARP	16442
ZNF583	16443
CCT8L2	16444
ZNF568	16445
ZXDB	16446
ZNF480	16447
ZNF587	16448
TPM2	16449
SH3BGRL2	16450
ZNF808	16451
ANKRD35	16452
B3GNT6	16453
YTHDF2	16454
TMA16	16455
HLA-DRB5	16456
ATL1	16457
CNGA1	16458
MAFK	16459
ARMH1	16460
ZNF43	16461
GPN1	16462
PLN	16463
C2CD4A	16464
ZNF28	16465
ITGBL1	16466
ZNF511	16467
C20orf203	16468
ZNF627	16469
KCNRG	16470
WDHD1	16471
ZNF789	16472
CTNND1	16473
DDX39B	16474
SLC34A3	16475
RD3	16476
SH2D1B	16477
ARC	16478
NUDT16	16479
TLK1	16480
LRBA	16481
ZNF536	16482
MMP17	16483
OR2M2	16484
BAZ1A	16485
AKR1C4	16486
COPS8	16487
CCDC69	16488
MDM4	16489
RYR2	16490
ZNF534	16491
KLHL9	16492
FAM3D	16493
NCOA6	16494
STK39	16495
TAT	16496
C6orf89	16497
CALM1	16498
LPA	16499
TAFA2	16500
SKIC3	16501
OR5BS1P	16502
TUSC1	16503
PAPSS2	16504
SLC9A6	16505
FAN1	16506
ABCA4	16507
EIF1AY	16508
MT-ND6	16509
IPO9	16510
GPX6	16511
CEP290	16512
MT-CO2	16513
GLMP	16514
TOGARAM1	16515
DLL1	16516
ANKRD13B	16517
ECI2	16518
UNC13B	16519
TEX45	16520
MT-CYB	16521
LDB1	16522
PPP1R14C	16523
CTR9	16524
SMOC1	16525
F5_ENSG00000198734	16526
MSRB1	16527
LRRTM3	16528
ZNF652	16529
SMURF1	16530
SLC5A3	16531
GPATCH3	16532
CDC42BPB	16533
PLXNB3	16534
OXCT2	16535
RPL10A	16536
COLGALT2	16537
EPS8L3	16538
EGFL6	16539
MT-ND2	16540
SYCP1	16541
APCDD1L	16542
RCSD1	16543
RASSF9	16544
FAM169A	16545
ZNF830	16546
GRIN3A	16547
MT-ND5	16548
MUC2	16549
CNOT7	16550
TMEM184B	16551
MTOR	16552
SCAMP5	16553
ZNF521	16554
ALPK2	16555
BRINP2	16556
MAGEB3	16557
LRIG2	16558
MT-CO1	16559
PNP	16560
PAX9	16561
LRRC10	16562
GK	16563
FOXJ3	16564
ZNF358	16565
SFT2D1	16566
CD247	16567
GRM3	16568
CHAMP1	16569
INPP5F	16570
ARHGAP11A	16571
SUCNR1	16572
HMGN2	16573
SELENOM	16574
UBE2J1	16575
GJC2	16576
OPA1	16577
DENND4B	16578
RYR3	16579
ZNF277	16580
MT-ND3	16581
KTI12	16582
STYXL2	16583
SELENOT	16584
ARHGEF15	16585
TOX	16586
CES1	16587
CD3E	16588
RUSC2	16589
C1orf68	16590
FICD	16591
OSTC	16592
R3HDM4	16593
TSEN15	16594
LTN1	16595
RUNDC1	16596
CCDC152	16597
STKLD1	16598
GRK5	16599
TYW1	16600
DCAF12	16601
SFMBT2	16602
ASB12	16603
PNMA5	16604
ITPRIPL1	16605
MT-ND4	16606
SMC5	16607
MT-ND1	16608
DCAF12L1	16609
PRMT6	16610
SHISA4	16611
CIPC	16612
CAPZA2	16613
MT-ATP6	16614
TOP1	16615
PRC1	16616
GPRASP3	16617
MAP3K3	16618
L1CAM	16619
SREBF2	16620
C1orf174	16621
POU3F3	16622
RASGEF1A	16623
SPOUT1	16624
RPL39	16625
DZIP3	16626
KIAA0753	16627
DCLRE1A	16628
ATG9A	16629
NOS1AP	16630
CSAG1	16631
APRT	16632
GPRASP1	16633
TBKBP1	16634
MAGEE1	16635
CCDC167	16636
MT-CO3	16637
ZFP2	16638
SOWAHA	16639
L3MBTL3	16640
DMD	16641
MFAP3L	16642
NAGA	16643
SMG5	16644
KIFBP	16645
TGM2	16646
ARMCX6	16647
PJA2	16648
RORB	16649
SGMS1	16650
OR10R2	16651
ZNF525	16652
INF2	16653
IQANK1	16654
ENSG00000203546.7	16655
GP1BB	16656
OR2L2	16657
EFCAB2	16658
COX20	16659
CHML	16660
STUM	16661
CAPN8	16662
TATDN3	16663
CR1	16664
RAET1G	16665
C1orf53	16666
SAMD5	16667
TEDDM1	16668
ECT2L	16669
GPR52	16670
NTMT2	16671
FCGR3A	16672
TMEM244	16673
OR6K3	16674
CENPW	16675
SPRN	16676
FAM229B	16677
FANK1	16678
LORICRIN	16679
PRR9	16680
SPRR2E	16681
KPRP	16682
EEF1AKMT2	16683
DDO	16684
PLPP4	16685
H2AC18	16686
H2BC18	16687
PNLIPRP3	16688
HSD3B1	16689
HSD3B2	16690
RBM20	16691
SMIM9	16692
C6orf163	16693
RIPPLY2	16694
GDI1	16695
PCMTD2	16696
SOX18	16697
LIME1	16698
OOEP	16699
KHDC3L	16700
DPPA5	16701
C1orf146	16702
SPANXN1	16703
CXorf66	16704
C10orf62	16705
SAMD13	16706
RTL8A	16707
CCDC160	16708
C1orf141	16709
EFCAB7	16710
GLYATL3	16711
LDLRAD1	16712
RHOXF2B	16713
ZYG11A	16714
LCN8	16715
C1orf185	16716
GLT6D1	16717
IFIT1B	16718
CT83	16719
LIPN	16720
LIPK	16721
LIPJ	16722
TRPC5OS	16723
LRIT2	16724
LRRC73	16725
FOXO6	16726
TCEAL5	16727
SYS1	16728
TCEAL6	16729
INPP5B	16730
RPA4	16731
NEU4	16732
MAFB	16733
TRAF3IP1	16734
CHIC1	16735
GIGYF2	16736
C2orf72	16737
RUFY2	16738
NHSL2	16739
PHACTR4	16740
CLPSL1	16741
ASAH2B	16742
AGAP6	16743
TIMM23B	16744
ZDHHC18	16745
TMEM273	16746
CXorf65	16747
AGAP9	16748
NPY4R	16749
GPRIN2	16750
SYT15	16751
MACO1	16752
PTPN20	16753
ZDBF2	16754
TXNDC8	16755
AWAT1	16756
DAXX	16757
BMPR2	16758
TCEA3	16759
PFDN6	16760
RING1	16761
HSD17B8	16762
RXRB	16763
OXLD1	16764
OR13C3	16765
COL11A2	16766
HLA-DOA	16767
BRD2	16768
HLA-DMA	16769
COL5A2	16770
PSMB8	16771
TAP2	16772
SPIN3	16773
NBDY	16774
TMEM235	16775
PAGE3	16776
HLA-DRA	16777
BTNL2	16778
COL15A1	16779
TSBP1	16780
TMEM225	16781
NOTCH4	16782
PBX2	16783
AGER	16784
RNF5	16785
AGPAT1	16786
PJVK	16787
PRRT1	16788
FKBPL	16789
MRPL38	16790
SMIM5	16791
ERICH2	16792
SP5	16793
STK19	16794
CD300LD	16795
BTBD17	16796
DXO	16797
SKIC2	16798
NELFE	16799
NXPE2	16800
ZBTB12	16801
SDHD	16802
EHMT2	16803
LAYN	16804
SLC44A4	16805
NEU1	16806
HSPA1B	16807
HSPA1A	16808
HSPA1L	16809
LSM2	16810
VARS1	16811
VWA7	16812
CARD16	16813
MBD5	16814
MSH5	16815
MPIG6B	16816
LY6G6C	16817
LY6G6F	16818
ABHD16A	16819
LY6G5C	16820
CSNK2B	16821
GPANK1	16822
C6orf47	16823
NALF1	16824
APOM	16825
TRIM49C	16826
BAG6	16827
PRRC2A	16828
AIF1	16829
NCR3	16830
PRAMEF20	16831
LST1	16832
NFKBIL1	16833
PRAMEF15	16834
MCCD1	16835
ZNF814	16836
MICB	16837
AADACL4	16838
ZNF551	16839
MICA	16840
ZNF805	16841
HLA-C	16842
POU5F1	16843
CCHCR1	16844
PSORS1C2	16845
CDSN	16846
PSORS1C1	16847
C6orf15	16848
MUC21	16849
DEFB121	16850
DHX16	16851
C6orf136	16852
MRPS18B	16853
PPP1R10	16854
KRTAP5-11	16855
KRTAP5-10	16856
ABCF1	16857
PRR3	16858
LILRB3	16859
DDR1	16860
LRCOL1	16861
GNL1	16862
HLA-E	16863
DPRX	16864
TRIM39	16865
ZNF468	16866
TRIM15	16867
ZNF616	16868
TRIM10	16869
TRIM40	16870
TRIM31	16871
RNF39	16872
PPP1R11	16873
DISP3	16874
RACK1	16875
HLA-G	16876
TBC1D8	16877
NMS	16878
HLA-F	16879
ZFP57	16880
ASPDH	16881
MOG	16882
OR2H2	16883
CBY3	16884
C5orf60	16885
C9orf57	16886
IL31	16887
AKT1S1	16888
FAM153CP	16889
GABBR1	16890
OR2H1	16891
OR11A1	16892
OR14J1	16893
OR2J2	16894
OR2J3	16895
SPDYC	16896
CFAP95	16897
TRIM27	16898
MALRD1	16899
RANBP17	16900
INSYN2B	16901
FOXD4L5	16902
ODAD4	16903
MRPL53	16904
MROH6	16905
ATXN2	16906
DCTN1	16907
PNMA8B	16908
TCTN1	16909
FAM216A	16910
ZBTB48	16911
IGFL2	16912
IGFL4	16913
GPR20	16914
KRT40	16915
KRT25	16916
MZT1	16917
SPINK9	16918
LRRC3C	16919
ZNF155	16920
UQCC3	16921
FBXO48	16922
GRXCR2	16923
FAM221B	16924
CD177	16925
PSG5	16926
ZNF783	16927
ZNF425	16928
LRRC10B	16929
FBXO47	16930
UQCC6	16931
PCDHGA1	16932
PCDHA9	16933
PCDHA8	16934
PCDHA7	16935
PCDHA5	16936
PCDHA4	16937
PCDHA2	16938
PCDHA1	16939
TRIM13	16940
ERICH4	16941
MS4A13	16942
PRSS1	16943
SPIRE2	16944
AARD	16945
PABPN1L	16946
PKHD1L1	16947
SLFN12L	16948
SLC35B4	16949
LGALS7	16950
SYCE1L	16951
TMEM231	16952
GARIN1A	16953
CCNI2	16954
TMEM240	16955
FRG2	16956
FAM205A	16957
CDKL4	16958
TMEM88B	16959
ACCSL	16960
C4orf47	16961
TRIQK	16962
SDHAF1	16963
ARID3C	16964
PSENEN	16965
C11orf91	16966
FABP9	16967
ZBTB10	16968
C4orf46	16969
SCGB2B2	16970
LGR4	16971
PSMB10	16972
VIT	16973
ENSG00000205236.6	16974
SPDYE2	16975
E2F4	16976
PDE7A	16977
TMEM170B	16978
MUC12	16979
CTXN3	16980
MGAT4D	16981
SNX2	16982
SAP25	16983
NT5M	16984
SARNP	16985
OR6C1	16986
ADGRG1	16987
IPO7	16988
PRR13	16989
TECPR1	16990
MT1H	16991
SLCO6A1	16992
MT1A	16993
INSYN1	16994
MT1M	16995
CFI	16996
SAMD9	16997
KRT6A	16998
CNEP1R1	16999
KRT81	17000
EXOC3L4	17001
KRTAP12-3	17002
IZUMO3	17003
TP53TG3D	17004
TP53TG3C	17005
CCDC85C	17006
C2CD4B	17007
RGL3	17008
NAP1L4	17009
TMSB4X	17010
TMEM256	17011
CPT1B	17012
SMN2	17013
SERF1B	17014
HMGN1	17015
MUC19	17016
DENND6B	17017
EIF3CL	17018
LCMT1	17019
MFSD2B	17020
VCX3B	17021
CDPF1	17022
HTN3	17023
LIN52	17024
ARSH	17025
ACOT6	17026
SMIM11	17027
TECRL	17028
DPF3	17029
MANSC4	17030
ETFRF1	17031
C17orf107	17032
ITSN1	17033
ITPRIPL2	17034
DENND1C	17035
CRLF2_ENSG00000205755	17036
CRYZL1	17037
RIMOC1	17038
GAGE1	17039
ARRDC5	17040
CYS1	17041
PLPP6	17042
KLRC2	17043
KLRC3	17044
C16orf96	17045
GMNC	17046
TTC23L	17047
CLEC6A	17048
C22orf42	17049
NANOGNB	17050
LRRC72	17051
C1QTNF9B	17052
KRTAP5-2	17053
KRTAP5-1	17054
DEFB134	17055
DEFB135	17056
DEFB136	17057
BHLHA9	17058
ZNF316	17059
DAZ4	17060
ONECUT3	17061
CEMP1	17062
OLIG2	17063
C21orf62	17064
RNPS1	17065
DAZ2	17066
NYNRIN	17067
DNAJC19	17068
IFITM5	17069
SMIM21	17070
C18orf63	17071
DEFA1	17072
DOK6	17073
JPT2	17074
LHFPL7	17075
SERPINB11	17076
SERPINB4	17077
SERPINB5	17078
ZDHHC11B	17079
CFAP99	17080
GOLGA8O	17081
TMEM191C	17082
HBA1	17083
HBM	17084
ELOA2	17085
ATP10A	17086
ANKUB1	17087
TSSK2	17088
PRR23A	17089
FOXL2NB	17090
COL6A6	17091
RAB12	17092
TMEM200C	17093
HLA-A	17094
HACD2	17095
CFAP44	17096
CD200R1L	17097
LNP1	17098
VGLL3	17099
ENSG00000206549.13	17100
TRIM71	17101
ZCWPW2	17102
ANKRD28	17103
COLQ	17104
METTL6	17105
XKR4	17106
GPX3	17107
DIO2	17108
SELENOH	17109
DIO1	17110
STK38L	17111
SACM1L	17112
TSN	17113
SLC48A1	17114
TSSK1B	17115
PRR22	17116
TAS2R19	17117
TAS2R50	17118
TAS2R14	17119
TAS2R13	17120
KRTAP16-1	17121
CTAGE1	17122
KRTAP2-3	17123
RTL8B	17124
OR2A42	17125
RNF208	17126
KRTAP3-3	17127
KRTAP3-2	17128
KRTAP3-1	17129
MT-ND4L	17130
MAP10	17131
POU5F1B	17132
ZNF580	17133
ZNF611	17134
KLK9	17135
SYT3	17136
NUP62	17137
DENND1B	17138
SFT2D2	17139
CEP43	17140
SCAF8	17141
CFAP45	17142
ACKR1	17143
ZNF254	17144
DYNLT2B	17145
CRYGS	17146
CRIP1	17147
KLHL23	17148
LINGO4	17149
FAM24B	17150
TRIM59	17151
MLLT11	17152
ASIC3	17153
GIMAP1	17154
ENSG00000213204.8	17155
CCDC183	17156
ARHGEF35	17157
OR2F1	17158
DNLZ	17159
TCL1B	17160
SUPT4H1	17161
TSGA13	17162
NRAS	17163
ZNF625-ZNF20	17164
LTC4S	17165
ANKRD39	17166
QTRT1	17167
CHUK	17168
MXD3	17169
GSTM2	17170
COG8	17171
ARHGAP19	17172
HAUS7	17173
LCAT	17174
PTPRCAP	17175
PVRIG	17176
KRTAP4-12	17177
GPC2	17178
KRT222	17179
SIPA1	17180
ERV3-1	17181
SYNJ2BP	17182
ARL2	17183
TTLL13	17184
GBP7	17185
RBMXL1	17186
SRA1	17187
STIMATE	17188
DNAJC9	17189
C8orf82	17190
CPLX3	17191
VDAC1	17192
ZBTB9	17193
TMX2	17194
HEXA	17195
NDUFS3	17196
LEPROT	17197
LBH	17198
ADAT3	17199
PPP1CB	17200
SULT1A4	17201
GPSM3	17202
LAT	17203
NCKIPSD	17204
ATF6B	17205
TREX1	17206
S1PR3	17207
SLC35F6	17208
FAM209B	17209
CLIC1	17210
DDAH2	17211
RPS29	17212
UGT2B11	17213
ATP6V1G2	17214
ZNF134	17215
GTF2H4	17216
DDX47	17217
ZNF888	17218
ZNF845	17219
KLRK1	17220
CEACAM18	17221
EMP2	17222
KCTD11	17223
UBD	17224
PPM1N	17225
CEACAM16	17226
SLC23A3	17227
LTB4R	17228
LTB4R2	17229
DNASE1	17230
MDP1	17231
LEUTX	17232
CSNK1E	17233
CCL27	17234
IRF9	17235
GALT	17236
HBE1	17237
HBG1	17238
CLDN9	17239
ITGA1	17240
NUDT19	17241
ZNF726	17242
ZNF99	17243
TAX1BP3	17244
AP1G2	17245
ZNF90	17246
NAXD	17247
TM6SF2	17248
MEF2B	17249
GANC	17250
TTLL3	17251
REPIN1	17252
MRPL23	17253
ZNF891	17254
SMIM7	17255
FBXO16	17256
TSPAN4	17257
CPNE1	17258
ARL16	17259
SMCO1	17260
WEE2	17261
MAGEB1	17262
LYRM4	17263
MYCBP	17264
TMEM213	17265
PRCD	17266
ALG3	17267
SH3D21	17268
SMIM30	17269
C19orf38	17270
IQCJ	17271
C17orf67	17272
MINDY4B	17273
FIS1	17274
ENSG00000214265.11	17275
ANG	17276
SCART1	17277
NPS	17278
POU2AF3	17279
SPDYE3	17280
MBLAC1	17281
FOXI3	17282
SOGA3	17283
NEURL1B	17284
EFCAB9	17285
HAUS3	17286
VSTM5	17287
LCNL1	17288
BBIP1	17289
TRIM77	17290
GNAT3	17291
AS3MT	17292
PLIN5	17293
SEC14L6	17294
SPINK13	17295
HIGD1C	17296
NOTO	17297
PPME1	17298
KRTAP2-2	17299
STARD10	17300
NUTM2D	17301
CPEB1	17302
EML6	17303
ZNF727	17304
B3GALT9	17305
ZSWIM8	17306
C10orf105	17307
ARHGEF33	17308
C12orf71	17309
IFRD2	17310
CAPN14	17311
ZBED1_ENSG00000214717	17312
TOMM6	17313
HNRNPUL2	17314
CSKMT	17315
MS4A18	17316
MS4A4E	17317
FER1L6	17318
CDRT15L2	17319
MTCP1	17320
RAD51AP2	17321
EVPLL	17322
DCDC2C	17323
SMTNL1	17324
PNMA6E	17325
SPATA31D1	17326
NPIPA8	17327
ZSWIM7	17328
GPR33	17329
ARHGEF28	17330
TBC1D26	17331
LRRC69	17332
CRPPA	17333
NPIPA7	17334
GSG1L2	17335
ACSM4	17336
RTL10	17337
COL28A1	17338
PHB2	17339
TCP11X2	17340
NEURL4	17341
GRID2IP	17342
CXorf49B	17343
UBXN2B	17344
CXorf49	17345
ZNG1F	17346
C16orf90	17347
PRSS41	17348
NLRP2B	17349
MUC5AC	17350
MSMP	17351
GOLGA6B	17352
FAM166B	17353
PEX26	17354
GRXCR1	17355
CFAP90	17356
UBE2QL1	17357
FASTKD5	17358
GOLGA8B	17359
KCNU1	17360
HOMEZ	17361
GAGE10	17362
RNF212B	17363
DDX3X	17364
VPS16	17365
ZNF705D	17366
ZNF705B	17367
ZNF705G	17368
MYL5	17369
SCRT2	17370
ZNF407	17371
NPEPL1	17372
KRTAP10-4	17373
RPL17-C18orf32	17374
SKOR2	17375
SIAH3	17376
EFCAB8	17377
GAB4	17378
C20orf202	17379
HMX1	17380
GCGR	17381
RSC1A1	17382
CELA2B	17383
TMEM242	17384
TMEM167B	17385
FAM72D	17386
TNFRSF25	17387
ZC3H11B	17388
TSTD1	17389
RPTN	17390
CYB5RL	17391
LACTBL1	17392
C1orf167	17393
TTC34	17394
ATAD3C	17395
IFI30	17396
IGSF23	17397
FAM240C	17398
CCDC7	17399
FNIP1	17400
SP9	17401
SYCE3	17402
CKLF	17403
PAM16	17404
TENM3	17405
CEBPZOS	17406
TDRD15	17407
PAPOLB	17408
ZNF579	17409
CELA3B	17410
RNASEK	17411
CATSPERZ	17412
TAFA5	17413
NBPF1	17414
UMAD1	17415
PPP1R3G	17416
FAM228B	17417
LINGO3	17418
ZGLP1	17419
VAMP2	17420
OR6B1	17421
EBF2	17422
C6orf226	17423
PPP3R1	17424
PSG3	17425
FANCG	17426
OR2A5	17427
AP4M1	17428
C2orf16	17429
KRTAP1-5	17430
OR2A12	17431
KRTAP12-2	17432
PLXNA4	17433
MAGEA3	17434
CEBPD	17435
ZNF816-ZNF321P	17436
PSG7	17437
OR3A2	17438
FAM200C	17439
HMSD	17440
OR1C1	17441
NPTXR	17442
FAM200A	17443
PPP2R2A	17444
C19orf73	17445
ZNF880	17446
TRIM16	17447
HEPN1	17448
OR2A25	17449
TAS2R40	17450
OR2A14	17451
TIGD1	17452
FXYD7	17453
XKR9	17454
SLC12A8	17455
APOL6	17456
FADS3	17457
OR2A1	17458
OR4E2	17459
CCNL2	17460
UBA52	17461
MYBPHL	17462
PPT2	17463
ZNF630	17464
BTBD19	17465
FAM185A	17466
RAB6C	17467
PSMB11	17468
POTEM	17469
POTEJ	17470
DCDC2B	17471
USP17L2	17472
EXOSC6	17473
VPS52	17474
CDRT15	17475
ZNF844	17476
CKMT1A	17477
TINCR	17478
HBD	17479
ZNF735	17480
RFPL4A	17481
C1GALT1C1L	17482
CERS1	17483
HLA-DPB1	17484
C1QTNF5	17485
CPTP	17486
CENPVL3	17487
PRR29	17488
C4B	17489
ADM5	17490
ATXN1L	17491
SMIM13	17492
HNRNPA1L3	17493
GPX5	17494
NPIPA3	17495
NDUFAF8	17496
APOC4-APOC2	17497
PRRT4	17498
TMEM233	17499
PNMA6F	17500
PVALEF	17501
PLEKHM1	17502
MKRN2OS	17503
TMA7B	17504
C2CD4D	17505
ZNF469	17506
MCRIP1	17507
SLC26A6	17508
DEFB131B	17509
FAM229A	17510
ERCC6	17511
FRG2B	17512
NOL7	17513
CTAGE4	17514
NTF4	17515
ELFN1	17516
PIGBOS1	17517
FTCDNL1	17518
TEX22	17519
OR52I2	17520
CROCC2	17521
USP17L7	17522
TMEM185B	17523
C8orf90	17524
KIF4B	17525
ENSG00000226690.9	17526
HSBP1L1	17527
TAS2R46	17528
SRRM5	17529
PGAM4	17530
C13orf42	17531
ERVMER34-1	17532
RBMY1J	17533
LTA	17534
C14orf132	17535
WDR46	17536
ANHX	17537
ZNF717	17538
SPANXB1	17539
KLLN	17540
PARG	17541
AKR1B15	17542
SCAMP4	17543
LTB	17544
RD3L	17545
TEX46	17546
MRLN	17547
POLR2J2	17548
BOD1L2	17549
ENSG00000228144.2	17550
OR2M3	17551
MT-ATP8	17552
ORM2	17553
FAM174C	17554
SMIM10L2B-AS1	17555
OST4	17556
C2orf92	17557
NUTM2E	17558
FNDC10	17559
ZNF883	17560
PROB1	17561
ARL17B	17562
DHFR	17563
SAPCD1	17564
RPL41	17565
PGA4	17566
ORM1	17567
SPINK8	17568
PATL2	17569
NKX1-2	17570
PRAC2	17571
PRR20C	17572
ZNF492	17573
ZNF688	17574
PET100	17575
PGA3	17576
GK3	17577
FAM90A26	17578
PRPS1L1	17579
IQCF3	17580
TEX53	17581
ANKRD66	17582
ACBD6	17583
ANKRD18B	17584
CCDC192	17585
TEX48	17586
PRB4	17587
SETSIP	17588
ANKRD63	17589
YY2	17590
STMND1	17591
HSBP1	17592
PLSCR5	17593
CFAP97D1	17594
SBK3	17595
HLA-DPA1	17596
RPS18	17597
TSPAN19	17598
AKAIN1	17599
CYP21A2	17600
PRH1	17601
PSG1	17602
TAPBP	17603
PPP1R2B	17604
SCAND3	17605
TMEM253	17606
TMA7	17607
TEX50	17608
MCTS1	17609
DYTN	17610
ASCL5	17611
TMEM114	17612
OR52I1	17613
OR5K1	17614
SMIM26	17615
PRAMEF6	17616
AJM1	17617
KANTR	17618
HLA-DQB2	17619
GOLGA8N	17620
TNF	17621
PET117	17622
LYRM9	17623
NPIPA9_ENSG00000233024	17624
PHGR1	17625
ERVH48-1	17626
RAB6D	17627
RNF224	17628
NPIPB7	17629
GPX1	17630
OR5H15	17631
BTBD18	17632
TMEM238	17633
TWIST2	17634
PIRT	17635
PRR23C	17636
ZNF892	17637
IFNA13	17638
H2BC15	17639
POTEB	17640
RPS28	17641
CTXN2	17642
UQCRHL	17643
PAGE2	17644
TRIM26	17645
TMEM229A	17646
ZNF879	17647
H2BC12L	17648
CCDC188	17649
KBTBD13	17650
ZNF736	17651
PINLYP	17652
CLDN34	17653
C5orf58	17654
FAM133B	17655
OR10G8	17656
MCIDAS	17657
JRK	17658
NPIPB2	17659
HLA-B	17660
FREY1	17661
IQCM	17662
HNRNPUL2-BSCL2	17663
APOC2	17664
SHISA8	17665
ENSG00000235007.3	17666
C19orf81	17667
ANKRD65	17668
BRD3OS	17669
ZSCAN31	17670
FAM237A	17671
C12orf75	17672
SMIM1	17673
HGH1	17674
PPP1R3E	17675
RPEL1	17676
SPAAR	17677
SMIM27	17678
NFAM1	17679
NKX1-1	17680
RNF148	17681
ANKRD34C	17682
MFRP	17683
KIAA0040	17684
B3GALT4	17685
PNMA6A	17686
PATE3	17687
OR5H14	17688
ZBTB22	17689
CLEC2L	17690
ZBED5	17691
SLFN14	17692
PPIAL4G	17693
CCDC200	17694
SLC35G4	17695
TAS2R39	17696
UBE2L5	17697
ENSG00000236543.3	17698
ZNF853	17699
ARHGEF38	17700
CTAGE9	17701
ZNF593OS	17702
C3orf84	17703
C4orf51	17704
B3GNT9	17705
CDKN2AIPNL	17706
CKMT1B	17707
RNF223	17708
PATE4	17709
ENSG00000237378.3	17710
PRSS56	17711
ZNF737	17712
RGL2	17713
MEIOSIN	17714
C10orf143	17715
SHISA9	17716
OR7E24	17717
TEX51	17718
HLA-DQA2	17719
KIFC1	17720
C2orf74	17721
IRGM	17722
AMY1A	17723
FAM200B	17724
OR2I1P	17725
LRRC37A2	17726
MPC1L	17727
ETDA	17728
TMEM250	17729
OR2W3	17730
PAGE2B	17731
TXNDC5	17732
LINC03051	17733
CASTOR1	17734
RNF103	17735
RBM14	17736
ALKBH6	17737
ASB14	17738
PCDHA13	17739
ENSG00000239395.2	17740
KLHL41	17741
STPG4	17742
MEIKIN	17743
NME1	17744
TNFSF12	17745
CDRT4	17746
APOBEC3G	17747
TLR9	17748
WBP1	17749
MRPS17	17750
DEFA3	17751
GET4	17752
C1orf226	17753
ADSL	17754
ENSG00000239920.2	17755
LILRA4	17756
LILRA2	17757
TEX35	17758
AMY2B	17759
STRIT1	17760
LY6G5B	17761
PSMB9	17762
PCDHGC3	17763
SMKR1	17764
COX19	17765
ACAD11	17766
PPIL3	17767
LCE1F	17768
KIR3DL2	17769
TNFRSF13B	17770
L1TD1	17771
AQP1	17772
C1QTNF9	17773
ISY1	17774
PNMA2	17775
LRRD1	17776
KRBOX1	17777
PCDHGC5	17778
ARHGEF25	17779
PEDS1	17780
RDH14	17781
PLCXD2	17782
MIF	17783
NSUN6	17784
HLA-DOB	17785
UGT1A9	17786
YAE1	17787
ZNF722	17788
TDGF1	17789
C3orf85	17790
KRTAP5-8	17791
CRCP	17792
FBXW10B	17793
RPL36A	17794
PDXP	17795
RPP21	17796
CD302	17797
EGFL8	17798
ATP5MF	17799
ARHGAP8	17800
ENSG00000241489.8	17801
ARPC4	17802
CORT	17803
UGT1A1	17804
INMT	17805
ARPC1A	17806
TMEFF1	17807
SPRR2A	17808
ATP5PO	17809
PLEKHO2	17810
C8orf58	17811
PISD	17812
HOGA1	17813
PWP2	17814
ENSG00000241962.9	17815
PI4KA	17816
KIR3DL3	17817
HYPK	17818
AMACR	17819
MTFP1	17820
MDFIC2	17821
ARHGDIG	17822
TCP10L	17823
PSG2	17824
ARFGAP3	17825
BGLAP	17826
C22orf39	17827
PEG10	17828
UGT1A8	17829
EIF6	17830
PCDHGC4	17831
GTF2A1L	17832
MRPL20	17833
ARPIN	17834
UGT1A10	17835
SERPINB10	17836
HLA-DMB	17837
DECR2	17838
GNG10	17839
CNTF	17840
CCDC169	17841
RTL5	17842
AP5Z1	17843
ZNF709	17844
STRC	17845
ERVW-1	17846
EIF4EBP3	17847
PSG11	17848
PSG4	17849
MRPL33	17850
MICAL3	17851
PPAN-P2RY11	17852
PCDHAC2	17853
STON1	17854
PRAF2	17855
VSIG8	17856
STMP1	17857
KCTD7	17858
EFNA4	17859
TICAM2	17860
C4orf48	17861
NAA80	17862
AMY2A	17863
KRTAP10-11	17864
ENSG00000243501.5	17865
TNFRSF6B	17866
WFDC6	17867
UPK3B	17868
SMIM34	17869
IL10RB	17870
CFB	17871
ZNF487	17872
DNAAF10	17873
NME2	17874
ENSG00000243696.5	17875
PLA2G4B	17876
LEFTY1	17877
CFAP57	17878
NPIPB5	17879
TTC4	17880
OR5V1	17881
TMEM35B	17882
KIR2DL3	17883
JMJD7	17884
APOBEC3D	17885
OR2A7	17886
TUBA4B	17887
MRPS6	17888
ZNF512	17889
GSTA1	17890
RTL9	17891
ACY1	17892
NFS1	17893
MT1HL1	17894
DDOST	17895
TMEM199	17896
GSTA2	17897
SPRR2F	17898
DNAJC25-GNG10	17899
UGT1A7	17900
P2RY11	17901
TMEM141	17902
TMEM225B	17903
IFITM10	17904
ENSG00000244255.5	17905
DBNDD2	17906
LY6G6D	17907
ETV5	17908
KRTAP5-7	17909
CFHR1	17910
RBM12	17911
UGT1A4	17912
ERVFRD-1	17913
LILRA6	17914
SCARF2	17915
APOBEC3C	17916
RAD21L1	17917
CCDC13	17918
ASPRV1	17919
OR2AE1	17920
UBE2V1	17921
CTAGE8	17922
PTCHD4	17923
C4A	17924
HBB	17925
CRYBB2	17926
N4BP2L2	17927
ZNF585B	17928
CEBPA	17929
H2AJ	17930
UBAP1L	17931
PGAM5	17932
ZCCHC3	17933
MISFA	17934
TWF2	17935
MARS2	17936
USP51	17937
BCKDHA	17938
INSL3	17939
MARCOL	17940
ADH1C	17941
TRIM39-RPP21	17942
APELA	17943
CDK11B	17944
PCDHAC1	17945
TARM1	17946
PRR5-ARHGAP8	17947
POU5F2	17948
PCP4L1	17949
ABHD14A	17950
STIMATE-MUSTN1	17951
RBM14-RBM4	17952
LY75-CD302	17953
ENSG00000248710.1	17954
CCDC153	17955
C4orf54	17956
ACTN3	17957
ENSG00000248751.6	17958
FOXL3	17959
SMIM31	17960
TNFSF12-TNFSF13	17961
FMN1	17962
ATP5MF-PTCD1	17963
ENSG00000248993.1	17964
HAUS5	17965
EPPIN-WFDC6	17966
ENSG00000249141.1	17967
PCDHA11	17968
ENSG00000249209.2	17969
ATP5MGL	17970
ENSG00000249240.2	17971
TMEM150C	17972
ENSG00000249319.2	17973
NAIP	17974
ZNF324B	17975
SPATS1	17976
CLRN2	17977
ENSG00000249590.7	17978
IFNAR2-IL10RB	17979
LINC02218	17980
THEGL	17981
ZNF564	17982
FER1L5	17983
ECSCR	17984
ENSG00000249773.3	17985
HS3ST5	17986
LGALS16	17987
RNF103-CHMP3	17988
PDCD6	17989
GOLGA8K	17990
TERB1	17991
ENSG00000249967.1	17992
TMEM158	17993
ARPIN-AP3S2	17994
YJEFN3	17995
PCDHA10	17996
ARPC4-TTLL3	17997
PTTG2	17998
ENSG00000250264.1	17999
GIMD1	18000
TRMT9B	18001
ZNF718	18002
SMIM20	18003
ENSG00000250349.3	18004
GYPB	18005
TUNAR	18006
TRIM75	18007
KIAA1210	18008
ENSG00000250424.4	18009
CHCHD10	18010
CDK3	18011
GPR162	18012
ATP6V1E2	18013
GLI4	18014
LY6G6F-LY6G6D	18015
ENSG00000250644.3	18016
REELD1	18017
CCDC169-SOHLH2	18018
P3R3URF	18019
SELENOP	18020
NT5C1B-RDH14	18021
PRODH2	18022
ENSG00000250803.7	18023
EXOC1L	18024
ENSG00000251012.2	18025
ENSG00000251184.1	18026
ZNF674	18027
TMED7-TICAM2	18028
ZNF345	18029
RFPL4B	18030
ALG1L2	18031
SHANK3	18032
MSANTD3-TMEFF1	18033
ENSG00000251357.4	18034
ZNF550	18035
FOXD1	18036
CENPS-CORT	18037
ENSG00000251537.4	18038
ENSG00000251569.1	18039
PRB1	18040
PCDHA12	18041
OC90	18042
RGS21	18043
PCDHGA12	18044
C8orf88	18045
SHLD3	18046
CCDC71L	18047
HOXA10	18048
TMEM200B	18049
PCDHGB6	18050
SERPINE3	18051
C1orf210	18052
TUG1	18053
TRNP1	18054
SMIM18	18055
PCDHGA5	18056
NACA2	18057
PCDHGA7	18058
PYDC2	18059
SLC10A5	18060
EIF5AL1	18061
PRSS51	18062
ALG11	18063
ATXN7L3B	18064
PRKDC	18065
PCDHGA6	18066
PCDHGA8	18067
UTP14C	18068
ETV3L	18069
PCDHGA10	18070
PCDHGA11	18071
PCDHGB2	18072
PCDHGB4	18073
CLDN23	18074
ZNF260	18075
LYN	18076
PINX1_ENSG00000254093	18077
PCDHGB7	18078
CD8B2	18079
NPIPB11	18080
PCDHGB1	18081
PCDHGA3	18082
LRRC24	18083
CHKB-CPT1B	18084
SIGLEC14	18085
PBOV1	18086
HSPB2-C11orf52	18087
OR4D10	18088
XNDC1N	18089
AP5B1	18090
CHMP4A	18091
SIGLEC12	18092
PABPC4L	18093
ENSG00000254536.2	18094
ENSG00000254553.1	18095
MAGEL2	18096
CSNK2A3	18097
ARMS2	18098
INS	18099
RTL1	18100
ENSG00000254673.1	18101
FPGT	18102
ENSG00000254692.1	18103
ENSG00000254706.3	18104
IGLL5	18105
MEX3A	18106
ENSG00000254732.2	18107
OR10G4	18108
EEF1G	18109
CKLF-CMTM1	18110
SYS1-DBNDD2	18111
NPIPA2	18112
MPV17L2	18113
ATP6V1G2-DDX39B	18114
BORCS8	18115
INMT-MINDY4	18116
ENSG00000254979.5	18117
DPP3	18118
STX16-NPEPL1	18119
ANKHD1-EIF4EBP3	18120
KRTAP5-9	18121
BRK1	18122
ENSG00000255054.3	18123
SAA2-SAA4	18124
PIGY	18125
ZFP91-CNTF	18126
ZNF286A-TBC1D26	18127
CHMP1B	18128
EID3	18129
GLYATL1B	18130
MSH5-SAPCD1	18131
HTD2	18132
CCDC166	18133
NANOGP8	18134
FXYD6-FXYD2	18135
SMIM35	18136
ENSG00000255292.9	18137
OR8G5	18138
EID1	18139
ENSG00000255330.9	18140
ENSG00000255339.6	18141
NOX5_ENSG00000255346	18142
CCDC179	18143
TAS2R43	18144
OOSP4B	18145
HCAR3	18146
PCDHA3	18147
EBLN2	18148
ENSG00000255432.1	18149
ENSG00000255439.6	18150
CARD18	18151
ENSG00000255508.7	18152
NPIPB8	18153
NEDD8-MDP1	18154
POLR2M	18155
FDXACB1	18156
RAB44	18157
ENSG00000255639.3	18158
ENSG00000255641.1	18159
ENSG00000255663.1	18160
TRIL	18161
OR4D2	18162
ENSG00000255730.5	18163
OR6J1	18164
KLRC4-KLRK1	18165
TIFAB	18166
ENSG00000255835.1	18167
TAS2R20	18168
ENSG00000255872.3	18169
CYP2A6	18170
ENSG00000256029.6	18171
CTSO	18172
COA8	18173
TRAPPC2B	18174
DNAAF4	18175
ZNF432	18176
SMLR1	18177
TAS2R30	18178
ENSG00000256206.2	18179
ZNF10	18180
ZNF486	18181
SMIM3	18182
HMBS	18183
ZNF225	18184
ENSG00000256349.1	18185
ASIC5	18186
ENSG00000256407.2	18187
TAS2R31	18188
DND1	18189
SALL3	18190
ENSG00000256500.6	18191
ENSG00000256514.1	18192
POLG2	18193
SMIM10L1	18194
ENSG00000256566.1	18195
OR13A1	18196
ENSG00000256591.5	18197
ENSG00000256646.8	18198
CLEC12B	18199
LIMS4	18200
ZNF350	18201
PGA5	18202
STH	18203
ZNF253	18204
KLRF2	18205
C17orf100	18206
CAPNS2	18207
ENSG00000256825.4	18208
ENSG00000256861.1	18209
SLC5A8	18210
ENSG00000256950.2	18211
ENSG00000256966.6	18212
LIMS3	18213
KHDC1L	18214
GPR142	18215
HP	18216
SLCO1B3-SLCO1B7	18217
C11orf97	18218
ENSG00000257062.6	18219
ENSG00000257065.1	18220
DENND11	18221
LSM14A	18222
NHLRC4	18223
ENSG00000257207.5	18224
GATC	18225
ZBED6	18226
MGAM	18227
ENSG00000257341.5	18228
ENSG00000257355.1	18229
FNTB	18230
ENSG00000257390.5	18231
ENSG00000257411.2	18232
ZNF878	18233
ENSG00000257524.6	18234
RPL36A-HNRNPH2	18235
ZNF625	18236
GALNT4	18237
INAFM1	18238
CNPY2	18239
MGAM2	18240
ENSG00000257767.3	18241
ENSG00000257921.6	18242
CUX1	18243
TEN1	18244
P2RX5-TAX1BP3	18245
TEX49	18246
ENSG00000258052.1	18247
ENSG00000258064.1	18248
OR9A4	18249
MAP1LC3B2	18250
CLEC5A	18251
CHURC1	18252
ENSG00000258311.5	18253
C17orf49	18254
RTEL1	18255
PPT2-EGFL8	18256
ZNF578	18257
PDF	18258
ENSG00000258461.5	18259
ENSG00000258465.8	18260
ENSG00000258466.5	18261
ENSG00000258472.10	18262
SPESP1	18263
ENSG00000258529.5	18264
ENSG00000258539.1	18265
SPECC1L-ADORA2A	18266
TRIM6-TRIM34	18267
BCL2L2-PABPN1	18268
SYNJ2BP-COX16	18269
ENSG00000258653.3	18270
TRIM34	18271
ENSG00000258674.5	18272
ENSG00000258677.2	18273
ENSG00000258691.1	18274
C20orf141	18275
PINX1_ENSG00000258724	18276
ENSG00000258728.2	18277
ENSG00000258790.1	18278
RNASE4	18279
ENSG00000258830.1	18280
MC1R	18281
ENSG00000258864.1	18282
DUXA	18283
ENSG00000258881.6	18284
CEP95	18285
TUBB3	18286
UBE2F-SCLY	18287
TMEM179	18288
ENSG00000258989.1	18289
TVP23C-CDRT4	18290
FPGT-TNNI3K	18291
BLOC1S5-TXNDC5	18292
ENSG00000259066.5	18293
POC1B-GALNT4	18294
NDUFC2-KCTD14	18295
SMIM6	18296
ENSG00000259132.1	18297
ENSG00000259164.1	18298
ENSG00000259171.1	18299
ITGB3	18300
SLC35G6	18301
BUB1B-PAK6	18302
ZHX1-C8orf76	18303
ENSG00000259316.12	18304
INAFM2	18305
ST20-MTHFS	18306
ENSG00000259371.2	18307
GH1	18308
TGIF2-RAB5IF	18309
CTXND1	18310
THTPA	18311
MRPL46	18312
ENSG00000259522.3	18313
ENSG00000259529.2	18314
BLID	18315
ENSG00000259753.1	18316
ENSG00000259784.1	18317
SLC22A31	18318
LYPD8	18319
ENSG00000259900.5	18320
AQP7B	18321
RBM15B	18322
TGFBR3L	18323
ENSG00000260007.3	18324
HOXB7	18325
ENSG00000260092.1	18326
SPDYE6	18327
ENSG00000260170.1	18328
CCDC187	18329
FRRS1L	18330
ENSG00000260234.5	18331
PMF1-BGLAP	18332
ENSG00000260272.1	18333
ARMH2	18334
TBC1D3G	18335
MRC1	18336
HSPB9	18337
ENSG00000260342.2	18338
ENSG00000260371.1	18339
SCX	18340
C16orf95	18341
KCNJ18	18342
ENSG00000260537.2	18343
ENSG00000260643.2	18344
ANKRD20A1	18345
ENSG00000260729.1	18346
TLE7	18347
SERTM2	18348
ENSG00000260836.2	18349
ENSG00000260851.7	18350
ENSG00000260861.6	18351
XKR7	18352
ENSG00000260914.3	18353
CCPG1	18354
SULT1A3	18355
TMEM178B	18356
ENSG00000261130.5	18357
ENSG00000261147.1	18358
EPPK1	18359
CLEC19A	18360
ZNF865	18361
BOP1	18362
GOLGA8T	18363
MUC22	18364
FIGNL2	18365
SMIM47	18366
PECAM1	18367
TEN1-CDK3	18368
TUBB8	18369
ENSG00000261459.1	18370
ENSG00000261582.1	18371
TMEM249	18372
TPBGL	18373
GAN	18374
ENSG00000261611.6	18375
GOLGA6L7	18376
PIERCE2	18377
LY6L	18378
SCRT1	18379
HPR	18380
ENSG00000261717.5	18381
ENSG00000261732.1	18382
GOLGA8S	18383
BOLA2-SMG1P6	18384
TCF24	18385
GOLGA8H	18386
ISY1-RAB43	18387
ENSG00000261832.6	18388
MIA	18389
SMIM36	18390
ENSG00000261884.2	18391
ENSG00000261915.6	18392
PCDHGA9	18393
GFY	18394
C17orf114	18395
MYMX	18396
PCDHGB3	18397
CORO7	18398
ENSG00000262302.1	18399
ENSG00000262304.2	18400
MMP12	18401
TMEM256-PLSCR3	18402
CCER2	18403
ENSG00000262526.2	18404
SMIM28	18405
ENSG00000262560.1	18406
PCDHGA4	18407
ENSG00000262633.2	18408
SPON1	18409
ENSG00000262660.1	18410
OVCA2	18411
ENSG00000262730.1	18412
MRPL12	18413
C19orf84	18414
CCNQ	18415
GTF2I	18416
ZNF234	18417
ENSG00000263020.6	18418
MYZAP	18419
DPEP2NB	18420
PPIAL4A	18421
TMEM238L	18422
PPIAL4C	18423
SRSF8	18424
FAM72C	18425
IKBKE	18426
ENSG00000263620.1	18427
MSMB	18428
LINC02210-CRHR1	18429
GDF2	18430
ENSG00000263809.1	18431
LASP1NB	18432
NBPF11	18433
RHEX	18434
ENSG00000264058.2	18435
ENSG00000264187.1	18436
ANXA8L1	18437
ENSG00000264324.1	18438
NOTCH2NLA	18439
DYNLL2	18440
MYH4	18441
OTUD7B	18442
ENSG00000264668.2	18443
ENSG00000264813.6	18444
GJA5	18445
ENSG00000265118.5	18446
ANXA8	18447
RBP3	18448
RBM8A	18449
ENSG00000265303.1	18450
TIMM23	18451
RNF115	18452
CFAP298-TCP10L	18453
RPL17	18454
ENSG00000265690.7	18455
ZNF488	18456
SEC22B	18457
FSBP	18458
EEF1E1-BLOC1S5	18459
TXNIP	18460
SRGAP2	18461
BAHCC1	18462
ENSG00000266076.1	18463
ENSG00000266086.3	18464
RASSF5	18465
STRADA	18466
ENSG00000266202.1	18467
KLF14	18468
ENSG00000266302.6	18469
NBPF15	18470
NCOA4	18471
MRPS21	18472
GDF10	18473
MYO15B	18474
ENSG00000266728.5	18475
IGBP1C	18476
ENSG00000266953.6	18477
FXYD1	18478
AARSD1	18479
ENSG00000266997.2	18480
ENSG00000267001.1	18481
ENSG00000267022.1	18482
ZNF850	18483
ENSG00000267059.2	18484
PTGES3L	18485
ENSG00000267120.3	18486
ENSG00000267127.7	18487
ENSG00000267140.1	18488
ENSG00000267168.1	18489
ENSG00000267173.1	18490
ENSG00000267179.1	18491
LCN6	18492
C17orf113	18493
ENSG00000267228.7	18494
ENSG00000267261.5	18495
ATF7-NPFF	18496
ENSG00000267303.1	18497
ENSG00000267314.1	18498
ENSG00000267318.1	18499
ENSG00000267335.2	18500
ENSG00000267360.6	18501
UPK3BL1	18502
ENSG00000267385.1	18503
ENSG00000267426.5	18504
APOC4	18505
ENSG00000267477.1	18506
ZNF285	18507
S1PR2	18508
ENSG00000267552.6	18509
ENSG00000267561.2	18510
ENSG00000267618.5	18511
ENSG00000267645.5	18512
FDX2	18513
ZNF224	18514
ENSG00000267699.2	18515
ENSG00000267706.3	18516
EDDM13	18517
ENSG00000267740.5	18518
ENSG00000267748.4	18519
SMIM22	18520
LIN37	18521
NDUFA7	18522
ENSG00000267881.2	18523
CCDC177	18524
ENSG00000267952.1	18525
ERFL	18526
NBPF12	18527
ENSG00000268083.5	18528
GABRQ	18529
SLC6A14	18530
ENSG00000268107.6	18531
ENSG00000268133.1	18532
ENSG00000268163.1	18533
ENSG00000268173.3	18534
SMIM17	18535
ENSG00000268193.5	18536
OPN1MW	18537
ARL14EPL	18538
TCP11X1	18539
ENSG00000268279.4	18540
SCGB1C2	18541
FAM156A	18542
ENSG00000268361.1	18543
ENSG00000268400.6	18544
ENSG00000268434.5	18545
SSX2B	18546
ENSG00000268465.1	18547
NFILZ	18548
SIGLEC5_ENSG00000268500	18549
ENSG00000268533.1	18550
ENSG00000268614.1	18551
ENSG00000268643.2	18552
ENSG00000268655.3	18553
ENSG00000268674.2	18554
ZNF723	18555
HSFX2	18556
ENSG00000268750.7	18557
ENSG00000268790.5	18558
ENSG00000268797.1	18559
ENSG00000268870.1	18560
CT45A1	18561
ERVV-2	18562
MIA-RAB4B	18563
ENSG00000269026.2	18564
ENSG00000269035.1	18565
CALR3	18566
ZNF728	18567
ENSG00000269095.1	18568
TRABD2B	18569
ENSG00000269179.1	18570
FBXO17	18571
TMSB15C	18572
ENSG00000269237.1	18573
ENSG00000269242.1	18574
ENSG00000269307.1	18575
MAGIX	18576
IKBKG	18577
ZNF587B	18578
ENSG00000269403.1	18579
SPIB	18580
NXF2	18581
OPN1MW3	18582
NXF2B	18583
ENSG00000269469.1	18584
ENSG00000269476.1	18585
DMRTC1	18586
ERVV-1	18587
ENSG00000269533.5	18588
ENSG00000269547.1	18589
TMEM185A	18590
ENSG00000269590.1	18591
ENSG00000269693.1	18592
ZIM2	18593
ENSG00000269711.1	18594
NBPF9	18595
CCDC194	18596
ENSG00000269741.5	18597
SLC25A53	18598
ENSG00000269755.1	18599
SSX4B	18600
RNF225	18601
EGLN2	18602
ARHGAP19-SLIT1	18603
COMMD3-BMI1	18604
FMC1-LUC7L2	18605
MEI4	18606
ZNF559-ZNF177	18607
ENSG00000270099.1	18608
TSNAX-DISC1	18609
MICOS10-NBL1	18610
ENSG00000270149.5	18611
NCBP2AS2	18612
BIVM-ERCC5	18613
ENSG00000270249.2	18614
H4C15	18615
ENSG00000270299.1	18616
BORCS7-ASMT	18617
PPIAL4H	18618
HEATR9	18619
URGCP-MRPS24	18620
NBPF14	18621
TAF15	18622
HSPE1-MOB4	18623
GAS2L2	18624
RPS10-NUDT3	18625
C17orf50	18626
H4C14	18627
RASL10B	18628
CTAGE15	18629
TLCD4-RWDD3	18630
ENSG00000271254.7	18631
UGT2A2	18632
SRXN1	18633
CTAGE6	18634
NBPF19	18635
NBPF10	18636
MMP28	18637
CCL5	18638
LIX1L	18639
MILR1	18640
ENSG00000271698.1	18641
MROH7-TTC4	18642
ENSG00000271741.1	18643
ENSG00000271793.2	18644
ENSG00000271810.5	18645
SMIM32	18646
ENSG00000271949.1	18647
ANKRD34A	18648
GTF2H5	18649
ENSG00000272104.1	18650
ENSG00000272162.1	18651
H2AC19	18652
ENSG00000272297.2	18653
ENSG00000272305.5	18654
NUDT3	18655
KMT2B	18656
POM121C	18657
CD24	18658
ENSG00000272410.5	18659
FAM47E-STBD1	18660
ENSG00000272442.2	18661
CFAP206	18662
MUSTN1	18663
ZNF595	18664
ENSG00000272617.3	18665
DOC2B	18666
ENSG00000272647.3	18667
PCDHB16	18668
ENSG00000272741.1	18669
ENSG00000272772.2	18670
ENSG00000272822.2	18671
ENSG00000272856.1	18672
DCP1A	18673
ENSG00000272896.1	18674
ENSG00000272897.5	18675
ATP6V1FNB	18676
ENSG00000272916.5	18677
ENSG00000272921.1	18678
RBAK-RBAKDN	18679
ARL2-SNX15	18680
ENSG00000273025.1	18681
C2orf15	18682
ENSG00000273047.1	18683
GRIN2B	18684
ENSG00000273088.2	18685
LYPD4	18686
NBPF26	18687
ENSG00000273154.3	18688
ENSG00000273155.1	18689
ENSG00000273167.1	18690
ENSG00000273171.1	18691
SNURF	18692
ENSG00000273217.1	18693
TMEM271	18694
ENSG00000273259.3	18695
ENSG00000273269.3	18696
ZBTB8B	18697
ENSG00000273291.5	18698
C1QTNF3-AMACR	18699
RBAKDN	18700
TM4SF19-DYNLT2B	18701
ENSG00000273398.6	18702
TBC1D3K	18703
FOXD4L6	18704
AGBL1	18705
H4C12	18706
ENSG00000273554.4	18707
CWC25	18708
EPOP	18709
ZNHIT3	18710
H2BC14	18711
LHX1	18712
ENSG00000273734.1	18713
ENSG00000273748.1	18714
CYFIP1	18715
CEACAM20	18716
H2BC8	18717
USP27X	18718
TAF9	18719
NOL12	18720
GOLGA6L1	18721
H3C8	18722
INO80B-WBP1	18723
CASTOR2	18724
OR4M2	18725
NATD1	18726
H2AB1	18727
ANTXRL	18728
SOCS7	18729
GGTLC3	18730
ADRA2B	18731
H2BC6	18732
ENSG00000274322.1	18733
ZNF658	18734
TMEM269	18735
TPTE	18736
TBC1D3D	18737
C8orf89	18738
TBC1D3L	18739
RCC1L	18740
DGKK	18741
TBC1D3	18742
H4C6	18743
H2BC17	18744
CCL23	18745
H3C6	18746
TBC1D3B	18747
NPHP3-ACAD11	18748
MAFIP	18749
TBC1D3I	18750
ENSG00000274944.4	18751
H2AC12	18752
ZNF280B	18753
MLLT6	18754
PPP4R3B	18755
ENSG00000275063.1	18756
SYNRG	18757
NUDT18	18758
ZNF2	18759
H4C13	18760
CCL16	18761
ENSG00000275163.1	18762
LENG9	18763
H2AC15	18764
CCL4	18765
PRAG1	18766
H3C11	18767
CCL18	18768
FCGBP	18769
HNF1B	18770
C17orf98	18771
GRIFIN	18772
XKR5	18773
ENSG00000275674.1	18774
CCL15-CCL14	18775
AATF	18776
H2BC9	18777
H3C1	18778
CCL15	18779
LYZL6	18780
ENSG00000275740.1	18781
ENSG00000275778.3	18782
RIMBP3	18783
ARHGAP23	18784
TUBGCP5	18785
PRSS2	18786
TBC1D3F	18787
ENSG00000276017.1	18788
DUSP14	18789
UHRF1	18790
ORAI1	18791
CCL4L2	18792
CCL3L3	18793
ENSG00000276087.2	18794
OR13C2	18795
H4C9	18796
PIK3R6	18797
TADA2A	18798
OR4E1	18799
ENSG00000276256.1	18800
PIP4K2B	18801
ENSG00000276302.1	18802
ENSG00000276345.1	18803
H2AC14	18804
CCL14	18805
H2BC3	18806
ENSG00000276418.5	18807
FAM25C	18808
ENSG00000276490.1	18809
PCDHGB5	18810
RAB7B	18811
DACH1	18812
PADI6	18813
H2AC16	18814
GSTT4	18815
H4C5	18816
H2AC8	18817
TYW1B	18818
F8A3	18819
H4C4	18820
PIGW	18821
ENSG00000277196.4	18822
CCDC92B	18823
H2BC7	18824
PCGF2	18825
GOLGA6L6	18826
SRCIN1	18827
GPR179	18828
ENSG00000277400.1	18829
MARCKS	18830
ZNF670	18831
PKD1L3	18832
GPIHBP1	18833
PNMA8C	18834
OR13C5	18835
NEFL	18836
ENSG00000277611.1	18837
CCL3	18838
CHD9NB	18839
SYT15B	18840
H3C7	18841
PSMB3	18842
ENSG00000277836.1	18843
ENSG00000277856.1	18844
GOLGA6L22	18845
SRD5A2	18846
OR52E5	18847
SENP3-EIF4A1	18848
ENSG00000277971.1	18849
CISD3	18850
RDM1	18851
DDX52	18852
TEX28	18853
ZNF8	18854
P3R3URF-PIK3R3	18855
SSTR3	18856
PRICKLE4	18857
MYO19	18858
TBC1D3C	18859
GGNBP2	18860
ZNF229	18861
ENSG00000278384.1	18862
H2AC4	18863
C17orf78	18864
POTEB3	18865
DHRS11	18866
ACACA	18867
TMEM191B	18868
NR2E3	18869
H2BC10	18870
TBC1D3E	18871
C11orf98	18872
MRM1	18873
ENSG00000278633.1	18874
H4C1	18875
GOLGA6L10	18876
H2AC17	18877
IQCA1L	18878
ENSG00000278704.1	18879
H4C2	18880
ENSG00000278817.1	18881
H3C10	18882
MRPL45	18883
OR10A6	18884
OR51B2	18885
ENSG00000279073.3	18886
OR2L8	18887
OR2T11	18888
OR2AG1	18889
ENSG00000279686.1	18890
ENSG00000279956.1	18891
ENSG00000279983.1	18892
ENSG00000280148.1	18893
PCDH20	18894
OR12D2	18895
ENSG00000280537.2	18896
ENSG00000280571.2	18897
CCDC163	18898
LINC02203_ENSG00000280709	18899
ENSG00000280778.1	18900
PAGR1	18901
ENSG00000280893.1	18902
RPS4Y2	18903
MATR3_ENSG00000280987	18904
ENSG00000281039.1	18905
TMEM272	18906
ENSG00000281348.1	18907
BLACAT1	18908
ENSG00000281593.1	18909
ENSG00000281613.2	18910
ENSG00000281883.1	18911
GIMAP1-GIMAP5	18912
ENSG00000281938.2	18913
TMEM265	18914
ENSG00000282034.2	18915
ENSG00000282218.1	18916
ENSG00000282278.1	18917
CYP3A7-CYP3A51P	18918
ADORA3	18919
DUXB	18920
ENSG00000282804.1	18921
TEX13C	18922
C1orf232	18923
TMEM275	18924
ENSG00000282936.2	18925
ENSG00000282988.2	18926
LBHD2	18927
ENSG00000283149.1	18928
IQCJ-SCHIP1	18929
ENSG00000283189.2	18930
C13orf46	18931
ENSG00000283201.1	18932
ENSG00000283205.1	18933
ENSG00000283208.2	18934
SPRR5	18935
ENSG00000283228.1	18936
KBTBD11-OT1_ENSG00000283239	18937
FAM237B	18938
TEX54	18939
SMIM33	18940
TEX52	18941
ENSG00000283321.1	18942
CTXND2	18943
FAM240B	18944
CFAP97D2	18945
CNTNAP3C	18946
CCDC195	18947
CSNKA2IP	18948
HSFX4	18949
FAM240A	18950
ZNF511-PRAP1	18951
ENSG00000283515.1	18952
LITAFD	18953
PRRT1B	18954
TCAF2C	18955
ENSG00000283536.3	18956
ENSG00000283563.1	18957
C19orf85	18958
ENSG00000283580.4	18959
ENSG00000283599.3	18960
EXOC3L2	18961
CIROP	18962
ENSG00000283663.1	18963
MYOCOS	18964
VSIG10L2	18965
PRSS50	18966
CPHXL	18967
ENSG00000283761.1	18968
ENSG00000283765.1	18969
ENSG00000283782.2	18970
PRR33	18971
ENSG00000283809.1	18972
ENSG00000283877.1	18973
TPTEP2-CSNK1E	18974
PLD5P1	18975
ENSG00000283952.1	18976
ENSG00000283977.1	18977
GNG14	18978
SLURP2	18979
MSANTD7	18980
ENSG00000284057.1	18981
ENSG00000284188.3	18982
SCO2	18983
ENSG00000284292.1	18984
C2orf81	18985
ENSG00000284337.1	18986
ENSG00000284341.1	18987
ENSG00000284393.1	18988
ENSG00000284431.1	18989
ENSG00000284461.2	18990
CPHXL2	18991
THSD8	18992
LYNX1-SLURP2	18993
ENSG00000284512.1	18994
ENSG00000284526.2	18995
ENSG00000284554.2	18996
OR8B3	18997
ENSG00000284626.1	18998
SCYGR4	18999
SMIM44	19000
ENSG00000284686.1	19001
ENSG00000284691.1	19002
ENSG00000284695.1	19003
TMEM247	19004
SMIM38	19005
OR8S1	19006
TMDD1	19007
EEF1AKMT4	19008
ENSG00000284762.1	19009
TBCE	19010
ENSG00000284772.1	19011
ENSG00000284773.1	19012
ENSG00000284776.1	19013
SMIM41	19014
ENSG00000284797.2	19015
ENSG00000284800.2	19016
CCDC39	19017
OOSP1	19018
ENSG00000284874.1	19019
ENSG00000284895.1	19020
ENSG00000284906.3	19021
EEF1AKMT4-ECE2	19022
LRTOMT	19023
ENSG00000284931.1	19024
ENSG00000284934.2	19025
ENSG00000284946.1	19026
ENSG00000284952.1	19027
ENSG00000284969.1	19028
ENSG00000284976.2	19029
UPK3BL2	19030
ENSG00000284987.1	19031
ENSG00000284989.1	19032
ENSG00000285000.1	19033
OOSP4A	19034
ENSG00000285043.3	19035
ENSG00000285053.1	19036
ENSG00000285064.2	19037
ARHGAP11B	19038
ENSG00000285082.3	19039
ENSG00000285085.1	19040
ENSG00000285130.2	19041
ENSG00000285133.1	19042
ENSG00000285171.1	19043
ENSG00000285188.1	19044
ENSG00000285218.1	19045
OOSP3	19046
ENSG00000285245.1	19047
ENSG00000285253.1	19048
ENSG00000285269.2	19049
ENSG00000285283.1	19050
ABCF2-H2BK1	19051
ENSG00000285304.1	19052
ENSG00000285329.1	19053
ENSG00000285330.1	19054
ENSG00000285382.1	19055
ENSG00000285404.1	19056
POLR2J3_ENSG00000285437	19057
ENSG00000285444.1	19058
ENSG00000285446.1	19059
ENSG00000285458.1	19060
ENSG00000285471.1	19061
OR4M2-OT1	19062
H2BK1	19063
ENSG00000285505.1	19064
MKKS_ENSG00000285508	19065
TBCEL-TECTA	19066
ACTL10	19067
C8orf44-SGK3	19068
F8A1	19069
PRRC2B	19070
TSTD3	19071
GSTT2	19072
MCTS2	19073
HMGB1P1	19074
GNG5B	19075
SIGLEC16	19076
FAM183BP	19077
PKD1L2	19078
ENSG00000173867.10	19079
OR10AC1	19080
SPATA31C2	19081
OR56B2P	19082
OR52P1	19083
WASH6P_ENSG00000182484	19084
SPDYE12	19085
ZNF840P	19086
SPDYE17	19087
POTEA	19088
FAM90A27P	19089
GGTA1	19090
CASP12	19091
NAT8B	19092
SPDYE18	19093
CYP2D7	19094
SMIM45	19095
DEFB109C	19096
DEFB109B	19097
AKR7L	19098
ZC3H11C	19099
ENSG00000215156.5	19100
CDC14C	19101
TRIM51G	19102
KIR2DS4	19103
TDGF1P3	19104
ZKSCAN8P1	19105
MROH5	19106
OR2T7	19107
OR9H1P	19108
H2AL3	19109
SPATA31C1	19110
SPDYE21	19111
RBBP8P1	19112
ENSG00000230707.3	19113
AK4P3	19114
ENSG00000233974.3	19115
RAMACL	19116
OR9A1P	19117
FOXO3B	19118
GMCL2	19119
FCGR2C	19120
GBA3	19121
ENSG00000250138.4	19122
METTL21EP	19123
PTTG1IP2	19124
OR12D1	19125
DEFB109D	19126
OR8G3P	19127
SFTA3_ENSG00000257520	19128
TPRX2	19129
GREP1	19130
SPDYE9	19131
AKR1C8	19132
PNLIPRP2	19133
ENSG00000269825.3	19134
NBPF8	19135
ENSG00000272980.5	19136
H3-7	19137
ENSG00000273345.6	19138
SPDYE8	19139
SPDYE10	19140
SPDYE11	19141
UBE2NL	19142
PWWP4	19143
RHOXF1P3	19144
ENSG00000283128.3	19145
TUBA3FP	19146
CD300H	19147
ENSG00000285629.1	19148
NOTCH2NLB	19149
ENSG00000285779.1	19150
ENSG00000285641.1	19151
ENSG00000285777.1	19152
ENSG00000286015.1	19153
NOTCH2NLR	19154
NOTCH2NLC	19155
ENSG00000286185.1	19156
ENSG00000286231.1	19157
ENSG00000285932.1	19158
ENSG00000286264.2	19159
ENSG00000285816.1	19160
ENSG00000285827.1	19161
ENSG00000285854.1	19162
ENSG00000285528.1	19163
ENSG00000285625.1	19164
ENSG00000285901.2	19165
ENSG00000285566.2	19166
ENSG00000285942.1	19167
ENSG00000285920.2	19168
DERPC	19169
ENSG00000286221.1	19170
ENSG00000286190.2	19171
ENSG00000285947.1	19172
ENSG00000286007.1	19173
ENSG00000285589.1	19174
ENSG00000286098.1	19175
ENSG00000286132.1	19176
ENSG00000286239.1	19177
ENSG00000285542.1	19178
ASDURF	19179
ENSG00000286165.1	19180
SPEGNB	19181
ENSG00000286022.1	19182
ENSG00000286235.1	19183
GET1-SH3BGR	19184
ENSG00000286070.2	19185
ENSG00000285708.1	19186
ENSG00000285635.1	19187
ENSG00000285943.1	19188
ENSG00000285749.3	19189
ENSG00000285585.1	19190
ENSG00000285558.1	19191
ENSG00000285713.1	19192
ENSG00000285868.1	19193
MSANTD5	19194
ENSG00000286001.1	19195
ENSG00000285991.1	19196
ENSG00000285733.1	19197
ENSG00000285976.2	19198
ENSG00000286192.1	19199
ENSG00000285772.1	19200
ENSG00000285953.2	19201
ENSG00000285880.1	19202
ENSG00000285982.1	19203
ENSG00000285655.1	19204
ENSG00000285791.1	19205
ENSG00000285645.1	19206
ENSG00000286112.1	19207
ENSG00000285547.1	19208
ENSG00000286268.1	19209
ARMCX5-GPRASP2_ENSG00000286237	19210
NPBWR1	19211
F8A2	19212
H3C2	19213
H3C3	19214
SMIM40	19215
GUCA1ANB	19216
ENSG00000287839.2	19217
PANO1	19218
ENSG00000287694.1	19219
ENSG00000288520.1	19220
ENSG00000288529.1	19221
ENSG00000288635.1	19222
ENSG00000288645.1	19223
ENSG00000285117.1	19224
ENSG00000286905.1	19225
ENSG00000288208.1	19226
ENSG00000287908.1	19227
ENSG00000288643.1	19228
ENSG00000285837.1	19229
ENSG00000287856.1	19230
ENSG00000288681.1	19231
ENSG00000287725.2	19232
ENSG00000288000.1	19233
HERC3_ENSG00000287542	19234
ENSG00000288637.1	19235
DUS4L-BCAP29	19236
ENSG00000288684.1	19237
